0,1460,22.54772885092375,Strada Provinciale 31 Cucigliana Lorenzana,secondary
1,123,49.827086558249164,Strada Provinciale 31 Cucigliana Lorenzana,secondary
1,754,17.55951887415112,Strada Provinciale 31 Cucigliana Lorenzana,secondary
2,1005,146.1694540727259,Strada Provinciale 31 Cucigliana Lorenzana,secondary
2,123,50.109561713087984,Strada Provinciale 31 Cucigliana Lorenzana,secondary
3,755,196.01328033919938,Strada Provinciale 31 Cucigliana Lorenzana,secondary
3,1980,39.309740339912935,Strada Provinciale 31 Cucigliana Lorenzana,secondary
4,5,355.5635479072658,Strada Provinciale 31 Cucigliana Lorenzana,secondary
4,755,583.5393479489138,Strada Provinciale 31 Cucigliana Lorenzana,secondary
5,427,63.433268201873325,Strada Provinciale 31 Cucigliana Lorenzana,secondary
5,4,355.5635479072658,Strada Provinciale 31 Cucigliana Lorenzana,secondary
6,7,39.06525528705772,Strada Provinciale 31 Cucigliana Lorenzana,secondary
6,427,64.32662279744146,Strada Provinciale 31 Cucigliana Lorenzana,secondary
7,19,71.57887119442641,Strada Provinciale 31 Cucigliana Lorenzana,secondary
7,6,39.06525528705772,Strada Provinciale 31 Cucigliana Lorenzana,secondary
8,9,145.91919304394472,Strada Provinciale 31 Cucigliana Lorenzana,secondary
8,17,62.06319035209196,Strada Provinciale 31 Cucigliana Lorenzana,secondary
9,756,26.293493063715054,Strada Provinciale 31 Cucigliana Lorenzana,secondary
9,8,145.91919304394472,Strada Provinciale 31 Cucigliana Lorenzana,secondary
10,11,93.2770121559698,Strada Provinciale 31 Cucigliana Lorenzana,secondary
10,1340,18.270935394495154,Strada Provinciale 31 Cucigliana Lorenzana,secondary
11,801,141.74763943353395,Strada Provinciale 31 Cucigliana Lorenzana,secondary
11,10,93.2770121559698,Strada Provinciale 31 Cucigliana Lorenzana,secondary
12,1049,30.774404234895762,Strada Provinciale 31 Cucigliana Lorenzana,secondary
12,1650,25.722967564306405,Strada Provinciale 31 Cucigliana Lorenzana,secondary
13,14,32.914414085538205,Strada Provinciale 31 Cucigliana Lorenzana,secondary
13,1336,17.017787338571967,Strada Provinciale 31 Cucigliana Lorenzana,secondary
14,1337,104.88730448454149,Strada Provinciale 31 Cucigliana Lorenzana,secondary
14,13,32.914414085538205,Strada Provinciale 31 Cucigliana Lorenzana,secondary
15,760,63.43349186191074,Strada Provinciale 31 Cucigliana Lorenzana,secondary
15,1337,65.14958333920045,Strada Provinciale 31 Cucigliana Lorenzana,secondary
16,760,246.1411168399397,Strada Provinciale 31 Cucigliana Lorenzana,secondary
17,8,62.06319035209196,Strada Provinciale 31 Cucigliana Lorenzana,secondary
17,19,31.639347876104544,Strada Provinciale 31 Cucigliana Lorenzana,secondary
18,375,97.73607350207239,Via Querciole,secondary
18,369,102.42797264191204,Via Querciole,secondary
19,941,13.663852197691655,Strada Provinciale 35 delle colline di Lari,secondary
19,17,31.639347876104544,Strada Provinciale 31 Cucigliana Lorenzana,secondary
19,7,71.57887119442641,Strada Provinciale 31 Cucigliana Lorenzana,secondary
19,1338,20.71264929122282,Via Querciole,secondary
20,224,188.91346338889966,Via Botra,secondary
20,1491,76.20201417931027,Via Botra,secondary
21,212,130.58904994351133,Via Botra,secondary
21,1172,57.14737711142306,Via Botra,secondary
22,1171,41.388879013440125,Via Botra,secondary
22,212,104.66304660003402,Via Botra,secondary
23,1168,76.84740628336158,Via Botra,secondary
23,1550,13.311996279235986,Via Botra,secondary
24,1166,31.02787211172607,Via Botra,secondary
24,1489,30.550023838935186,Via Botra,secondary
25,26,86.29317359493386,Via Botra,secondary
25,1165,37.109374383660445,Via Botra,secondary
26,27,141.36669685734157,Via Botra,secondary
26,25,86.29317359493386,Via Botra,secondary
27,1164,29.9112252233214,Via Botra,secondary
27,26,141.36669685734157,Via Botra,secondary
28,1645,45.014551566447686,Via Sorbo,secondary
28,1162,6.056012057098765,Via Sorbo,secondary
29,30,35.020247409853454,Via Sorbo,secondary
29,1644,35.389865571775296,Via Sorbo,secondary
30,1158,9.347366567656461,Via Sorbo,secondary
30,29,35.020247409853454,Via Sorbo,secondary
31,32,96.66106895794623,Via Sorbo,secondary
31,1159,13.331628012268892,Via Sorbo,secondary
32,1157,11.994967328600314,Via Sorbo,secondary
32,31,96.66106895794623,Via Sorbo,secondary
33,1156,6.641370163174283,Via Sorbo,secondary
33,1157,7.303089299863265,Via Sorbo,secondary
34,35,49.734745216044274,Via Sorbo,secondary
34,472,14.989103864401658,Via Sorbo,secondary
35,1152,10.004466144857494,Via Sorbo,secondary
35,34,49.734745216044274,Via Sorbo,secondary
36,1154,6.68739296492558,Via Sorbo,secondary
36,1152,7.428310507998801,Via Sorbo,secondary
37,1151,37.33697966421343,Via Sorbo,secondary
37,306,87.3473989875547,Via Sorbo,secondary
38,1148,31.264632860564085,Via Sorbo,secondary
38,1149,14.228389662845006,Via Sorbo,secondary
39,1147,54.04976213352585,Via Sorbo,secondary
39,1148,63.92386873382298,Via Sorbo,secondary
40,1146,24.360178730252812,Via Sorbo,secondary
40,473,13.579888995540074,Via Sorbo,secondary
41,1144,26.00049219123562,Via Sorbo,secondary
41,1145,26.190161980526167,Via Sorbo,secondary
42,863,87.90914151968941,Via Sorbo,secondary
42,909,58.95729427950937,Via Sorbo,secondary
43,1142,39.898393162102025,Via Sorbo,secondary
43,863,63.82418544389353,Via Sorbo,secondary
44,271,27.235011339019405,Via Sorbo,secondary
44,1143,8.608644420530657,Via Sorbo,secondary
45,820,73.97518942585003,Via Sorbo,secondary
45,793,18.658341010289842,Via Sorbo,secondary
46,471,16.816805162880108,Via Sorbo,secondary
46,820,8.112696063941536,Via Sorbo,secondary
47,279,53.89070271440453,Corso della Repubblica,tertiary
47,48,39.80157170114267,Via Querciole,secondary
47,1188,12.905455678920868,Via Sorbo,secondary
48,1175,34.524130611281734,Via Querciole,secondary
48,47,39.80157170114267,Via Querciole,secondary
49,1968,22.67196952333315,Via Querciole,secondary
49,1177,23.71672140112773,Via Querciole,secondary
50,778,72.21960817224465,Via Querciole,secondary
50,1968,92.44716715335859,Via Querciole,secondary
51,1992,258.96846368583806,Via Querciole,secondary
51,1178,16.668049550228183,Via Querciole,secondary
52,786,66.87565595481598,Via Querciole,secondary
52,1992,24.97286107429667,Via Querciole,secondary
53,1266,21.08548194587523,Via Querciole,secondary
53,1267,15.282742353511454,Via Querciole,secondary
54,1264,10.474811139334697,Via Querciole,secondary
54,1265,10.823241080257512,Via Querciole,secondary
55,825,35.69533117248055,Via Querciole,secondary
55,1263,17.839637990456133,Via Querciole,secondary
56,1259,18.546327172317877,Via Querciole,secondary
56,825,36.30716831950364,Via Querciole,secondary
57,1260,24.621003930872284,Via Querciole,secondary
57,1259,31.351814334284143,Via Querciole,secondary
58,371,55.06892365757604,Via Querciole,secondary
58,349,18.748567953469742,Via Querciole,secondary
59,1256,20.290822005539027,Via Querciole,secondary
59,371,57.80642378915819,Via Querciole,secondary
60,1649,37.90404750241436,Via Querciole,secondary
60,1258,24.342739573519133,Via Querciole,secondary
61,369,88.31743704986881,Via Querciole,secondary
61,370,42.85515504229229,Via Querciole,secondary
62,235,22.00043838561684,Via Guglielmo Marconi,secondary
62,1287,20.906496603203838,Via Guglielmo Marconi,secondary
63,1366,112.88987091831319,Via Guglielmo Marconi,secondary
63,235,13.347429574587778,Via Guglielmo Marconi,secondary
64,1359,30.841066505486406,Via Guglielmo Marconi,secondary
64,1357,12.240700416675441,Via Guglielmo Marconi,secondary
65,1354,49.16675143587001,Via Guglielmo Marconi,secondary
65,1367,17.298555328537603,Strada Provinciale 21 del Piano della Tora,secondary
66,723,85.88171183897914,Via di Conella,residential
66,67,5.196034391832627,Via Fondo la Grotta,secondary
66,998,27.601951372943265,Via Fondo la Grotta,secondary
67,68,9.62640383319227,Via Fondo la Grotta,secondary
67,66,5.196034391832627,Via Fondo la Grotta,secondary
68,69,33.84442867505867,Via Fondo la Grotta,secondary
68,67,9.62640383319227,Via Fondo la Grotta,secondary
69,1859,9.081030374949385,Via Fondo la Grotta,secondary
69,68,33.84442867505867,Via Fondo la Grotta,secondary
70,71,17.91820359611802,Via Fondo la Grotta,secondary
70,1859,7.703975264094444,Via Fondo la Grotta,secondary
71,1757,6.751192674018664,Via Fondo la Grotta,secondary
71,70,17.91820359611802,Via Fondo la Grotta,secondary
72,1860,18.821964383523856,Via Fondo la Grotta,secondary
72,1757,129.32738847605177,Via Fondo la Grotta,secondary
73,1861,8.34106628975379,Via Fondo la Grotta,secondary
73,1860,13.25715422411144,Via Fondo la Grotta,secondary
74,1863,10.4147994124435,Via Fondo la Grotta,secondary
74,1862,14.266313093411037,Via Fondo la Grotta,secondary
75,76,113.32849033578353,Via Fondo la Grotta,secondary
75,1863,27.468406919594628,Via Fondo la Grotta,secondary
76,1866,88.33496624494461,Via Fondo la Grotta,secondary
76,75,113.32849033578353,Via Fondo la Grotta,secondary
77,78,33.49939714498532,Via Fondo la Grotta,secondary
77,1866,22.741722369658888,Via Fondo la Grotta,secondary
78,79,79.11656597087182,Via Fondo la Grotta,secondary
78,77,33.49939714498532,Via Fondo la Grotta,secondary
79,80,108.65453317405174,Via Fondo la Grotta,secondary
79,78,79.11656597087182,Via Fondo la Grotta,secondary
80,81,24.16435861826388,Via Fondo la Grotta,secondary
80,79,108.65453317405174,Via Fondo la Grotta,secondary
81,1865,12.600497044774459,Via Fondo la Grotta,secondary
81,80,24.16435861826388,Via Fondo la Grotta,secondary
82,83,87.87680199879543,Via Fondo la Grotta,secondary
82,1865,12.53617007257884,Via Fondo la Grotta,secondary
83,1756,33.17800937921153,Via Fondo la Grotta,secondary
83,82,87.87680199879543,Via Fondo la Grotta,secondary
83,1864,5.055320593826028,Via Comunale,tertiary
84,85,13.305234262235267,Via Fondo la Grotta,secondary
84,1760,4.785095540341347,Via Fondo la Grotta,secondary
85,613,11.177754802665724,Via Fondo la Grotta,secondary
85,84,13.305234262235267,Via Fondo la Grotta,secondary
86,87,9.942276248109863,Via Fondo la Grotta,secondary
86,1431,4.488154304943946,Via Fondo la Grotta,secondary
87,88,13.766390445119752,Via Fondo la Grotta,secondary
87,86,9.942276248109863,Via Fondo la Grotta,secondary
88,89,30.294961934825665,Via Fondo la Grotta,secondary
88,87,13.766390445119752,Via Fondo la Grotta,secondary
89,90,23.712906807673725,Via Fondo la Grotta,secondary
89,88,30.294961934825665,Via Fondo la Grotta,secondary
90,91,33.879784177062305,Via Fondo la Grotta,secondary
90,89,23.712906807673725,Via Fondo la Grotta,secondary
91,92,17.403892514261873,Via Fondo la Grotta,secondary
91,90,33.879784177062305,Via Fondo la Grotta,secondary
92,93,54.19098608153316,Via Fondo la Grotta,secondary
92,91,17.403892514261873,Via Fondo la Grotta,secondary
93,1429,32.26148354941944,Via Fondo la Grotta,secondary
93,92,54.19098608153316,Via Fondo la Grotta,secondary
94,95,50.23117549759253,Strada Provinciale 21 del Piano della Tora,secondary
94,1086,22.871582094421733,Via Postignano Prima,residential
94,1429,50.539407695489125,Via Fondo la Grotta,secondary
95,96,40.85733538046132,Strada Provinciale 21 del Piano della Tora,secondary
95,94,50.23117549759253,Strada Provinciale 21 del Piano della Tora,secondary
96,97,105.33281920460645,Strada Provinciale 21 del Piano della Tora,secondary
96,95,40.85733538046132,Strada Provinciale 21 del Piano della Tora,secondary
97,98,56.81660151966196,Strada Provinciale 21 del Piano della Tora,secondary
97,96,105.33281920460645,Strada Provinciale 21 del Piano della Tora,secondary
98,99,34.71079183385893,Strada Provinciale 21 del Piano della Tora,secondary
98,97,56.81660151966196,Strada Provinciale 21 del Piano della Tora,secondary
99,100,219.9953795979555,Strada Provinciale 21 del Piano della Tora,secondary
99,98,34.71079183385893,Strada Provinciale 21 del Piano della Tora,secondary
100,1428,13.163424906029176,Strada Provinciale 21 del Piano della Tora,secondary
100,99,219.9953795979555,Strada Provinciale 21 del Piano della Tora,secondary
101,102,17.818178005183867,Strada Provinciale 21 del Piano della Tora,secondary
101,1428,5.22236163575971,Strada Provinciale 21 del Piano della Tora,secondary
102,103,18.045474417920378,Strada Provinciale 21 del Piano della Tora,secondary
102,101,17.818178005183867,Strada Provinciale 21 del Piano della Tora,secondary
103,104,18.090641714608307,Strada Provinciale 21 del Piano della Tora,secondary
103,102,18.045474417920378,Strada Provinciale 21 del Piano della Tora,secondary
104,1329,16.098635199475154,Strada Provinciale 21 del Piano della Tora,secondary
104,103,18.090641714608307,Strada Provinciale 21 del Piano della Tora,secondary
105,106,187.4105818418275,Strada Provinciale 21 del Piano della Tora,secondary
105,1329,18.382093443593853,Strada Provinciale 21 del Piano della Tora,secondary
106,107,37.2641888846048,Strada Provinciale 21 del Piano della Tora,secondary
106,105,187.4105818418275,Strada Provinciale 21 del Piano della Tora,secondary
107,108,15.901208555172216,Strada Provinciale 21 del Piano della Tora,secondary
107,106,37.2641888846048,Strada Provinciale 21 del Piano della Tora,secondary
108,109,12.990121864546659,Strada Provinciale 21 del Piano della Tora,secondary
108,107,15.901208555172216,Strada Provinciale 21 del Piano della Tora,secondary
109,1330,8.792186208326621,Strada Provinciale 21 del Piano della Tora,secondary
109,108,12.990121864546659,Strada Provinciale 21 del Piano della Tora,secondary
110,1331,12.660354447165796,Strada Provinciale 21 del Piano della Tora,secondary
110,1330,9.485294860686308,Strada Provinciale 21 del Piano della Tora,secondary
111,112,17.455745146375694,Strada Provinciale 21 del Piano della Tora,secondary
111,1331,9.47498270161956,Strada Provinciale 21 del Piano della Tora,secondary
112,113,50.22614776296073,Strada Provinciale 21 del Piano della Tora,secondary
112,111,17.455745146375694,Strada Provinciale 21 del Piano della Tora,secondary
113,114,39.22751342877543,Strada Provinciale 21 del Piano della Tora,secondary
113,112,50.22614776296073,Strada Provinciale 21 del Piano della Tora,secondary
114,115,45.49112197190838,Strada Provinciale 21 del Piano della Tora,secondary
114,113,39.22751342877543,Strada Provinciale 21 del Piano della Tora,secondary
115,997,76.90133876708104,Strada Provinciale 21 del Piano della Tora,secondary
115,114,45.49112197190838,Strada Provinciale 21 del Piano della Tora,secondary
116,117,20.748126894827678,Strada Provinciale 21 del Piano della Tora,secondary
116,1087,34.161312859603186,Strada Provinciale 21 del Piano della Tora,secondary
117,1332,3.824040724225016,Strada Provinciale 21 del Piano della Tora,secondary
117,116,20.748126894827678,Strada Provinciale 21 del Piano della Tora,secondary
118,1333,3.596815685841577,Strada Provinciale 21 del Piano della Tora,secondary
118,1334,4.648854284483213,Strada Provinciale 21 del Piano della Tora,secondary
119,120,29.123159742782583,Strada Provinciale 21 del Piano della Tora,secondary
119,1335,5.653859451810037,Strada Provinciale 21 del Piano della Tora,secondary
120,1868,47.647163609689294,Strada Provinciale 21 del Piano della Tora,secondary
120,119,29.123159742782583,Strada Provinciale 21 del Piano della Tora,secondary
121,1868,20.238361945231937,Strada Provinciale 21 del Piano della Tora,secondary
122,754,68.29708485695502,Strada Provinciale 31 Cucigliana Lorenzana,secondary
122,1460,66.46398038076394,Strada Provinciale 31 Cucigliana Lorenzana,secondary
123,2,50.109561713087984,Strada Provinciale 31 Cucigliana Lorenzana,secondary
123,1,49.827086558249164,Strada Provinciale 31 Cucigliana Lorenzana,secondary
124,164,90.12593553575569,Strada Provinciale delle Colline per Livorno,secondary
124,125,16.917308784289997,Via La Leccia,secondary
125,126,11.112964688876637,Via La Leccia,secondary
125,124,16.917308784289997,Via La Leccia,secondary
126,127,16.449017160904557,Via La Leccia,secondary
126,125,11.112964688876637,Via La Leccia,secondary
127,162,27.268168871256954,Via La Leccia,secondary
127,126,16.449017160904557,Via La Leccia,secondary
128,129,113.48293655819603,Via La Leccia,secondary
128,163,25.4335104546505,Via La Leccia,secondary
129,745,41.56648544198206,Via La Leccia,secondary
129,128,113.48293655819603,Via La Leccia,secondary
130,131,16.599372711979616,Via La Leccia,secondary
130,745,21.19177256297441,Via La Leccia,secondary
131,132,15.349369064192496,Via La Leccia,secondary
131,130,16.599372711979616,Via La Leccia,secondary
132,161,29.71746748805166,Via La Leccia,secondary
132,131,15.349369064192496,Via La Leccia,secondary
133,160,16.23638710713952,Via La Leccia,secondary
133,161,32.0720877099753,Via La Leccia,secondary
134,1092,15.072320323296871,Via La Leccia,secondary
134,160,15.703692216365575,Via La Leccia,secondary
135,1496,33.20689130119373,Via La Leccia,secondary
135,749,14.356606351410598,Via La Leccia,secondary
136,155,13.851395431737323,Via La Leccia,secondary
136,1496,38.99783809749629,Via La Leccia,secondary
137,156,13.418613991193693,Via La Leccia,secondary
137,155,13.720593572532652,Via La Leccia,secondary
138,1497,122.4507558250037,Via La Leccia,secondary
138,156,16.40966827439479,Via La Leccia,secondary
139,422,11.957549671648833,Via La Leccia,secondary
139,154,23.83046342633435,Via La Leccia,secondary
140,141,17.493379686925785,Via La Leccia,secondary
140,1848,73.82516372498931,Via La Leccia,secondary
141,142,15.488980665029247,Via La Leccia,secondary
141,140,17.493379686925785,Via La Leccia,secondary
142,143,15.77095352923135,Via La Leccia,secondary
142,141,15.488980665029247,Via La Leccia,secondary
143,1091,8.556926320473034,Via La Leccia,secondary
143,142,15.77095352923135,Via La Leccia,secondary
144,1573,138.60586379349584,Via La Leccia,secondary
144,149,49.81510886570657,Via La Leccia,secondary
145,147,45.13820922944943,Via La Leccia,secondary
145,1573,9.313571001397042,Via La Leccia,secondary
146,150,110.0381265182262,Via La Leccia,secondary
146,1090,17.349695364802738,Via La Leccia,secondary
147,1090,14.018459698025099,Via La Leccia,secondary
147,145,45.13820922944943,Via La Leccia,secondary
148,149,32.90467951953126,Via La Leccia,secondary
148,1091,9.86896824665468,Via La Leccia,secondary
149,144,49.81510886570657,Via La Leccia,secondary
149,148,32.90467951953126,Via La Leccia,secondary
150,1642,27.254182422042245,Via La Leccia,secondary
150,146,110.0381265182262,Via La Leccia,secondary
151,152,32.415957560247996,Via La Leccia,secondary
151,157,153.78371504418138,Via La Leccia,secondary
152,153,20.532975140965657,Via La Leccia,secondary
152,151,32.415957560247996,Via La Leccia,secondary
153,154,19.494522707533246,Via La Leccia,secondary
153,152,20.532975140965657,Via La Leccia,secondary
154,139,23.83046342633435,Via La Leccia,secondary
154,153,19.494522707533246,Via La Leccia,secondary
155,137,13.720593572532652,Via La Leccia,secondary
155,136,13.851395431737323,Via La Leccia,secondary
156,138,16.40966827439479,Via La Leccia,secondary
156,137,13.418613991193693,Via La Leccia,secondary
157,151,153.78371504418138,Via La Leccia,secondary
157,1497,30.596326632691756,Via La Leccia,secondary
158,749,33.39058267996131,Via La Leccia,secondary
158,159,35.64578680877485,Via La Leccia,secondary
159,158,35.64578680877485,Via La Leccia,secondary
159,1092,15.351754990603602,Via La Leccia,secondary
160,134,15.703692216365575,Via La Leccia,secondary
160,133,16.23638710713952,Via La Leccia,secondary
161,133,32.0720877099753,Via La Leccia,secondary
161,132,29.71746748805166,Via La Leccia,secondary
162,163,19.45516577903865,Via La Leccia,secondary
162,127,27.268168871256954,Via La Leccia,secondary
163,128,25.4335104546505,Via La Leccia,secondary
163,162,19.45516577903865,Via La Leccia,secondary
164,124,90.12593553575569,Strada Provinciale delle Colline per Livorno,secondary
164,1641,8.86372167080095,Strada Provinciale delle Colline per Livorno,secondary
165,166,18.61183187962668,Via dei Poggetti,tertiary
166,996,78.03741635220725,Via dei Poggetti,tertiary
166,165,18.61183187962668,Via dei Poggetti,tertiary
167,168,41.65266818428907,Via dei Poggetti,tertiary
167,996,51.55593752576394,Via dei Poggetti,tertiary
168,995,15.280740313306879,Via dei Poggetti,tertiary
168,167,41.65266818428907,Via dei Poggetti,tertiary
169,170,54.99705721000524,Via dei Poggetti,tertiary
169,1840,10.712408608776675,Via dei Poggetti,tertiary
170,171,32.68043541943436,Via dei Poggetti,tertiary
170,169,54.99705721000524,Via dei Poggetti,tertiary
171,993,23.653461540033405,Via dei Poggetti,tertiary
171,170,32.68043541943436,Via dei Poggetti,tertiary
172,173,23.065660470188135,Via dei Poggetti,tertiary
172,993,85.63716041633168,Via dei Poggetti,tertiary
173,992,20.869547162691404,Via dei Poggetti,tertiary
173,172,23.065660470188135,Via dei Poggetti,tertiary
174,175,42.07526134916115,Via dei Poggetti,tertiary
174,992,65.67907905810354,Via dei Poggetti,tertiary
175,1774,7.476161825534878,Via dei Poggetti,tertiary
175,174,42.07526134916115,Via dei Poggetti,tertiary
176,1775,7.44461289407021,Via dei Poggetti,tertiary
176,1773,4.722482963533957,Via dei Poggetti,tertiary
177,1770,10.909612641499475,Via dei Poggetti,tertiary
177,990,29.536872058217654,Via dei Poggetti,tertiary
177,1771,19.547271886284737,Via dei Poggetti,unclassified
178,1769,10.558416656520462,Via dei Poggetti,tertiary
178,1770,11.63458015478927,Via dei Poggetti,tertiary
179,180,14.604705566336557,Via dei Poggetti,unclassified
179,1768,6.166045609150853,Via dei Poggetti,unclassified
180,989,26.948657900152885,Via dei Poggetti,unclassified
180,179,14.604705566336557,Via dei Poggetti,unclassified
181,987,19.069992579323078,Via dei Poggetti,unclassified
181,988,25.73101563242105,Via dei Poggetti,unclassified
182,183,38.01564631193334,Via dei Poggetti,unclassified
182,987,21.584194770550166,Via dei Poggetti,unclassified
183,184,33.29573628970156,Via dei Poggetti,unclassified
183,182,38.01564631193334,Via dei Poggetti,unclassified
184,185,37.69326822958591,Via dei Poggetti,unclassified
184,183,33.29573628970156,Via dei Poggetti,unclassified
185,978,13.631975250157037,Via dei Poggetti,unclassified
185,184,37.69326822958591,Via dei Poggetti,unclassified
186,187,15.669867786141678,Via dei Poggetti,unclassified
186,978,13.608222624754166,Via dei Poggetti,unclassified
187,188,40.90847262466449,Via dei Poggetti,unclassified
187,186,15.669867786141678,Via dei Poggetti,unclassified
188,189,24.317255810469124,Via dei Poggetti,unclassified
188,187,40.90847262466449,Via dei Poggetti,unclassified
189,190,30.612443336519476,Via dei Poggetti,unclassified
189,188,24.317255810469124,Via dei Poggetti,unclassified
190,191,19.435144594971042,Via dei Poggetti,unclassified
190,189,30.612443336519476,Via dei Poggetti,unclassified
191,976,17.016035407176965,Via dei Poggetti,unclassified
191,190,19.435144594971042,Via dei Poggetti,unclassified
192,193,13.846712992186188,Via dei Poggetti,unclassified
192,976,18.070539550051368,Via dei Poggetti,unclassified
193,194,13.86348298862405,Via dei Poggetti,unclassified
193,192,13.846712992186188,Via dei Poggetti,unclassified
194,974,8.276977575164423,Via dei Poggetti,unclassified
194,193,13.86348298862405,Via dei Poggetti,unclassified
195,196,26.086348571710243,Via dei Poggetti,unclassified
195,974,8.509792608449201,Via dei Poggetti,unclassified
196,197,12.77671322247958,Via dei Poggetti,unclassified
196,195,26.086348571710243,Via dei Poggetti,unclassified
197,198,33.76699437328098,Via dei Poggetti,unclassified
197,196,12.77671322247958,Via dei Poggetti,unclassified
198,973,10.116234722861105,Via dei Poggetti,unclassified
198,197,33.76699437328098,Via dei Poggetti,unclassified
199,1512,8.775424144119931,Via dei Poggetti,unclassified
199,973,9.432208361969993,Via dei Poggetti,unclassified
200,201,8.348848984206152,Via dei Poggetti,unclassified
200,1512,12.38047767305,Via dei Poggetti,unclassified
201,202,8.876103319205495,Via dei Poggetti,unclassified
201,200,8.348848984206152,Via dei Poggetti,unclassified
202,203,30.48276530309884,Via dei Poggetti,unclassified
202,201,8.876103319205495,Via dei Poggetti,unclassified
203,204,112.22636020099048,Via dei Poggetti,unclassified
203,202,30.48276530309884,Via dei Poggetti,unclassified
204,1994,6.268979471112151,Via delle Fornacelle,residential
204,203,112.22636020099048,Via dei Poggetti,unclassified
205,206,70.66610333238474,Via Pantane,unclassified
206,207,23.851345459073254,Via Pantane,unclassified
206,205,70.66610333238474,Via Pantane,unclassified
207,208,60.563365163315076,Via Pantane,unclassified
207,206,23.851345459073254,Via Pantane,unclassified
208,207,60.563365163315076,Via Pantane,unclassified
208,896,23.24486282542793,Unnamed,unclassified
208,426,95.84411199263718,Via Pantane,unclassified
209,210,70.74698280441001,Via Poggio alla Farnia,tertiary
209,1118,24.772515815510516,Via Poggio alla Farnia,tertiary
210,1117,22.59384737873086,Via Poggio alla Farnia,tertiary
210,209,70.74698280441001,Via Poggio alla Farnia,tertiary
211,214,36.92081700943647,Via Poggio alla Farnia,tertiary
211,1117,19.75694738037411,Via Poggio alla Farnia,tertiary
212,22,104.66304660003402,Via Botra,secondary
212,21,130.58904994351133,Via Botra,secondary
213,1491,46.52349550821923,Via Botra,secondary
214,215,54.854767418249736,Via Poggio alla Farnia,tertiary
214,211,36.92081700943647,Via Poggio alla Farnia,tertiary
215,216,45.84489933600354,Via Poggio alla Farnia,tertiary
215,214,54.854767418249736,Via Poggio alla Farnia,tertiary
216,1116,45.68281083444096,Via Poggio alla Farnia,tertiary
216,215,45.84489933600354,Via Poggio alla Farnia,tertiary
217,1115,14.5763807057066,Via Poggio alla Farnia,tertiary
217,1116,11.507480148636565,Via Poggio alla Farnia,tertiary
218,1492,72.82328724033648,Via Poggio alla Farnia,tertiary
218,1115,21.07495513353964,Via Poggio alla Farnia,tertiary
219,220,76.25163965546199,Via Poggio alla Farnia,tertiary
219,1492,50.59929501911919,Via Poggio alla Farnia,tertiary
220,221,93.28741344774302,Via Poggio alla Farnia,tertiary
220,219,76.25163965546199,Via Poggio alla Farnia,tertiary
221,222,99.4373573349381,Via Poggio alla Farnia,tertiary
221,220,93.28741344774302,Via Poggio alla Farnia,tertiary
222,223,69.97820631156128,Via Poggio alla Farnia,tertiary
222,221,99.4373573349381,Via Poggio alla Farnia,tertiary
223,1114,83.15111125579543,Via Poggio alla Farnia,tertiary
223,222,69.97820631156128,Via Poggio alla Farnia,tertiary
224,1553,119.45483625866319,Via Botra,secondary
224,20,188.91346338889966,Via Botra,secondary
225,226,67.72899035768818,Via Poggio alla Farnia,tertiary
225,1113,38.778004874625566,Via Poggio alla Farnia,tertiary
226,227,69.9370530631619,Via Poggio alla Farnia,tertiary
226,225,67.72899035768818,Via Poggio alla Farnia,tertiary
227,1919,10.309933929648327,Via Poggio alla Farnia,tertiary
227,226,69.9370530631619,Via Poggio alla Farnia,tertiary
228,1111,38.872326384233375,Via Poggio alla Farnia,tertiary
228,1112,42.23272906297455,Via Poggio alla Farnia,tertiary
229,1885,43.3643884824008,Via Poggio alla Farnia,tertiary
229,1111,75.29351866364703,Via Poggio alla Farnia,tertiary
230,1875,9.461336709772096,Via Poggio alla Farnia,tertiary
230,1890,7.3042914819962395,Via Poggio alla Farnia,tertiary
231,1493,18.43676873239216,Via Poggio alla Farnia,tertiary
231,1887,14.318834614949283,Via Poggio alla Farnia,tertiary
232,1882,9.799004029728998,Via Poggio alla Farnia,tertiary
232,1877,8.685877041372422,Via Poggio alla Farnia,tertiary
233,238,23.401050356299738,Via Valleregli,tertiary
233,234,111.72238409773533,Via Valleregli,tertiary
234,1918,22.08483327656972,Via Valleregli,tertiary
234,233,111.72238409773533,Via Valleregli,tertiary
235,63,13.347429574587778,Via Guglielmo Marconi,secondary
235,62,22.00043838561684,Via Guglielmo Marconi,secondary
235,1918,5.142898818556175,Via Valleregli,tertiary
236,457,16.937250899370373,Via Valleregli,tertiary
236,1052,9.085505247902127,Via Valleregli,tertiary
237,1423,37.0346560730733,Via Valleregli,tertiary
237,457,122.93682454015408,Via Valleregli,tertiary
238,233,23.401050356299738,Via Valleregli,tertiary
238,1050,17.860628036513305,Via Valleregli,tertiary
239,1647,20.56921187471655,Via Valleregli,tertiary
239,656,19.920170215988577,Via Valleregli,tertiary
240,1282,57.35918504943683,Via Valleregli,tertiary
240,1281,72.95910634483657,Via Valleregli,tertiary
241,242,101.17618442655103,Via Valleregli,tertiary
241,1395,20.213980535414226,Via Valleregli,tertiary
242,1458,48.07521754901438,Via Valleregli,tertiary
242,241,101.17618442655103,Via Valleregli,tertiary
243,244,19.9950009630715,Via Valleregli,tertiary
243,1458,57.54839819954314,Via Valleregli,tertiary
244,1283,19.89201380510142,Via Valleregli,tertiary
244,243,19.9950009630715,Via Valleregli,tertiary
245,1646,13.394065970568551,Via Valleregli,tertiary
245,1284,11.42471833179985,Via Valleregli,tertiary
246,247,74.33959795304617,Via Valleregli,tertiary
246,1285,34.482550429552134,Via Valleregli,tertiary
247,1286,32.849952882622595,Via Valleregli,tertiary
247,246,74.33959795304617,Via Valleregli,tertiary
248,1052,23.671347738825908,Via Valleregli,tertiary
248,1286,66.13644281056952,Via Valleregli,tertiary
249,250,66.87153014533646,Via Valleregli,tertiary
249,270,62.13476905852323,Via Valleregli,tertiary
250,251,18.778369942308153,Via Valleregli,tertiary
250,249,66.87153014533646,Via Valleregli,tertiary
251,1271,11.820213160251422,Via Valleregli,tertiary
251,250,18.778369942308153,Via Valleregli,tertiary
252,1273,12.62590588398757,Via Valleregli,tertiary
252,1272,17.085647088946146,Via Valleregli,tertiary
253,1274,13.879860462092273,Via Valleregli,tertiary
253,1273,10.199136024656221,Via Valleregli,tertiary
254,1275,13.523987894436397,Via Valleregli,tertiary
254,1276,11.678906440244557,Via Valleregli,tertiary
255,1277,16.777241066681587,Via Valleregli,tertiary
255,1648,43.43112315446316,Via Valleregli,tertiary
256,1280,7.474943750092502,Via Valleregli,tertiary
256,1277,16.194673628228077,Via Valleregli,tertiary
257,1278,16.887988143803334,Via Valleregli,tertiary
257,1279,10.550187186001052,Via Valleregli,tertiary
258,924,24.797840382581526,Via Valleregli,tertiary
258,1278,18.058227209521593,Via Valleregli,tertiary
259,935,18.664804340914525,Via Valleregli,tertiary
259,278,48.87404044120728,Via Valleregli,tertiary
260,261,22.06922650033413,Via Valleregli,tertiary
260,935,49.653749566315504,Via Valleregli,tertiary
261,262,67.75164288919349,Via Valleregli,tertiary
261,260,22.06922650033413,Via Valleregli,tertiary
262,263,78.17412331163811,Via Valleregli,tertiary
262,261,67.75164288919349,Via Valleregli,tertiary
263,264,39.93057892739104,Via Valleregli,tertiary
263,262,78.17412331163811,Via Valleregli,tertiary
264,929,19.819017397738445,Via Valleregli,tertiary
264,263,39.93057892739104,Via Valleregli,tertiary
265,865,11.49455189404097,Via Valleregli,tertiary
265,929,10.401538545073837,Via Valleregli,tertiary
266,912,12.51141968740796,Via Valleregli,tertiary
266,865,6.134444430927706,Via Valleregli,tertiary
267,1268,11.491020745510282,Via Valleregli,tertiary
267,876,139.46711712854056,Via Valleregli,tertiary
268,1269,9.406284387733006,Via Valleregli,tertiary
268,1268,11.26513018403128,Via Valleregli,tertiary
269,1270,12.128781020228587,Via Valleregli,tertiary
269,1269,9.89461860689893,Via Valleregli,tertiary
270,249,62.13476905852323,Via Valleregli,tertiary
270,1270,14.086727340798607,Via Valleregli,tertiary
271,289,34.91790188549828,Via Casaferri,tertiary
271,292,23.690460364124814,Via Sorbo,secondary
271,44,27.235011339019405,Via Sorbo,secondary
272,1964,39.78284210658231,Corso della Repubblica,tertiary
272,1966,13.253309671627443,Corso della Repubblica,tertiary
273,274,33.47233561239449,Corso della Repubblica,tertiary
273,1962,30.944007131703316,Corso della Repubblica,tertiary
274,1841,18.422236503594124,Corso della Repubblica,tertiary
274,273,33.47233561239449,Corso della Repubblica,tertiary
274,1018,26.205189276032495,Vicolo Bocci,residential
275,1639,15.287705796222058,Corso della Repubblica,tertiary
275,1640,12.194254524358898,Via Valleregli,tertiary
275,813,23.71669936361987,Via Pontita,unclassified
276,277,64.76097198470025,Via Valleregli,tertiary
276,655,39.153565369171375,Via Valleregli,tertiary
277,1012,23.54348788107022,Via Valleregli,tertiary
277,276,64.76097198470025,Via Valleregli,tertiary
278,259,48.87404044120728,Via Valleregli,tertiary
278,1012,14.770638252383543,Via Valleregli,tertiary
279,1189,21.08625541691387,Corso della Repubblica,tertiary
279,47,53.89070271440453,Corso della Repubblica,tertiary
280,288,35.38332328057075,Corso della Repubblica,tertiary
280,1191,6.630964494962154,Corso della Repubblica,tertiary
281,1193,22.6276401069616,Corso della Repubblica,tertiary
281,1518,27.378747073174768,Corso della Repubblica,tertiary
282,283,29.29259538400448,Corso della Repubblica,tertiary
282,1519,28.76506563393456,Corso della Repubblica,tertiary
282,1290,10.857217212339947,Via Chiostra Prima,residential
283,1016,19.016007120768865,Corso della Repubblica,tertiary
283,282,29.29259538400448,Corso della Repubblica,tertiary
283,1289,11.401389745100678,Vicolo del Teatro,residential
284,1965,23.871775578404478,Corso della Repubblica,tertiary
284,1024,28.679137441360623,Corso della Repubblica,tertiary
285,286,30.436678812708998,Via Enrico Fermi,unclassified
285,1506,10.808088759334629,Via Enrico Fermi,unclassified
286,287,29.320117831199536,Via Enrico Fermi,unclassified
286,285,30.436678812708998,Via Enrico Fermi,unclassified
287,1021,23.420743951595952,Via Enrico Fermi,unclassified
287,286,29.320117831199536,Via Enrico Fermi,unclassified
288,1023,8.808986001597258,Corso della Repubblica,tertiary
288,280,35.38332328057075,Corso della Repubblica,tertiary
288,1021,48.558718691349966,Via della Colombaia,unclassified
289,290,59.51835514145436,Via Casaferri,tertiary
289,271,34.91790188549828,Via Casaferri,tertiary
290,339,36.46222085321083,Via Casaferri,tertiary
290,289,59.51835514145436,Via Casaferri,tertiary
291,1506,86.76543462265292,Via Enrico Fermi,unclassified
292,1173,8.226390089282294,Via Sorbo,secondary
292,271,23.690460364124814,Via Sorbo,secondary
293,1246,9.674002477843896,Via Augusto Bellini Pietri,unclassified
293,1247,89.09623873804058,Via Augusto Bellini Pietri,unclassified
294,1245,13.261241875961375,Via Augusto Bellini Pietri,unclassified
294,1246,9.090860022787798,Via Augusto Bellini Pietri,unclassified
295,296,39.7778876095648,Via Augusto Bellini Pietri,unclassified
295,1245,12.225526391986682,Via Augusto Bellini Pietri,unclassified
296,1244,64.88227942849547,Via Augusto Bellini Pietri,unclassified
296,295,39.7778876095648,Via Augusto Bellini Pietri,unclassified
297,1241,15.063874727383636,Via Augusto Bellini Pietri,unclassified
297,1244,8.657312345773667,Via Augusto Bellini Pietri,unclassified
298,1243,34.4013727493147,Via Augusto Bellini Pietri,unclassified
298,781,45.45234303881702,Via Pontita,unclassified
299,300,89.618378091897,Via Augusto Bellini Pietri,unclassified
299,1250,20.409029203131247,Via Augusto Bellini Pietri,unclassified
300,1249,41.2334749165447,Via Augusto Bellini Pietri,unclassified
300,299,89.618378091897,Via Augusto Bellini Pietri,unclassified
301,1248,44.38028568752582,Via Augusto Bellini Pietri,unclassified
301,1249,45.70516029470731,Via Augusto Bellini Pietri,unclassified
302,942,86.50869879453626,Strada Provinciale 35 delle colline di Lari,secondary
303,1499,23.557768595590773,Via Casaferri,tertiary
303,1137,31.84404636567652,Via Casaferri,tertiary
304,305,7.609577420254337,Via Casaferri,tertiary
304,1133,84.80386289347835,Via Casaferri,tertiary
305,304,7.609577420254337,Via Casaferri,tertiary
305,325,93.17719200306225,Via Pugnano,tertiary
305,1132,58.08058013342838,Via Poggio alla Farnia,tertiary
306,37,87.3473989875547,Via Sorbo,secondary
306,1153,14.072400081553837,Via Sorbo,secondary
307,1128,23.31527001521709,Via Poggio alla Farnia,tertiary
307,324,31.723395858472777,Via Poggio alla Farnia,tertiary
308,1127,14.965185444710341,Via Poggio alla Farnia,tertiary
308,1128,19.47810248907112,Via Poggio alla Farnia,tertiary
309,1124,15.911338013307825,Via Poggio alla Farnia,tertiary
309,1127,13.766697647146568,Via Poggio alla Farnia,tertiary
310,1126,12.389331518818068,Via Poggio alla Farnia,tertiary
310,1124,8.243424340924905,Via Poggio alla Farnia,tertiary
311,1125,23.361363732041195,Via Poggio alla Farnia,tertiary
311,1126,14.458404231533413,Via Poggio alla Farnia,tertiary
312,1120,31.723899671832836,Via Poggio alla Farnia,tertiary
312,1125,24.52697257044861,Via Poggio alla Farnia,tertiary
313,1000,10.12987156389779,Via Poggio alla Farnia,tertiary
313,1120,19.954447720884794,Via Poggio alla Farnia,tertiary
314,1119,9.881610146051637,Via Poggio alla Farnia,tertiary
314,1002,15.425634397775342,Via Poggio alla Farnia,tertiary
315,1003,9.975749420511871,Via Poggio alla Farnia,tertiary
315,1119,10.982282569310694,Via Poggio alla Farnia,tertiary
316,317,103.53854568964213,Via Poggio alla Farnia,tertiary
316,1003,26.371264970892582,Via Poggio alla Farnia,tertiary
317,1552,111.53390933007454,Via Poggio alla Farnia,tertiary
317,316,103.53854568964213,Via Poggio alla Farnia,tertiary
318,319,41.388793298186826,Via Poggio alla Farnia,tertiary
318,1552,3.83627226555288,Via Poggio alla Farnia,tertiary
319,1551,5.628372591240065,Via Poggio alla Farnia,tertiary
319,318,41.388793298186826,Via Poggio alla Farnia,tertiary
320,321,84.84614903773861,Via Poggio alla Farnia,tertiary
320,1132,19.25289228115752,Via Poggio alla Farnia,tertiary
321,1131,16.08278542224855,Via Poggio alla Farnia,tertiary
321,320,84.84614903773861,Via Poggio alla Farnia,tertiary
322,1130,15.82736480469095,Via Poggio alla Farnia,tertiary
322,1131,42.00898455059008,Via Poggio alla Farnia,tertiary
323,1129,17.53942487600516,Via Poggio alla Farnia,tertiary
323,1130,15.136591547969264,Via Poggio alla Farnia,tertiary
324,307,31.723395858472777,Via Poggio alla Farnia,tertiary
324,1129,14.014859957570774,Via Poggio alla Farnia,tertiary
325,326,53.027876616996096,Via Pugnano,tertiary
325,305,93.17719200306225,Via Pugnano,tertiary
326,327,82.65596742738228,Via Pugnano,tertiary
326,325,53.027876616996096,Via Pugnano,tertiary
327,328,44.3305885028749,Via Pugnano,tertiary
327,326,82.65596742738228,Via Pugnano,tertiary
328,329,36.33619269513498,Via Pugnano,tertiary
328,327,44.3305885028749,Via Pugnano,tertiary
329,330,46.34880136625539,Via Pugnano,tertiary
329,328,36.33619269513498,Via Pugnano,tertiary
330,1991,17.000387143794278,Via Pugnano,tertiary
330,329,46.34880136625539,Via Pugnano,tertiary
331,332,10.8298887160732,Via Pugnano,tertiary
331,1991,21.333942806152347,Via Pugnano,tertiary
332,333,29.47388945178355,Via Pugnano,tertiary
332,331,10.8298887160732,Via Pugnano,tertiary
333,334,43.42233456382425,Via Pugnano,tertiary
333,332,29.47388945178355,Via Pugnano,tertiary
334,335,24.93985035320209,Via Pugnano,tertiary
334,333,43.42233456382425,Via Pugnano,tertiary
335,1990,56.12672870912197,Via Pugnano,tertiary
335,334,24.93985035320209,Via Pugnano,tertiary
336,337,49.044139285498034,Via Pugnano,tertiary
336,1990,11.437005117423418,Via Pugnano,tertiary
337,1500,21.850035743568,Via Pugnano,tertiary
337,336,49.044139285498034,Via Pugnano,tertiary
338,350,47.61349725475669,Via Pugnano,tertiary
338,1500,4.689496385193263,Via Pugnano,tertiary
339,340,24.676667834889184,Via Casaferri,tertiary
339,290,36.46222085321083,Via Casaferri,tertiary
340,341,17.237262674036465,Via Casaferri,tertiary
340,339,24.676667834889184,Via Casaferri,tertiary
341,814,8.4886619908763,Via Casaferri,tertiary
341,340,17.237262674036465,Via Casaferri,tertiary
341,1967,10.563989899122111,Unnamed,residential
342,1186,12.420490851731623,Via Casaferri,tertiary
342,1140,17.40854432203352,Via Casaferri,tertiary
343,1138,33.91573370708179,Via Casaferri,tertiary
343,1141,26.326140729968195,Via Casaferri,tertiary
344,345,34.49393416014197,Via Casaferri,tertiary
344,1138,28.642486782754872,Via Casaferri,tertiary
345,346,25.069960733609,Via Casaferri,tertiary
345,344,34.49393416014197,Via Casaferri,tertiary
346,842,5.868798060540036,Via Casaferri,tertiary
346,345,25.069960733609,Via Casaferri,tertiary
347,1136,60.148590686631124,Via Casaferri,tertiary
347,1983,28.00768940793806,Via Casaferri,tertiary
348,1261,5.751635628364827,Via Querciole,secondary
348,1260,16.8507561041689,Via Querciole,secondary
349,58,18.748567953469742,Via Querciole,secondary
349,1956,6.449494558032218,Via Querciole,secondary
350,351,87.03863614313366,Via Pugnano,tertiary
350,338,47.61349725475669,Via Pugnano,tertiary
351,352,106.72080119662122,Via Pugnano,tertiary
351,350,87.03863614313366,Via Pugnano,tertiary
352,353,16.62739409928957,Via Pugnano,tertiary
352,351,106.72080119662122,Via Pugnano,tertiary
353,354,21.999025752086723,Via Pugnano,tertiary
353,352,16.62739409928957,Via Pugnano,tertiary
354,355,49.367238346722466,Via Pugnano,tertiary
354,353,21.999025752086723,Via Pugnano,tertiary
355,356,42.00552192736662,Via Pugnano,tertiary
355,354,49.367238346722466,Via Pugnano,tertiary
356,357,86.18796016155657,Via Pugnano,tertiary
356,355,42.00552192736662,Via Pugnano,tertiary
357,358,54.43910885121664,Via Pugnano,tertiary
357,356,86.18796016155657,Via Pugnano,tertiary
358,359,98.06156328676674,Via Pugnano,tertiary
358,357,54.43910885121664,Via Pugnano,tertiary
359,360,49.9600373807877,Via Pugnano,tertiary
359,358,98.06156328676674,Via Pugnano,tertiary
360,361,100.0189762647022,Via Pugnano,tertiary
360,359,49.9600373807877,Via Pugnano,tertiary
361,362,179.85871089517713,Via Pugnano,tertiary
361,360,100.0189762647022,Via Pugnano,tertiary
362,363,48.53114589428488,Via Pugnano,tertiary
362,361,179.85871089517713,Via Pugnano,tertiary
363,364,112.87156673646551,Via Pugnano,tertiary
363,362,48.53114589428488,Via Pugnano,tertiary
364,365,110.91581814332797,Via Pugnano,tertiary
364,363,112.87156673646551,Via Pugnano,tertiary
365,366,50.23492515444417,Via Pugnano,tertiary
365,364,110.91581814332797,Via Pugnano,tertiary
366,1985,117.74764281596667,Via Pugnano,tertiary
366,365,50.23492515444417,Via Pugnano,tertiary
367,368,102.82274095494083,Via Pugnano,tertiary
367,1985,12.906278871194658,Via Pugnano,tertiary
368,398,44.74711039433741,Via Pugnano,tertiary
368,367,102.82274095494083,Via Pugnano,tertiary
369,18,102.42797264191204,Via Querciole,secondary
369,61,88.31743704986881,Via Querciole,secondary
370,61,42.85515504229229,Via Querciole,secondary
370,1649,17.601533722964216,Via Querciole,secondary
371,1892,25.374858134455714,Via Augusto Bellini Pietri,unclassified
371,59,57.80642378915819,Via Querciole,secondary
371,58,55.06892365757604,Via Querciole,secondary
372,373,25.386393534833307,Via Augusto Bellini Pietri,unclassified
372,1892,36.374744712688084,Via Augusto Bellini Pietri,unclassified
373,1251,21.80443885920863,Via Augusto Bellini Pietri,unclassified
373,372,25.386393534833307,Via Augusto Bellini Pietri,unclassified
374,1250,40.52838584211243,Via Augusto Bellini Pietri,unclassified
374,1253,25.417176347970504,Via Augusto Bellini Pietri,unclassified
375,1338,282.7598139398444,Via Querciole,secondary
375,18,97.73607350207239,Via Querciole,secondary
376,1495,40.82278231596149,Via Poggio alla Farnia,tertiary
376,1888,37.55811193117953,Via Poggio alla Farnia,tertiary
377,1873,12.366551892182027,Via Poggio alla Farnia,tertiary
377,1107,28.989197688949876,Via Poggio alla Farnia,tertiary
378,1105,20.55328418744956,Via Poggio alla Farnia,tertiary
378,1871,23.442445487613693,Via Poggio alla Farnia,tertiary
379,1879,9.434414003402603,Via Poggio alla Farnia,tertiary
379,1872,6.071016004682944,Via Poggio alla Farnia,tertiary
380,1881,37.34845932723441,Via Poggio alla Farnia,tertiary
380,1869,7.561051266374515,Via Poggio alla Farnia,tertiary
381,1880,7.972678923441284,Via Poggio alla Farnia,tertiary
381,1876,8.748532876474865,Via Poggio alla Farnia,tertiary
382,1844,38.550389191601354,Via Poggio alla Farnia,tertiary
382,1870,7.13116991827936,Via Poggio alla Farnia,tertiary
383,1878,26.946012310693245,Via Poggio alla Farnia,tertiary
383,1844,23.0415428136514,Via Poggio alla Farnia,tertiary
384,1101,15.343876591894851,Via Poggio alla Farnia,tertiary
384,1102,19.558472692566347,Via Poggio alla Farnia,tertiary
385,1100,26.53744871023486,Via Poggio alla Farnia,tertiary
385,1886,12.864295242949893,Via Poggio alla Farnia,tertiary
386,1099,17.324117986395766,Via Poggio alla Farnia,tertiary
386,1494,23.13381862521867,Via Poggio alla Farnia,tertiary
387,1098,64.53449253633632,Via Poggio alla Farnia,tertiary
387,1982,28.804539760248648,Via Poggio alla Farnia,tertiary
388,389,77.18407761328412,Via Poggio alla Farnia,tertiary
388,1874,13.423396367666056,Via Poggio alla Farnia,tertiary
389,1097,24.309309038678908,Via Poggio alla Farnia,tertiary
389,388,77.18407761328412,Via Poggio alla Farnia,tertiary
390,1096,19.59633015335911,Via Poggio alla Farnia,tertiary
390,1891,20.227671597148348,Via Poggio alla Farnia,tertiary
391,392,27.30646052100468,Via Poggio alla Farnia,tertiary
391,1096,19.353444041442163,Via Poggio alla Farnia,tertiary
392,393,33.05442491007713,Via Poggio alla Farnia,tertiary
392,391,27.30646052100468,Via Poggio alla Farnia,tertiary
393,1095,9.448587245516897,Via Poggio alla Farnia,tertiary
393,392,33.05442491007713,Via Poggio alla Farnia,tertiary
394,1094,7.859462537909065,Via Poggio alla Farnia,tertiary
394,1095,8.395637597264901,Via Poggio alla Farnia,tertiary
395,396,49.55904399503981,Via Poggio alla Farnia,tertiary
395,1093,12.854883966053848,Via Poggio alla Farnia,tertiary
396,395,49.55904399503981,Via Poggio alla Farnia,tertiary
397,1977,41.618331423221356,Via Pugnano,tertiary
397,1976,28.640896138501834,Via Pugnano,tertiary
397,1046,60.87210845549652,Unnamed,residential
398,1979,19.807900293368824,Via Pugnano,tertiary
398,368,44.74711039433741,Via Pugnano,tertiary
399,400,174.69002301187012,Via Pugnano,tertiary
399,1006,128.75571990164391,Via Pugnano,tertiary
400,401,27.68410593530949,Via Pugnano,tertiary
400,399,174.69002301187012,Via Pugnano,tertiary
401,402,25.42465518479252,Via Pugnano,tertiary
401,400,27.68410593530949,Via Pugnano,tertiary
402,1845,18.96074125973537,Via Pugnano,tertiary
402,401,25.42465518479252,Via Pugnano,tertiary
403,404,68.9976848564122,Via Pugnano,tertiary
403,1845,19.531434236985028,Via Pugnano,tertiary
404,751,67.44544962401083,Via Pugnano,tertiary
404,403,68.9976848564122,Via Pugnano,tertiary
405,1975,62.696516234135274,Via Pugnano,tertiary
405,751,61.42951465491869,Via Pugnano,tertiary
406,413,128.29650212938196,Via Pugnano,tertiary
406,407,47.9240153620607,Via Pugnano,tertiary
407,408,132.94529457918455,Via Mediana,unclassified
407,406,47.9240153620607,Via Pugnano,tertiary
407,1975,38.83254868523203,Via Pugnano,tertiary
408,409,73.63226377025792,Via Mediana,unclassified
408,407,132.94529457918455,Via Mediana,unclassified
409,410,64.50655642639445,Via Mediana,unclassified
409,408,73.63226377025792,Via Mediana,unclassified
410,1987,13.238867204819845,Via Mediana,unclassified
410,409,64.50655642639445,Via Mediana,unclassified
411,1988,29.653428118737963,Via Mediana,unclassified
411,1986,22.067063171356175,Via Mediana,unclassified
412,414,67.36010615256843,Via Mediana,unclassified
412,1988,26.254518134428213,Via Mediana,unclassified
413,1976,192.40203714065552,Via Pugnano,tertiary
413,406,128.29650212938196,Via Pugnano,tertiary
414,1643,112.35759160377637,Via Mediana,unclassified
414,412,67.36010615256843,Via Mediana,unclassified
415,1643,144.34074942998433,Via Mediana,unclassified
416,1843,45.34329594488888,Via Pugnano,tertiary
416,1977,10.708767583519606,Via Pugnano,tertiary
416,1045,78.49142977314253,Unnamed,residential
417,1850,43.32220051624171,Via Pugnano,tertiary
417,1036,27.11805398384956,Via Pugnano,tertiary
417,1849,28.428685189575024,Piazza Torello Pierazzi,residential
418,1030,44.4643416395854,Via Giorgio Kienerk,residential
419,1566,16.03688518925599,Via Giorgio Kienerk,residential
419,1951,39.00776770452811,Via Pugnano,tertiary
419,1043,78.27023087086,Via Pugnano,tertiary
420,1950,23.75362109090316,Via Valtriano,residential
420,1953,3.9257253577007774,Via La Leccia,secondary
420,1949,15.989305634357695,Via La Leccia,secondary
421,1561,8.509568410371958,Unnamed,unclassified
421,1558,10.504920940846963,Unnamed,residential
422,1559,47.34182650864566,Via La Leccia,secondary
422,139,11.957549671648833,Via La Leccia,secondary
422,1563,31.709026860797817,Unnamed,unclassified
423,1853,32.8885872817257,Unnamed,residential
423,750,23.91398236982252,Unnamed,residential
424,1554,19.201352687164633,Via Valtriano,residential
424,1852,14.560147372076264,Via Valtriano,residential
425,1840,10.260432315884922,Via dei Poggetti,tertiary
425,994,10.919885742465864,Via delle Fornacelle,residential
425,1839,8.843323513285739,Via dei Poggetti,tertiary
426,1163,7.8221914777684365,Via Botra,secondary
426,1161,5.64965981647034,Via Sorbo,secondary
426,208,95.84411199263718,Via Pantane,unclassified
427,6,64.32662279744146,Strada Provinciale 31 Cucigliana Lorenzana,secondary
427,5,63.433268201873325,Strada Provinciale 31 Cucigliana Lorenzana,secondary
428,1971,84.37747049535596,Via Scacciapolli,unclassified
428,1972,9.609372160537788,Via Scacciapolli,unclassified
429,1970,4.485739285272833,Via Scacciapolli,unclassified
429,1971,4.5322397164135655,Via Scacciapolli,unclassified
430,1516,9.597845373050896,Via Scacciapolli,unclassified
430,1970,43.37331363961149,Via Scacciapolli,unclassified
431,1515,33.09737952344677,Via Scacciapolli,unclassified
431,1517,24.2650300285607,Via Scacciapolli,unclassified
432,433,7.546196377011833,Via Scacciapolli,unclassified
432,1513,10.531827127130745,Via Scacciapolli,unclassified
433,434,19.542648256424723,Via Scacciapolli,unclassified
433,432,7.546196377011833,Via Scacciapolli,unclassified
434,657,34.53996349695369,Via Scacciapolli,unclassified
434,433,19.542648256424723,Via Scacciapolli,unclassified
435,657,56.271528313628686,Via Scacciapolli,unclassified
436,1060,35.316170999328456,Via Scacciapolli,unclassified
436,1421,32.78589342652668,Via Scacciapolli,unclassified
437,1061,35.23014082058463,Via Scacciapolli,unclassified
437,1060,23.11374688671463,Via Scacciapolli,unclassified
438,439,22.896576127087403,Via Scacciapolli,unclassified
438,1420,24.581109712004213,Via Scacciapolli,unclassified
439,1062,51.09380701383434,Via Scacciapolli,unclassified
439,438,22.896576127087403,Via Scacciapolli,unclassified
440,441,63.11275927296231,Via Scacciapolli,unclassified
440,1062,22.395227605698285,Via Scacciapolli,unclassified
441,442,28.060719748102652,Via Scacciapolli,unclassified
441,440,63.11275927296231,Via Scacciapolli,unclassified
442,1459,19.595048271703934,Via Scacciapolli,unclassified
442,441,28.060719748102652,Via Scacciapolli,unclassified
443,1973,11.886740493471747,Via Scacciapolli,unclassified
443,1459,43.93194618161213,Via Scacciapolli,unclassified
444,445,53.49814130203944,Via Scacciapolli,unclassified
444,1973,10.644617293186748,Via Scacciapolli,unclassified
445,1974,18.930835620124963,Via Scacciapolli,unclassified
445,444,53.49814130203944,Via Scacciapolli,unclassified
446,447,47.5059881941767,Via Scacciapolli,unclassified
446,1974,16.12170311793615,Via Scacciapolli,unclassified
447,1088,8.242227694177535,Via Scacciapolli,unclassified
447,446,47.5059881941767,Via Scacciapolli,unclassified
448,1511,26.755024781607958,Via Scacciapolli,unclassified
448,1056,60.213368125170696,Via Scacciapolli,unclassified
449,1057,38.28982371520455,Via Scacciapolli,unclassified
449,1511,18.769643140027927,Via Scacciapolli,unclassified
450,451,42.98112876909967,Via Scacciapolli,unclassified
450,1057,39.56099364686802,Via Scacciapolli,unclassified
451,452,13.180247496638183,Via Scacciapolli,unclassified
451,450,42.98112876909967,Via Scacciapolli,unclassified
452,453,69.03674604391941,Via Scacciapolli,unclassified
452,451,13.180247496638183,Via Scacciapolli,unclassified
453,1422,11.563666822139757,Via Scacciapolli,unclassified
453,452,69.03674604391941,Via Scacciapolli,unclassified
454,1058,16.671735788481648,Via Scacciapolli,unclassified
454,1422,13.218436929519797,Via Scacciapolli,unclassified
455,1059,29.469347250168422,Via Scacciapolli,unclassified
455,1058,49.03111360035146,Via Scacciapolli,unclassified
456,1421,14.122364686262927,Via Scacciapolli,unclassified
456,1059,33.3822231236757,Via Scacciapolli,unclassified
457,458,23.243105552997342,Via Scacciapolli,unclassified
457,237,122.93682454015408,Via Valleregli,tertiary
457,236,16.937250899370373,Via Valleregli,tertiary
458,459,80.94097311507574,Via Scacciapolli,unclassified
458,457,23.243105552997342,Via Scacciapolli,unclassified
459,1053,36.63614415132586,Via Scacciapolli,unclassified
459,458,80.94097311507574,Via Scacciapolli,unclassified
460,461,23.908475835649494,Via Scacciapolli,unclassified
460,1053,38.32452961737827,Via Scacciapolli,unclassified
461,1054,26.050914092291396,Via Scacciapolli,unclassified
461,460,23.908475835649494,Via Scacciapolli,unclassified
462,463,41.44783565436481,Via Scacciapolli,unclassified
462,1054,38.5351965735967,Via Scacciapolli,unclassified
463,1055,31.30020868589764,Via Scacciapolli,unclassified
463,462,41.44783565436481,Via Scacciapolli,unclassified
464,465,21.96701254105974,Via Scacciapolli,unclassified
464,1055,30.51208389891261,Via Scacciapolli,unclassified
465,1056,32.97123405209437,Via Scacciapolli,unclassified
465,464,21.96701254105974,Via Scacciapolli,unclassified
466,1174,11.76159911721742,Via Sorbo,secondary
466,471,131.73425741566984,Via Sorbo,secondary
467,468,18.761858160934842,Via del Sassone,unclassified
467,826,33.74496469095791,Via del Sassone,unclassified
468,469,17.645918735594805,Via del Sassone,unclassified
468,467,18.761858160934842,Via del Sassone,unclassified
469,470,11.843141772434505,Via del Sassone,unclassified
469,468,17.645918735594805,Via del Sassone,unclassified
470,471,14.856212594957125,Via del Sassone,unclassified
470,469,11.843141772434505,Via del Sassone,unclassified
471,470,14.856212594957125,Via del Sassone,unclassified
471,466,131.73425741566984,Via Sorbo,secondary
471,46,16.816805162880108,Via Sorbo,secondary
472,34,14.989103864401658,Via Sorbo,secondary
472,797,11.195499288806458,Via Sorbo,secondary
473,40,13.579888995540074,Via Sorbo,secondary
473,1507,27.81263986068427,Via Sorbo,secondary
474,1145,31.72836842131751,Via Sorbo,secondary
474,1146,20.230058931659233,Via Sorbo,secondary
475,1959,75.38880204004772,Unnamed,residential
475,772,13.562234686074648,Unnamed,residential
476,606,17.664285334758816,Via Comunale,tertiary
477,1711,12.354817796416524,Via Casetta,tertiary
477,1723,10.46625616308377,Via Casetta,tertiary
478,1713,3.682785368569016,Via Casetta,tertiary
478,1693,5.182593478033974,Via Casetta,tertiary
479,565,21.02978953433123,Via Santo Regolo,tertiary
479,572,19.581137188610256,Via Santo Regolo,tertiary
480,518,19.402755463428647,Via Santo Regolo,tertiary
480,573,18.453190160559686,Via Santo Regolo,tertiary
481,1733,12.137356182691697,Via Santo Regolo,tertiary
481,533,32.73424838028814,Via Santo Regolo,tertiary
482,509,41.71858351824233,Via Santo Regolo,tertiary
482,580,72.48764384814577,Via Santo Regolo,tertiary
483,522,11.246543137874236,Via Santo Regolo,tertiary
483,520,20.95570448824173,Via Santo Regolo,tertiary
484,543,13.690893659647642,Via Santo Regolo,tertiary
484,539,32.76361249135673,Via Santo Regolo,tertiary
485,525,14.483953969455923,Via Comunale,tertiary
486,527,19.753412676204032,Via Santo Regolo,tertiary
486,541,39.91937820800822,Via Santo Regolo,tertiary
487,1309,4.997978007785441,Via del Camposanto,tertiary
488,534,19.250527649053975,Via Santo Regolo,tertiary
488,582,18.725574512484613,Via Santo Regolo,tertiary
489,501,142.68027195412262,Via Santo Regolo,tertiary
489,534,29.96306677201985,Via Santo Regolo,tertiary
490,537,9.055192704217784,Via Comunale,tertiary
491,538,7.781763223075106,Via Comunale,tertiary
492,1722,5.370302616737803,Via Casetta,tertiary
492,550,25.484198641909156,Via Casetta,tertiary
493,1734,15.14890481463905,Via Santo Regolo,tertiary
493,505,42.05944526821391,Via Santo Regolo,tertiary
494,497,39.02525294962103,Via Santo Regolo,tertiary
494,595,51.92344133683245,Via Santo Regolo,tertiary
495,1703,5.2317799075806946,Via Casetta,tertiary
495,1704,6.061868441390534,Via Casetta,tertiary
496,1716,4.322196250482448,Via del Camposanto,tertiary
497,530,68.68074604384485,Via Santo Regolo,tertiary
497,494,39.02525294962103,Via Santo Regolo,tertiary
498,580,20.0743014812069,Via Santo Regolo,tertiary
498,555,39.562263020701515,Via Santo Regolo,tertiary
499,582,35.509971295109274,Via Santo Regolo,tertiary
499,591,17.560506688931508,Via Santo Regolo,tertiary
500,608,9.883799471379525,Via Comunale,tertiary
501,541,71.58395664129247,Via Santo Regolo,tertiary
501,489,142.68027195412262,Via Santo Regolo,tertiary
502,549,16.92153923825128,Via Comunale,tertiary
503,539,63.974866398626645,Via Santo Regolo,tertiary
503,1736,44.48440455446083,Via Santo Regolo,tertiary
504,696,63.06544117883288,Via Santo Regolo,tertiary
504,527,63.55089852007563,Via Santo Regolo,tertiary
505,493,42.05944526821391,Via Santo Regolo,tertiary
505,515,39.236353459722075,Via Santo Regolo,tertiary
505,684,66.73039762838425,Via Santo Regolo,residential
506,1699,1.9400738218969753,Via Casetta,tertiary
506,1698,5.679907521578471,Via Casetta,tertiary
507,597,21.826091760469154,Via Santo Regolo,tertiary
507,596,10.5091048477576,Via Santo Regolo,tertiary
508,553,10.849595833644969,Via del Camposanto,tertiary
509,1455,38.104892648821306,Via Santo Regolo,tertiary
509,482,41.71858351824233,Via Santo Regolo,tertiary
510,557,18.28314565256264,Via Santo Regolo,tertiary
510,1731,4.5030420671195195,Via Santo Regolo,tertiary
511,605,3.0701434731823816,Via Comunale,tertiary
511,612,4.144147371730801,Via Comunale,tertiary
512,1752,11.705657205840792,Via Comunale,tertiary
513,1736,17.67632213354784,Via Santo Regolo,tertiary
513,1735,1.488865531462416,Via Santo Regolo,tertiary
514,517,52.10629403890612,Via Santo Regolo,tertiary
514,578,64.37483971480509,Via Santo Regolo,tertiary
515,505,39.236353459722075,Via Santo Regolo,tertiary
515,590,44.055002285948206,Via Santo Regolo,tertiary
516,1695,7.8320788344223065,Via Casetta,tertiary
516,1542,4.446126723634952,Via Casetta,tertiary
517,563,10.353696436137767,Via Santo Regolo,tertiary
517,514,52.10629403890612,Via Santo Regolo,tertiary
518,588,72.58621888860218,Via Santo Regolo,tertiary
518,480,19.402755463428647,Via Santo Regolo,tertiary
519,1732,33.05783802182569,Via Santo Regolo,tertiary
519,1733,9.067800955696708,Via Santo Regolo,tertiary
520,483,20.95570448824173,Via Santo Regolo,tertiary
520,589,123.90108327632318,Via Santo Regolo,tertiary
521,524,47.80400294612612,Via Santo Regolo,tertiary
521,584,54.08219861033755,Via Santo Regolo,tertiary
522,558,46.06936335260102,Via Santo Regolo,tertiary
522,483,11.246543137874236,Via Santo Regolo,tertiary
523,568,17.723636210178395,Via Casetta,tertiary
523,1652,62.251457070003134,Via Casetta,tertiary
524,603,33.13622440479683,Via Santo Regolo,tertiary
524,521,47.80400294612612,Via Santo Regolo,tertiary
525,476,16.58092534784571,Via Comunale,tertiary
526,1701,3.6074885955186926,Via Casetta,tertiary
526,1692,9.972019322617133,Via Casetta,tertiary
527,504,63.55089852007563,Via Santo Regolo,tertiary
527,486,19.753412676204032,Via Santo Regolo,tertiary
528,570,16.592304792387978,Via Santo Regolo,tertiary
528,1503,18.108997344106474,Via Santo Regolo,tertiary
529,1667,26.37123202257273,Via Comunale,tertiary
530,573,21.13968306425907,Via Santo Regolo,tertiary
530,497,68.68074604384485,Via Santo Regolo,tertiary
531,574,43.492067702506844,Via Santo Regolo,tertiary
531,579,25.820570493965697,Via Santo Regolo,tertiary
532,1730,6.740326141111754,Via Comunale,tertiary
533,481,32.73424838028814,Via Santo Regolo,tertiary
533,554,80.86270305659333,Via Santo Regolo,tertiary
534,489,29.96306677201985,Via Santo Regolo,tertiary
534,488,19.250527649053975,Via Santo Regolo,tertiary
535,600,48.956752090217066,Via Comunale,tertiary
535,1380,64.31897356057839,Via Comunale,tertiary
536,491,26.961093683941623,Via Comunale,tertiary
537,607,5.69609268281338,Via Comunale,tertiary
538,1450,3.72041887781801,Via Comunale,tertiary
538,1681,3.932251177040487,Via Comunale,tertiary
539,484,32.76361249135673,Via Santo Regolo,tertiary
539,503,63.974866398626645,Via Santo Regolo,tertiary
540,545,19.044884008264166,Via Santo Regolo,tertiary
540,1734,9.434894204498239,Via Santo Regolo,tertiary
541,486,39.91937820800822,Via Santo Regolo,tertiary
541,501,71.58395664129247,Via Santo Regolo,tertiary
542,1537,8.173182861775608,Via Comunale,tertiary
543,578,10.683055400144008,Via Santo Regolo,tertiary
543,484,13.690893659647642,Via Santo Regolo,tertiary
544,1702,28.427312143166137,Via Casetta,tertiary
544,1703,8.011570359126999,Via Casetta,tertiary
545,1502,55.716919036884306,Via Santo Regolo,tertiary
545,540,19.044884008264166,Via Santo Regolo,tertiary
546,1720,8.798077364983216,Via del Camposanto,tertiary
547,584,42.733274491156564,Via Santo Regolo,tertiary
547,557,40.92001461899553,Via Santo Regolo,tertiary
548,1754,11.786266854003426,Via Comunale,tertiary
549,585,18.115934065958015,Via Comunale,tertiary
550,492,25.484198641909156,Via Casetta,tertiary
550,1708,23.029436169059053,Via Casetta,tertiary
551,1742,4.0146384374517154,Via del Camposanto,tertiary
552,587,11.82655515096278,Via Casetta,tertiary
552,1706,6.1530628085982295,Via Casetta,tertiary
553,1744,9.453399838573473,Via del Camposanto,tertiary
554,533,80.86270305659333,Via Santo Regolo,tertiary
554,598,21.590414586549574,Via Santo Regolo,tertiary
555,498,39.562263020701515,Via Santo Regolo,tertiary
556,512,10.802758997460236,Via Comunale,tertiary
557,547,40.92001461899553,Via Santo Regolo,tertiary
557,510,18.28314565256264,Via Santo Regolo,tertiary
558,1652,85.47669503048763,Via Santo Regolo,tertiary
558,522,46.06936335260102,Via Santo Regolo,tertiary
559,1751,7.605651985698208,Via Comunale,tertiary
560,604,8.098840301098898,Via Comunale,tertiary
561,1709,15.576764835865628,Via Casetta,tertiary
561,1710,8.074604294578846,Via Casetta,tertiary
562,1696,8.181026768261338,Via Casetta,tertiary
562,1695,9.077956242838017,Via Casetta,tertiary
563,595,18.11589572999305,Via Santo Regolo,tertiary
563,517,10.353696436137767,Via Santo Regolo,tertiary
564,1657,3.4374527710325022,Via Santo Regolo,tertiary
564,1426,25.283745865508752,Via Santo Regolo,tertiary
565,598,41.14995372122167,Via Santo Regolo,tertiary
565,479,21.02978953433123,Via Santo Regolo,tertiary
566,590,57.25179313041601,Via Santo Regolo,tertiary
566,574,31.50154295458753,Via Santo Regolo,tertiary
567,1452,20.161629880475004,Via Santo Regolo,tertiary
567,1732,33.71461789778869,Via Santo Regolo,tertiary
568,602,18.99183775751747,Via Casetta,tertiary
568,523,17.723636210178395,Via Casetta,tertiary
569,1721,1.0747275484577794,Via Casetta,tertiary
569,1701,7.160289990648196,Via Casetta,tertiary
570,572,53.80796326183983,Via Santo Regolo,tertiary
570,528,16.592304792387978,Via Santo Regolo,tertiary
571,1712,6.434064801795629,Via Casetta,tertiary
571,1377,8.09483015298279,Via Casetta,tertiary
572,479,19.581137188610256,Via Santo Regolo,tertiary
572,570,53.80796326183983,Via Santo Regolo,tertiary
573,480,18.453190160559686,Via Santo Regolo,tertiary
573,530,21.13968306425907,Via Santo Regolo,tertiary
574,566,31.50154295458753,Via Santo Regolo,tertiary
574,531,43.492067702506844,Via Santo Regolo,tertiary
575,601,82.10099880558924,Via Santo Regolo,tertiary
575,581,64.57599792094615,Via Santo Regolo,tertiary
576,610,8.90051767105684,Via Comunale,tertiary
577,1536,8.170284992236217,Via Comunale,tertiary
578,514,64.37483971480509,Via Santo Regolo,tertiary
578,543,10.683055400144008,Via Santo Regolo,tertiary
578,767,23.383612062941882,Via Malacoda,unclassified
579,531,25.820570493965697,Via Santo Regolo,tertiary
579,696,52.08043901047903,Via Santo Regolo,tertiary
580,482,72.48764384814577,Via Santo Regolo,tertiary
580,498,20.0743014812069,Via Santo Regolo,tertiary
581,575,64.57599792094615,Via Santo Regolo,tertiary
581,588,65.57730005949212,Via Santo Regolo,tertiary
582,488,18.725574512484613,Via Santo Regolo,tertiary
582,499,35.509971295109274,Via Santo Regolo,tertiary
583,1755,13.31540287582199,Via Comunale,tertiary
584,521,54.08219861033755,Via Santo Regolo,tertiary
584,547,42.733274491156564,Via Santo Regolo,tertiary
585,490,24.161910392493727,Via Comunale,tertiary
586,1743,4.471567822631526,Via del Camposanto,tertiary
587,1705,6.251718736116682,Via Casetta,tertiary
587,552,11.82655515096278,Via Casetta,tertiary
588,581,65.57730005949212,Via Santo Regolo,tertiary
588,518,72.58621888860218,Via Santo Regolo,tertiary
589,520,123.90108327632318,Via Santo Regolo,tertiary
589,597,33.42349015977424,Via Santo Regolo,tertiary
590,515,44.055002285948206,Via Santo Regolo,tertiary
590,566,57.25179313041601,Via Santo Regolo,tertiary
591,499,17.560506688931508,Via Santo Regolo,tertiary
591,1455,8.795331197599449,Via Santo Regolo,tertiary
592,548,13.615138016604575,Via Comunale,tertiary
593,502,12.930929436727233,Via Comunale,tertiary
594,1739,3.478500535306812,Via Casetta,tertiary
594,1697,5.666944749570985,Via Casetta,tertiary
595,494,51.92344133683245,Via Santo Regolo,tertiary
595,563,18.11589572999305,Via Santo Regolo,tertiary
596,507,10.5091048477576,Via Santo Regolo,tertiary
596,1657,16.958430456942803,Via Santo Regolo,tertiary
597,589,33.42349015977424,Via Santo Regolo,tertiary
597,507,21.826091760469154,Via Santo Regolo,tertiary
598,554,21.590414586549574,Via Santo Regolo,tertiary
598,565,41.14995372122167,Via Santo Regolo,tertiary
599,556,22.26508150279506,Via Comunale,tertiary
600,1737,9.410438373445066,Via Comunale,tertiary
600,535,48.956752090217066,Via Comunale,tertiary
601,1426,99.1982568656036,Via Santo Regolo,tertiary
601,575,82.10099880558924,Via Santo Regolo,tertiary
602,1724,23.90918303023623,Via Casetta,tertiary
602,568,18.99183775751747,Via Casetta,tertiary
603,1735,16.7363482486621,Via Santo Regolo,tertiary
603,524,33.13622440479683,Via Santo Regolo,tertiary
604,593,9.303308266698217,Via Comunale,tertiary
605,559,5.767869916998763,Via Comunale,tertiary
606,599,54.497769621837136,Via Comunale,tertiary
607,611,6.051327641788376,Via Comunale,tertiary
608,560,9.413062319511143,Via Comunale,tertiary
609,1760,12.477022883993326,Via Fondo la Grotta,secondary
609,1758,30.696450041310218,Via Fondo la Grotta,secondary
610,542,24.270579825281978,Via Comunale,tertiary
611,576,6.168367033078605,Via Comunale,tertiary
612,511,4.144147371730801,Via Comunale,tertiary
612,1737,5.08160081364034,Via Comunale,tertiary
613,1431,6.098869342580162,Via Fondo la Grotta,secondary
613,85,11.177754802665724,Via Fondo la Grotta,secondary
614,702,79.3597701010931,Via di Conella,residential
614,717,30.11677213576547,Via di Conella,residential
615,718,51.20614446114686,Via di Conella,residential
615,700,17.703865564168577,Via di Conella,residential
616,711,97.8630856245688,Via di Conella,residential
616,725,26.498144446350267,Via di Conella,residential
617,618,170.39207881504095,Via di Conella,residential
617,731,27.66593092644333,Via di Conella,residential
618,713,67.22812948769644,Via di Conella,residential
618,617,170.39207881504095,Via di Conella,residential
619,721,68.79479949393767,Via di Conella,residential
619,727,71.29492182948958,Via di Conella,residential
620,730,85.51314843235394,Via di Conella,residential
620,721,90.31466466995491,Via di Conella,residential
621,1543,49.48648492660328,Via di Conella,residential
621,698,101.76639463707652,Via di Conella,residential
622,1544,15.270403335840188,Via di Conella,residential
622,1543,60.45645181773852,Via di Conella,residential
623,1520,48.305433485367736,Via di Conella,residential
623,1427,24.68144998006351,Via di Conella,residential
624,625,20.161535045428256,Via di Conella,residential
624,1521,17.012972556523195,Via di Conella,residential
625,699,153.70700009667758,Via di Conella,residential
625,624,20.161535045428256,Via di Conella,residential
626,627,75.91556720207053,Via di Conella,residential
626,699,30.291600164074868,Via di Conella,residential
627,722,8.775606561551216,Via di Conella,residential
627,626,75.91556720207053,Via di Conella,residential
628,1487,4.201135883623173,Via di Conella,residential
628,1488,13.164737140769768,Via di Conella,residential
629,1384,13.10955151734258,Via di Conella,residential
629,1383,9.686893723493897,Via di Conella,residential
630,1534,18.774671690930955,Via delle Macchie,residential
630,1529,46.58380532937904,Via delle Macchie,unclassified
631,1612,2.585019675030395,Via delle Macchie,residential
631,1613,2.811881207148565,Via delle Macchie,residential
632,1425,13.965100424804502,Via delle Macchie,residential
632,1621,22.39761807111064,Via delle Macchie,residential
633,1596,6.67605224570167,Via delle Macchie,residential
633,1598,13.849421463413583,Via delle Macchie,residential
634,1594,25.635287919718994,Via delle Macchie,residential
634,715,29.493200674396814,Via delle Macchie,residential
635,1526,24.14478858618766,Via delle Macchie,residential
635,1593,18.5426021488275,Via delle Macchie,residential
636,1637,21.13505560285765,Via delle Macchie,residential
636,1524,18.180313254226757,Via delle Macchie,residential
637,1632,8.64908566647043,Via delle Macchie,residential
637,1591,14.113707478352598,Via delle Macchie,residential
638,1587,24.565793587291466,Via delle Macchie,residential
638,693,10.511835469803824,Via delle Macchie,residential
639,1586,20.220455966780545,Via delle Macchie,residential
639,692,43.2422237802951,Via delle Macchie,residential
640,1582,149.3185412081814,Via delle Macchie,residential
640,690,106.65879175553063,Via delle Macchie,residential
641,1581,15.91738088712324,Via delle Macchie,residential
641,1582,8.760428884160744,Via delle Macchie,residential
642,1578,38.79900243074305,Via delle Macchie,residential
642,1353,130.25394030735723,Via delle Macchie,residential
643,752,51.47617848940108,Via delle Macchie,residential
643,1353,65.84266971311779,Via delle Macchie,residential
644,1623,78.0266774311986,Via delle Macchie,unclassified
645,1381,15.358329306883206,Via di Conella,residential
645,704,111.83125675133982,Via di Conella,residential
646,728,29.291199621383832,Via di Conella,residential
646,722,7.899865482817733,Via di Conella,residential
647,648,74.51256887182548,Via Pontita,unclassified
647,808,34.90460949022936,Via Pontita,unclassified
648,1213,31.026865884064424,Via Pontita,unclassified
648,647,74.51256887182548,Via Pontita,unclassified
649,1210,44.19965941539603,Via Pontita,unclassified
649,1211,10.32650323582244,Via Pontita,unclassified
650,815,61.23147841464543,Via Pontita,unclassified
650,1209,20.21627221782792,Via Pontita,unclassified
651,779,43.69458961134757,Via Pontita,unclassified
651,1208,19.147808153936356,Via Pontita,unclassified
652,1993,15.595903063392143,Via Pontita,unclassified
652,1204,12.110412726540211,Via Pontita,unclassified
653,1200,47.85711083318154,Via Pontita,unclassified
653,1202,48.300268159114076,Via Pontita,unclassified
654,1969,5.259340190389058,Via Pontita,unclassified
654,841,34.25756816678,Via Pontita,unclassified
655,276,39.153565369171375,Via Valleregli,tertiary
655,1638,15.951924818064574,Via Valleregli,tertiary
656,239,19.920170215988577,Via Valleregli,tertiary
656,924,8.16787834579329,Via Valleregli,tertiary
657,435,56.271528313628686,Via Scacciapolli,unclassified
657,434,34.53996349695369,Via Scacciapolli,unclassified
658,1514,4.203723598038844,Via Scacciapolli,unclassified
658,1515,39.389265056944446,Via Scacciapolli,unclassified
659,946,30.531650186539068,Via dei Poggetti,unclassified
659,943,27.944832513346032,Via dei Poggetti,residential
660,1816,9.468665022776014,Via dei Poggetti,unclassified
660,946,43.478649525118016,Via dei Poggetti,unclassified
661,1810,11.198860845104129,Via dei Poggetti,unclassified
661,1813,3.3656627490733193,Via dei Poggetti,unclassified
662,1818,12.317245453708127,Via dei Poggetti,unclassified
662,1817,5.989014603588963,Via dei Poggetti,unclassified
663,664,33.92462345553983,Via dei Poggetti,unclassified
663,1818,16.367779260638535,Via dei Poggetti,unclassified
664,665,17.46996839445151,Via dei Poggetti,unclassified
664,663,33.92462345553983,Via dei Poggetti,unclassified
665,948,18.2827025859875,Via dei Poggetti,unclassified
665,664,17.46996839445151,Via dei Poggetti,unclassified
666,952,64.55050465980553,Via dei Poggetti,unclassified
666,951,34.80128202718889,Via dei Poggetti,unclassified
667,668,19.282950465008337,Via dei Poggetti,unclassified
667,953,11.906071598731646,Via dei Poggetti,unclassified
668,669,12.64653906581407,Via dei Poggetti,unclassified
668,667,19.282950465008337,Via dei Poggetti,unclassified
669,957,10.169700791048882,Via dei Poggetti,unclassified
669,668,12.64653906581407,Via dei Poggetti,unclassified
670,1797,5.372359500447502,Via dei Poggetti,unclassified
670,1796,5.482100726526114,Via dei Poggetti,unclassified
671,963,32.07020179386266,Via dei Poggetti,unclassified
671,1799,5.451989858243347,Via dei Poggetti,unclassified
672,1802,2.9220289910413872,Via dei Poggetti,unclassified
672,1801,5.965341616749074,Via dei Poggetti,unclassified
673,674,140.5330377658428,Via dei Poggetti,unclassified
673,1802,6.905395277201331,Via dei Poggetti,unclassified
674,961,14.814810601362703,Via dei Poggetti,unclassified
674,673,140.5330377658428,Via dei Poggetti,unclassified
675,965,64.59842553121909,Via dei Poggetti,unclassified
675,962,10.13282602273413,Via dei Poggetti,unclassified
676,1831,19.45191719614493,Via dei Poggetti,unclassified
676,972,113.83237268262134,Via dei Poggetti,unclassified
677,979,12.344401578445169,Via dei Poggetti,unclassified
677,977,80.37874353664624,Via dei Poggetti,unclassified
678,986,30.624184722898246,Via dei Poggetti,unclassified
678,985,14.101936252640076,Via dei Poggetti,unclassified
679,1065,57.131772754875385,Via Postignano Prima,residential
679,1063,32.99952430401658,Via Postignano Prima,residential
680,1068,22.573854387616695,Via Postignano Prima,residential
680,1067,129.89130663115256,Via Postignano Prima,residential
681,1504,35.64431464506381,Via Postignano Prima,residential
681,1505,18.070745205068246,Via Postignano Prima,residential
682,1527,19.964848349468433,Via Postignano Prima,residential
682,1528,21.825414189417632,Via Postignano Prima,residential
683,1075,76.27863167223335,Via Postignano Prima,residential
683,1074,57.14763855781607,Via Postignano Prima,residential
684,694,52.856338058775904,Via Santo Regolo,residential
684,505,66.73039762838425,Via Santo Regolo,residential
685,1457,73.52092766008933,Via Santo Regolo,residential
685,694,20.55993635803632,Via Santo Regolo,residential
686,1454,42.052977370062536,Via Santo Regolo,residential
686,697,38.005811422745836,Via Santo Regolo,residential
687,688,14.531646623687896,Via Santo Regolo,residential
687,1454,64.99055404131369,Via Santo Regolo,residential
688,689,45.31842209973799,Via Santo Regolo,residential
688,687,14.531646623687896,Via Santo Regolo,residential
689,695,82.1865857112419,Via Santo Regolo,residential
689,688,45.31842209973799,Via Santo Regolo,residential
690,640,106.65879175553063,Via delle Macchie,residential
690,1583,25.19490272542802,Via delle Macchie,residential
691,1583,23.851148047689964,Via delle Macchie,residential
691,1584,11.75682606414062,Via delle Macchie,residential
692,639,43.2422237802951,Via delle Macchie,residential
692,1587,16.501505896696514,Via delle Macchie,residential
693,638,10.511835469803824,Via delle Macchie,residential
693,1588,23.742781245317662,Via delle Macchie,residential
694,685,20.55993635803632,Via Santo Regolo,residential
694,684,52.856338058775904,Via Santo Regolo,residential
695,689,82.1865857112419,Via Santo Regolo,residential
696,579,52.08043901047903,Via Santo Regolo,tertiary
696,504,63.06544117883288,Via Santo Regolo,tertiary
697,686,38.005811422745836,Via Santo Regolo,residential
697,1457,75.54796014423748,Via Santo Regolo,residential
698,621,101.76639463707652,Via di Conella,residential
698,730,49.39160608406909,Via di Conella,residential
699,626,30.291600164074868,Via di Conella,residential
699,625,153.70700009667758,Via di Conella,residential
699,744,11.463100122725836,Via Malacoda,unclassified
700,615,17.703865564168577,Via di Conella,residential
700,702,48.790938057824135,Via di Conella,residential
701,707,41.125186040991906,Via di Conella,residential
701,1545,46.47954090047448,Via di Conella,residential
702,700,48.790938057824135,Via di Conella,residential
702,614,79.3597701010931,Via di Conella,residential
703,704,21.52208202249951,Via di Conella,residential
703,720,23.279925825980428,Via di Conella,residential
704,645,111.83125675133982,Via di Conella,residential
704,703,21.52208202249951,Via di Conella,residential
705,1618,38.417125122014205,Via delle Macchie,residential
705,1615,11.934292947247364,Via delle Macchie,residential
706,1522,45.06634589013069,Via di Conella,residential
706,1520,21.90612907362101,Via di Conella,residential
707,1546,8.033871465840894,Via di Conella,residential
707,701,41.125186040991906,Via di Conella,residential
708,1622,37.956857862237186,Via delle Macchie,unclassified
708,1529,14.819657568478076,Via delle Macchie,unclassified
709,1597,23.989195110727703,Via delle Macchie,residential
709,1596,7.633132813673355,Via delle Macchie,residential
710,725,27.420101936765125,Via di Conella,residential
710,718,29.76852049015801,Via di Conella,residential
711,731,60.42496116471758,Via di Conella,residential
711,616,97.8630856245688,Via di Conella,residential
712,1590,37.10654057981147,Via delle Macchie,residential
712,1589,12.295103200230074,Via delle Macchie,residential
713,727,67.5349162594552,Via di Conella,residential
713,618,67.22812948769644,Via di Conella,residential
714,1592,36.26617257389343,Via delle Macchie,residential
714,1424,66.73439602310036,Via delle Macchie,residential
715,634,29.493200674396814,Via delle Macchie,residential
715,1595,27.16015268697485,Via delle Macchie,residential
716,1389,7.713533548271975,Via di Conella,residential
716,1388,8.168364056276543,Via di Conella,residential
717,614,30.11677213576547,Via di Conella,residential
717,729,23.72169314408734,Via di Conella,residential
718,710,29.76852049015801,Via di Conella,residential
718,615,51.20614446114686,Via di Conella,residential
719,1634,7.547952232651336,Via delle Macchie,residential
719,1633,7.319016611719228,Via delle Macchie,residential
720,703,23.279925825980428,Via di Conella,residential
720,1488,5.941879471964967,Via di Conella,residential
721,620,90.31466466995491,Via di Conella,residential
721,619,68.79479949393767,Via di Conella,residential
722,646,7.899865482817733,Via di Conella,residential
722,627,8.775606561551216,Via di Conella,residential
723,729,40.73895313193908,Via di Conella,residential
723,66,85.88171183897914,Via di Conella,residential
724,1588,23.108189459481174,Via delle Macchie,residential
724,1590,36.713540450552294,Via delle Macchie,residential
725,616,26.498144446350267,Via di Conella,residential
725,710,27.420101936765125,Via di Conella,residential
726,1636,14.344048155601547,Via delle Macchie,residential
726,1631,11.547933006986804,Via delle Macchie,residential
727,619,71.29492182948958,Via di Conella,residential
727,713,67.5349162594552,Via di Conella,residential
728,646,29.291199621383832,Via di Conella,residential
728,1487,11.294093802690217,Via di Conella,residential
729,717,23.72169314408734,Via di Conella,residential
729,723,40.73895313193908,Via di Conella,residential
730,698,49.39160608406909,Via di Conella,residential
730,620,85.51314843235394,Via di Conella,residential
731,617,27.66593092644333,Via di Conella,residential
731,711,60.42496116471758,Via di Conella,residential
732,733,70.70613788252275,Via Malacoda,unclassified
732,1468,8.25498143067479,Via Malacoda,unclassified
733,1469,9.096489257411003,Via Malacoda,unclassified
733,732,70.70613788252275,Via Malacoda,unclassified
734,735,92.84591885051256,Via Malacoda,unclassified
734,1471,8.078193255934615,Via Malacoda,unclassified
735,1472,33.15991676325314,Via Malacoda,unclassified
735,734,92.84591885051256,Via Malacoda,unclassified
736,737,43.694178558627065,Via Malacoda,unclassified
736,1473,21.468226150385703,Via Malacoda,unclassified
737,1474,10.73588990987774,Via Malacoda,unclassified
737,736,43.694178558627065,Via Malacoda,unclassified
738,739,19.214703281202326,Via Malacoda,unclassified
738,1476,16.53135517280988,Via Malacoda,unclassified
739,1477,12.368568636834,Via Malacoda,unclassified
739,738,19.214703281202326,Via Malacoda,unclassified
740,741,20.806492078186665,Via Malacoda,unclassified
740,1480,5.678060121273841,Via Malacoda,unclassified
741,1481,11.29252371781345,Via Malacoda,unclassified
741,740,20.806492078186665,Via Malacoda,unclassified
742,1484,11.534098913958031,Via Malacoda,unclassified
742,1464,6.43330110902234,Via Malacoda,unclassified
743,1485,55.82988216832202,Via Malacoda,unclassified
743,1484,21.783942183307285,Via Malacoda,unclassified
744,699,11.463100122725836,Via Malacoda,unclassified
744,1486,24.74166800222706,Via Malacoda,unclassified
745,130,21.19177256297441,Via La Leccia,secondary
745,129,41.56648544198206,Via La Leccia,secondary
746,1857,6.342878738297853,Via Giorgio Kienerk,residential
746,1027,81.32839904288385,Via Giorgio Kienerk,residential
746,747,99.0572571418979,Via Giorgio Kienerk,residential
747,1028,10.235968563195978,Via Giorgio Kienerk,residential
748,1854,10.445303903020298,Unnamed,residential
748,1855,8.146254656132522,Unnamed,residential
749,135,14.356606351410598,Via La Leccia,secondary
749,158,33.39058267996131,Via La Leccia,secondary
750,423,23.91398236982252,Unnamed,residential
750,1854,41.02410402583648,Unnamed,residential
751,405,61.42951465491869,Via Pugnano,tertiary
751,404,67.44544962401083,Via Pugnano,tertiary
752,1361,46.24608554703549,Via Guglielmo Marconi,secondary
752,1462,34.69003765560681,Via Guglielmo Marconi,secondary
752,643,51.47617848940108,Via delle Macchie,residential
753,1006,20.283582395882927,Via Pugnano,tertiary
753,1978,48.12048276242972,Via Pugnano,tertiary
754,1,17.55951887415112,Strada Provinciale 31 Cucigliana Lorenzana,secondary
754,122,68.29708485695502,Strada Provinciale 31 Cucigliana Lorenzana,secondary
755,4,583.5393479489138,Strada Provinciale 31 Cucigliana Lorenzana,secondary
755,3,196.01328033919938,Strada Provinciale 31 Cucigliana Lorenzana,secondary
756,1339,17.03212722290147,Strada Provinciale 31 Cucigliana Lorenzana,secondary
756,9,26.293493063715054,Strada Provinciale 31 Cucigliana Lorenzana,secondary
757,1942,82.41982158979528,Via Filippo Mazzei,residential
757,1575,5.678856186028663,Via Pugnano,tertiary
757,1842,16.91082935827994,Via Pugnano,tertiary
758,1031,28.620840042815423,Via Filippo Mazzei,residential
758,1926,7.8415736751593474,Via Filippo Mazzei,residential
759,1924,44.95354749521949,Via Filippo Mazzei,residential
759,1032,17.662977054460182,Via Filippo Mazzei,residential
760,765,163.47927659119685,Unnamed,residential
760,16,246.1411168399397,Strada Provinciale 31 Cucigliana Lorenzana,secondary
760,15,63.43349186191074,Strada Provinciale 31 Cucigliana Lorenzana,secondary
761,1341,14.513737620731545,Unnamed,residential
761,1343,16.75214625381531,Unnamed,residential
762,1350,8.025980295388438,Unnamed,residential
763,1344,45.67420875515326,Unnamed,residential
763,764,28.61592666391718,Unnamed,residential
764,763,28.61592666391718,Unnamed,residential
764,1345,11.205035235797862,Unnamed,residential
765,760,163.47927659119685,Unnamed,residential
765,1342,14.533025956572567,Unnamed,residential
766,1470,4.009134263653342,Via Malacoda,unclassified
766,1469,4.324986799439422,Via Malacoda,unclassified
767,769,24.502172227898978,Via Malacoda,unclassified
767,578,23.383612062941882,Via Malacoda,unclassified
768,1467,4.928009800875336,Via Malacoda,unclassified
768,1466,5.921022311787415,Via Malacoda,unclassified
769,1466,6.6239209379084025,Via Malacoda,unclassified
769,767,24.502172227898978,Via Malacoda,unclassified
770,819,18.219670391783318,Via Pontita,unclassified
770,776,19.680248132051286,Via Pontita,unclassified
771,1221,9.646399665467458,Via Pontita,unclassified
771,782,6.368771654976197,Via Pontita,unclassified
772,846,10.857241504865325,Unnamed,residential
772,475,13.562234686074648,Unnamed,residential
773,1195,26.843324869469917,Via Pontita,unclassified
773,1196,7.771934452892763,Via Pontita,unclassified
774,831,52.02551306439654,Unnamed,residential
774,837,33.35717942316833,Unnamed,residential
775,820,6.723295206380336,Unnamed,residential
775,838,37.93625369287469,Unnamed,residential
776,770,19.680248132051286,Via Pontita,unclassified
776,788,58.49441855821397,Via Pontita,unclassified
777,802,21.65340641723907,Unnamed,residential
777,1182,5.295724866155324,Unnamed,residential
778,1178,22.35077209634297,Via Querciole,secondary
778,50,72.21960817224465,Via Querciole,secondary
779,810,13.443551713910336,Via Pontita,unclassified
779,651,43.69458961134757,Via Pontita,unclassified
780,845,10.014528090928424,Unnamed,residential
780,834,3.0684267755735317,Unnamed,residential
781,1240,93.42481662403524,Via Pontita,unclassified
781,298,45.45234303881702,Via Pontita,unclassified
782,771,6.368771654976197,Via Pontita,unclassified
782,1222,27.835665971109176,Via Pontita,unclassified
783,1263,12.395134217335269,Via Querciole,secondary
783,1264,9.948486036770422,Via Querciole,secondary
784,844,13.285961471006159,Unnamed,residential
784,1185,12.048311201369412,Unnamed,residential
785,787,6.695882744707987,Unnamed,residential
785,795,11.61988624985433,Unnamed,residential
786,1267,14.978941551731111,Via Querciole,secondary
786,52,66.87565595481598,Via Querciole,secondary
787,792,40.73139990603736,Unnamed,residential
787,785,6.695882744707987,Unnamed,residential
788,776,58.49441855821397,Via Pontita,unclassified
788,1240,92.30469161278337,Via Pontita,unclassified
789,844,22.977786013258903,Unnamed,residential
789,851,5.927200522836655,Unnamed,residential
789,848,5.769864237073916,Unnamed,residential
790,1185,26.35031202997166,Unnamed,residential
790,1184,11.638139268057863,Unnamed,residential
791,842,16.02645492051889,Unnamed,residential
791,792,10.091148186055788,Unnamed,residential
792,791,10.091148186055788,Unnamed,residential
792,787,40.73139990603736,Unnamed,residential
793,45,18.658341010289842,Via Sorbo,secondary
793,1179,4.630831317477183,Via Sorbo,secondary
794,831,16.289734245182004,Unnamed,residential
795,785,11.61988624985433,Unnamed,residential
795,796,24.860248628392558,Unnamed,residential
796,795,24.860248628392558,Unnamed,residential
796,1181,3.6412158107469925,Unnamed,residential
797,472,11.195499288806458,Via Sorbo,secondary
797,1155,6.3892812102113,Via Sorbo,secondary
798,805,17.074628313618796,Via Pontita,unclassified
798,1216,12.060573632961967,Via Pontita,unclassified
799,826,39.372991429545955,Via del Sassone,unclassified
800,1232,6.550897990607657,Via Pontita,unclassified
800,1236,47.06300514469684,Via Pontita,unclassified
801,1650,39.77801610669902,Strada Provinciale 31 Cucigliana Lorenzana,secondary
801,11,141.74763943353395,Strada Provinciale 31 Cucigliana Lorenzana,secondary
802,834,22.44593854566764,Unnamed,residential
802,777,21.65340641723907,Unnamed,residential
803,1233,3.3473399855569266,Via Pontita,unclassified
803,1232,5.753674452209278,Via Pontita,unclassified
804,1214,7.953007006272512,Via Pontita,unclassified
804,1215,15.571138089277046,Via Pontita,unclassified
805,1215,34.16370223101521,Via Pontita,unclassified
805,798,17.074628313618796,Via Pontita,unclassified
806,1201,9.569712149737045,Via Pontita,unclassified
806,1200,12.458672969465065,Via Pontita,unclassified
807,853,43.862518387078474,Unnamed,residential
808,647,34.90460949022936,Via Pontita,unclassified
808,856,16.709555086729925,Via Pontita,unclassified
809,1218,5.7010677542995225,Via Pontita,unclassified
809,857,8.635929728792098,Via Pontita,unclassified
810,811,68.54468384410112,Via Pontita,unclassified
810,779,13.443551713910336,Via Pontita,unclassified
811,1207,9.243578292497489,Via Pontita,unclassified
811,810,68.54468384410112,Via Pontita,unclassified
812,850,47.18070962346799,Via Pontita,unclassified
812,1221,11.497088063738405,Via Pontita,unclassified
813,275,23.71669936361987,Via Pontita,unclassified
813,1194,31.09215721320182,Via Pontita,unclassified
814,1960,13.89458088411115,Via Casaferri,tertiary
814,341,8.4886619908763,Via Casaferri,tertiary
814,831,35.28273662635148,Unnamed,residential
815,1208,15.51982368526888,Via Pontita,unclassified
815,650,61.23147841464543,Via Pontita,unclassified
816,1239,8.974263914582755,Via Pontita,unclassified
816,1238,10.39403539301991,Via Pontita,unclassified
817,1225,17.767841462983423,Via Pontita,unclassified
817,852,156.0763598450291,Via Pontita,unclassified
818,1155,6.306630356240361,Via Sorbo,secondary
818,1156,5.177298689650843,Via Sorbo,secondary
819,1238,11.30610572297859,Via Pontita,unclassified
819,770,18.219670391783318,Via Pontita,unclassified
820,775,6.723295206380336,Unnamed,residential
820,46,8.112696063941536,Via Sorbo,secondary
820,45,73.97518942585003,Via Sorbo,secondary
821,1651,15.235422649112584,Via Pontita,unclassified
821,1201,21.102010149023474,Via Pontita,unclassified
822,1180,7.367287371914868,Unnamed,residential
822,1961,1.8550515961283747,Unnamed,residential
823,1219,8.837181207424685,Via Pontita,unclassified
823,1220,12.432340985798408,Via Pontita,unclassified
824,1235,3.528515341953805,Via Pontita,unclassified
824,1234,3.184259818229408,Via Pontita,unclassified
825,56,36.30716831950364,Via Querciole,secondary
825,55,35.69533117248055,Via Querciole,secondary
826,467,33.74496469095791,Via del Sassone,unclassified
826,799,39.372991429545955,Via del Sassone,unclassified
827,1229,30.335616946728507,Via Pontita,unclassified
827,1230,8.644925878452208,Via Pontita,unclassified
828,1989,4.724343233138613,Via Pontita,unclassified
828,1225,18.95908582016283,Via Pontita,unclassified
829,1265,12.22413831164002,Via Querciole,secondary
829,1266,23.730829700959198,Via Querciole,secondary
830,1237,12.888278663763446,Via Pontita,unclassified
830,1239,99.0460069861505,Via Pontita,unclassified
831,814,35.28273662635148,Unnamed,residential
831,794,16.289734245182004,Unnamed,residential
831,774,52.02551306439654,Unnamed,residential
832,1182,4.677837317344137,Unnamed,residential
832,1183,5.7721419452618035,Unnamed,residential
833,1961,40.54243750492303,Unnamed,residential
833,851,4.362240237039468,Unnamed,residential
834,780,3.0684267755735317,Unnamed,residential
834,802,22.44593854566764,Unnamed,residential
835,838,22.900947246492215,Unnamed,residential
835,836,39.48716620708309,Unnamed,residential
836,835,39.48716620708309,Unnamed,residential
836,847,40.02932745060252,Unnamed,residential
837,774,33.35717942316833,Unnamed,residential
838,775,37.93625369287469,Unnamed,residential
838,835,22.900947246492215,Unnamed,residential
839,1223,16.55458122206398,Via Pontita,unclassified
839,1224,11.669509413434817,Via Pontita,unclassified
840,843,93.75789379384548,Via Pontita,unclassified
840,1212,9.552527752406512,Via Pontita,unclassified
841,654,34.25756816678,Via Pontita,unclassified
841,1199,16.236999667252885,Via Pontita,unclassified
842,1984,15.802445814542692,Via Casaferri,tertiary
842,346,5.868798060540036,Via Casaferri,tertiary
842,791,16.02645492051889,Unnamed,residential
843,1211,7.544123000191145,Via Pontita,unclassified
843,840,93.75789379384548,Via Pontita,unclassified
844,789,22.977786013258903,Unnamed,residential
844,784,13.285961471006159,Unnamed,residential
845,1181,3.955456021835015,Unnamed,residential
845,780,10.014528090928424,Unnamed,residential
846,848,9.483320427927971,Unnamed,residential
846,772,10.857241504865325,Unnamed,residential
847,836,40.02932745060252,Unnamed,residential
848,789,5.769864237073916,Unnamed,residential
848,846,9.483320427927971,Unnamed,residential
849,1216,10.986012003590723,Via Pontita,unclassified
849,1217,10.559266816058754,Via Pontita,unclassified
850,1220,16.554469009676072,Via Pontita,unclassified
850,812,47.18070962346799,Via Pontita,unclassified
851,833,4.362240237039468,Unnamed,residential
851,789,5.927200522836655,Unnamed,residential
852,817,156.0763598450291,Via Pontita,unclassified
852,1226,13.473116930194092,Via Pontita,unclassified
853,1184,13.324373511354036,Unnamed,residential
853,807,43.862518387078474,Unnamed,residential
854,1227,18.35702066300387,Via Pontita,unclassified
854,1228,21.46119781938728,Via Pontita,unclassified
855,1205,14.991808334622354,Via Pontita,unclassified
855,1206,16.929260622896617,Via Pontita,unclassified
856,808,16.709555086729925,Via Pontita,unclassified
856,1214,10.166250257355012,Via Pontita,unclassified
857,809,8.635929728792098,Via Pontita,unclassified
857,1219,29.879901504879278,Via Pontita,unclassified
858,1833,58.470559707058825,Via delle Fornacelle,residential
858,882,121.52201853564318,Via delle Fornacelle,residential
859,931,27.4469414880467,Via delle Fornacelle,residential
859,911,52.19422268721315,Via delle Fornacelle,residential
860,902,80.0529788525406,Unnamed,unclassified
860,936,64.15649027804677,Unnamed,unclassified
861,909,10.628090346179146,Via Sorbo,secondary
861,999,28.258339506782573,Via Sorbo,secondary
862,870,30.20448050247009,Unnamed,unclassified
862,892,18.65275857878175,Unnamed,unclassified
863,43,63.82418544389353,Via Sorbo,secondary
863,42,87.90914151968941,Via Sorbo,secondary
864,940,32.287120981473116,Unnamed,unclassified
864,920,21.124710484828487,Unnamed,unclassified
865,266,6.134444430927706,Via Valleregli,tertiary
865,265,11.49455189404097,Via Valleregli,tertiary
866,1150,44.16605612942755,Via Sorbo,secondary
866,1151,38.44546390337863,Via Sorbo,secondary
867,1836,19.334001332219138,Via delle Fornacelle,residential
867,1835,4.846089844096546,Via delle Fornacelle,residential
868,1835,6.666626350756609,Via delle Fornacelle,residential
868,1834,9.489121959178926,Via delle Fornacelle,residential
869,917,37.24402986327941,Via delle Fornacelle,residential
869,874,30.609689803611158,Via delle Fornacelle,residential
870,918,63.151971838777214,Unnamed,unclassified
870,862,30.20448050247009,Unnamed,unclassified
871,874,48.311015133033195,Via delle Fornacelle,residential
871,1548,16.873691286912575,Via delle Fornacelle,residential
872,999,2.35284781905296,Via Sorbo,secondary
872,1144,27.025286093808052,Via Sorbo,secondary
873,1149,15.895678353758553,Via Sorbo,secondary
873,1150,25.788859725747862,Via Sorbo,secondary
874,869,30.609689803611158,Via delle Fornacelle,residential
874,871,48.311015133033195,Via delle Fornacelle,residential
875,928,65.15877458399189,Unnamed,unclassified
875,1490,25.900145087055932,Unnamed,unclassified
876,267,139.46711712854056,Via Valleregli,tertiary
876,912,18.760147779209216,Via Valleregli,tertiary
877,899,27.662766693030903,Via delle Fornacelle,residential
877,879,30.73441462309227,Via delle Fornacelle,residential
878,880,109.20394371330734,Via delle Fornacelle,residential
878,934,62.046555302686556,Via delle Fornacelle,residential
879,877,30.73441462309227,Via delle Fornacelle,residential
879,932,133.00739802876822,Via delle Fornacelle,residential
880,923,33.33283177367678,Via delle Fornacelle,residential
880,878,109.20394371330734,Via delle Fornacelle,residential
881,930,33.10959754666647,Via delle Fornacelle,residential
881,885,53.352591796378945,Unnamed,unclassified
881,888,38.958252138352584,Via delle Fornacelle,residential
882,858,121.52201853564318,Via delle Fornacelle,residential
882,1547,27.673208842826096,Via delle Fornacelle,residential
883,934,58.33642149693736,Via delle Fornacelle,residential
883,901,27.492181482844874,Via delle Fornacelle,residential
884,901,18.043591357544027,Via delle Fornacelle,residential
884,916,52.2218189657582,Via delle Fornacelle,residential
885,890,35.721193770982936,Unnamed,unclassified
885,881,53.352591796378945,Unnamed,unclassified
886,892,58.995164924207096,Unnamed,unclassified
886,910,63.50375452655606,Unnamed,unclassified
887,1498,23.002888702906244,Via delle Fornacelle,residential
887,1836,59.111117129351825,Via delle Fornacelle,residential
888,1547,35.95717461165494,Via delle Fornacelle,residential
888,881,38.958252138352584,Via delle Fornacelle,residential
889,939,69.4518067462797,Via delle Fornacelle,residential
889,1833,27.810423048250655,Via delle Fornacelle,residential
890,933,40.518972190195456,Unnamed,unclassified
890,885,35.721193770982936,Unnamed,unclassified
891,1838,16.180464186870925,Via delle Fornacelle,residential
891,931,34.42035204171275,Via delle Fornacelle,residential
892,862,18.65275857878175,Unnamed,unclassified
892,886,58.995164924207096,Unnamed,unclassified
893,911,21.451820069155414,Via delle Fornacelle,residential
893,907,31.072883371094328,Via delle Fornacelle,residential
894,897,45.24215607225283,Unnamed,unclassified
894,895,37.26034028117476,Unnamed,unclassified
895,894,37.26034028117476,Unnamed,unclassified
895,903,131.04962647300948,Unnamed,unclassified
896,208,23.24486282542793,Unnamed,unclassified
896,897,26.348737289350122,Unnamed,unclassified
897,896,26.348737289350122,Unnamed,unclassified
897,894,45.24215607225283,Unnamed,unclassified
898,914,30.693729422138055,Via delle Fornacelle,residential
898,915,34.53986268025283,Via delle Fornacelle,residential
899,1786,23.44177881445103,Via delle Fornacelle,residential
899,877,27.662766693030903,Via delle Fornacelle,residential
900,1159,10.885783192158092,Via Sorbo,secondary
900,1160,6.39711260878758,Via Sorbo,secondary
901,883,27.492181482844874,Via delle Fornacelle,residential
901,884,18.043591357544027,Via delle Fornacelle,residential
902,903,33.66581866399869,Unnamed,unclassified
902,860,80.0529788525406,Unnamed,unclassified
903,895,131.04962647300948,Unnamed,unclassified
903,902,33.66581866399869,Unnamed,unclassified
904,907,23.280540719566606,Via delle Fornacelle,residential
904,917,19.554060225269474,Via delle Fornacelle,residential
905,913,60.81633194921142,Via delle Fornacelle,residential
905,923,20.322601332793884,Via delle Fornacelle,residential
906,908,19.074144980049176,Unnamed,unclassified
906,925,38.27139097790877,Unnamed,unclassified
907,893,31.072883371094328,Via delle Fornacelle,residential
907,904,23.280540719566606,Via delle Fornacelle,residential
908,910,31.149518150776736,Unnamed,unclassified
908,906,19.074144980049176,Unnamed,unclassified
909,42,58.95729427950937,Via Sorbo,secondary
909,861,10.628090346179146,Via Sorbo,secondary
910,886,63.50375452655606,Unnamed,unclassified
910,908,31.149518150776736,Unnamed,unclassified
911,859,52.19422268721315,Via delle Fornacelle,residential
911,893,21.451820069155414,Via delle Fornacelle,residential
912,876,18.760147779209216,Via Valleregli,tertiary
912,266,12.51141968740796,Via Valleregli,tertiary
913,1548,7.329163544676004,Via delle Fornacelle,residential
913,905,60.81633194921142,Via delle Fornacelle,residential
914,916,25.711014005812082,Via delle Fornacelle,residential
914,898,30.693729422138055,Via delle Fornacelle,residential
915,898,34.53986268025283,Via delle Fornacelle,residential
915,1089,13.175030602784393,Via delle Fornacelle,residential
916,884,52.2218189657582,Via delle Fornacelle,residential
916,914,25.711014005812082,Via delle Fornacelle,residential
917,904,19.554060225269474,Via delle Fornacelle,residential
917,869,37.24402986327941,Via delle Fornacelle,residential
918,920,22.072933445959862,Unnamed,unclassified
918,870,63.151971838777214,Unnamed,unclassified
919,921,43.73165931259829,Unnamed,unclassified
919,940,56.09765931188019,Unnamed,unclassified
920,864,21.124710484828487,Unnamed,unclassified
920,918,22.072933445959862,Unnamed,unclassified
921,938,20.20943792420609,Unnamed,unclassified
921,919,43.73165931259829,Unnamed,unclassified
922,1279,7.248069363956375,Via Valleregli,tertiary
922,1280,6.338069272265457,Via Valleregli,tertiary
923,905,20.322601332793884,Via delle Fornacelle,residential
923,880,33.33283177367678,Via delle Fornacelle,residential
924,258,24.797840382581526,Via Valleregli,tertiary
924,656,8.16787834579329,Via Valleregli,tertiary
925,906,38.27139097790877,Unnamed,unclassified
925,927,23.050119043310517,Unnamed,unclassified
926,1648,1.4180460490905815,Via Valleregli,tertiary
926,1275,12.641102700786846,Via Valleregli,tertiary
927,925,23.050119043310517,Unnamed,unclassified
927,928,18.23866189476189,Unnamed,unclassified
928,927,18.23866189476189,Unnamed,unclassified
928,875,65.15877458399189,Unnamed,unclassified
929,265,10.401538545073837,Via Valleregli,tertiary
929,264,19.819017397738445,Via Valleregli,tertiary
930,881,33.10959754666647,Via delle Fornacelle,residential
930,1837,95.32580718099327,Via delle Fornacelle,residential
931,891,34.42035204171275,Via delle Fornacelle,residential
931,859,27.4469414880467,Via delle Fornacelle,residential
932,879,133.00739802876822,Via delle Fornacelle,residential
932,1498,26.03108403974814,Via delle Fornacelle,residential
933,1490,45.93227647591788,Unnamed,unclassified
933,890,40.518972190195456,Unnamed,unclassified
934,878,62.046555302686556,Via delle Fornacelle,residential
934,883,58.33642149693736,Via delle Fornacelle,residential
935,260,49.653749566315504,Via Valleregli,tertiary
935,259,18.664804340914525,Via Valleregli,tertiary
936,860,64.15649027804677,Unnamed,unclassified
936,937,46.475010124383935,Unnamed,unclassified
937,936,46.475010124383935,Unnamed,unclassified
937,938,24.49182544045156,Unnamed,unclassified
938,937,24.49182544045156,Unnamed,unclassified
938,921,20.20943792420609,Unnamed,unclassified
939,1834,11.62478735529992,Via delle Fornacelle,residential
939,889,69.4518067462797,Via delle Fornacelle,residential
940,919,56.09765931188019,Unnamed,unclassified
940,864,32.287120981473116,Unnamed,unclassified
941,1288,14.980648573004622,Strada Provinciale 35 delle colline di Lari,secondary
941,19,13.663852197691655,Strada Provinciale 35 delle colline di Lari,secondary
942,302,86.50869879453626,Strada Provinciale 35 delle colline di Lari,secondary
942,1288,11.975506102922411,Strada Provinciale 35 delle colline di Lari,secondary
943,659,27.944832513346032,Via dei Poggetti,residential
943,1819,8.986234450705886,Unnamed,residential
944,1819,15.438704986673839,Unnamed,residential
944,1820,11.342284376211506,Unnamed,residential
945,1820,13.382200942390961,Unnamed,residential
946,660,43.478649525118016,Via dei Poggetti,unclassified
946,659,30.531650186539068,Via dei Poggetti,unclassified
947,1811,2.864766756178452,Via dei Poggetti,unclassified
947,1815,3.402643037964363,Via dei Poggetti,unclassified
948,949,25.356613787438317,Via dei Poggetti,unclassified
948,665,18.2827025859875,Via dei Poggetti,unclassified
949,950,21.781225015882125,Via dei Poggetti,unclassified
949,948,25.356613787438317,Via dei Poggetti,unclassified
950,951,26.90958180785961,Via dei Poggetti,unclassified
950,949,21.781225015882125,Via dei Poggetti,unclassified
951,666,34.80128202718889,Via dei Poggetti,unclassified
951,950,26.90958180785961,Via dei Poggetti,unclassified
952,953,74.29022276855078,Via dei Poggetti,unclassified
952,666,64.55050465980553,Via dei Poggetti,unclassified
953,667,11.906071598731646,Via dei Poggetti,unclassified
953,952,74.29022276855078,Via dei Poggetti,unclassified
954,1794,6.295543687406934,Via dei Poggetti,unclassified
954,1793,6.267337612878346,Via dei Poggetti,unclassified
955,1798,5.196360446129657,Via dei Poggetti,unclassified
955,1797,6.668337476165659,Via dei Poggetti,unclassified
956,1799,5.529462723932014,Via dei Poggetti,unclassified
956,1798,4.349975653330436,Via dei Poggetti,unclassified
957,1787,1.5357614403514641,Via dei Poggetti,unclassified
957,669,10.169700791048882,Via dei Poggetti,unclassified
958,1789,4.464204489602967,Via dei Poggetti,unclassified
958,1788,4.807135089522918,Via dei Poggetti,unclassified
959,1791,16.87645836298629,Via dei Poggetti,unclassified
959,1789,4.415594654451058,Via dei Poggetti,unclassified
960,962,7.660666382580537,Via dei Poggetti,unclassified
960,961,9.435471300426094,Via dei Poggetti,unclassified
961,960,9.435471300426094,Via dei Poggetti,unclassified
961,674,14.814810601362703,Via dei Poggetti,unclassified
962,675,10.13282602273413,Via dei Poggetti,unclassified
962,960,7.660666382580537,Via dei Poggetti,unclassified
963,1800,13.874452501910515,Via dei Poggetti,unclassified
963,671,32.07020179386266,Via dei Poggetti,unclassified
964,1801,6.493571376194674,Via dei Poggetti,unclassified
964,1800,15.590937350457533,Via dei Poggetti,unclassified
965,1785,12.776056467790747,Via dei Poggetti,unclassified
965,675,64.59842553121909,Via dei Poggetti,unclassified
965,1803,10.999731192761885,Via dei Poggetti,residential
966,967,80.42828589715242,Via dei Poggetti,unclassified
966,1785,54.30343301233691,Via dei Poggetti,unclassified
967,968,6.28492138387586,Via dei Poggetti,unclassified
967,966,80.42828589715242,Via dei Poggetti,unclassified
968,969,6.199533566942949,Via dei Poggetti,unclassified
968,967,6.28492138387586,Via dei Poggetti,unclassified
969,970,17.601245216632762,Via dei Poggetti,unclassified
969,968,6.199533566942949,Via dei Poggetti,unclassified
970,971,6.815645022801733,Via dei Poggetti,unclassified
970,969,17.601245216632762,Via dei Poggetti,unclassified
971,972,5.4703842593063134,Via dei Poggetti,unclassified
971,970,6.815645022801733,Via dei Poggetti,unclassified
971,1821,23.55948017912535,Via dei Poggetti,residential
972,676,113.83237268262134,Via dei Poggetti,unclassified
972,971,5.4703842593063134,Via dei Poggetti,unclassified
973,199,9.432208361969993,Via dei Poggetti,unclassified
973,198,10.116234722861105,Via dei Poggetti,unclassified
974,195,8.509792608449201,Via dei Poggetti,unclassified
974,194,8.276977575164423,Via dei Poggetti,unclassified
975,977,52.71231356635349,Via dei Poggetti,unclassified
975,1831,36.26624953459166,Via dei Poggetti,unclassified
976,192,18.070539550051368,Via dei Poggetti,unclassified
976,191,17.016035407176965,Via dei Poggetti,unclassified
977,677,80.37874353664624,Via dei Poggetti,unclassified
977,975,52.71231356635349,Via dei Poggetti,unclassified
978,186,13.608222624754166,Via dei Poggetti,unclassified
978,185,13.631975250157037,Via dei Poggetti,unclassified
979,980,8.692708897206337,Via dei Poggetti,unclassified
979,677,12.344401578445169,Via dei Poggetti,unclassified
980,981,5.976240401764178,Via dei Poggetti,unclassified
980,979,8.692708897206337,Via dei Poggetti,unclassified
981,982,7.521870430591671,Via dei Poggetti,unclassified
981,980,5.976240401764178,Via dei Poggetti,unclassified
982,983,43.398828016325055,Via dei Poggetti,unclassified
982,981,7.521870430591671,Via dei Poggetti,unclassified
983,984,64.91744389020293,Via dei Poggetti,unclassified
983,982,43.398828016325055,Via dei Poggetti,unclassified
984,985,8.361033567141037,Via dei Poggetti,unclassified
984,983,64.91744389020293,Via dei Poggetti,unclassified
985,678,14.101936252640076,Via dei Poggetti,unclassified
985,984,8.361033567141037,Via dei Poggetti,unclassified
986,1772,56.09708863048357,Via dei Poggetti,unclassified
986,678,30.624184722898246,Via dei Poggetti,unclassified
987,182,21.584194770550166,Via dei Poggetti,unclassified
987,181,19.069992579323078,Via dei Poggetti,unclassified
988,181,25.73101563242105,Via dei Poggetti,unclassified
988,989,23.42397408432421,Via dei Poggetti,unclassified
989,988,23.42397408432421,Via dei Poggetti,unclassified
989,180,26.948657900152885,Via dei Poggetti,unclassified
990,177,29.536872058217654,Via dei Poggetti,tertiary
990,1775,8.06710943531537,Via dei Poggetti,tertiary
991,1773,3.416370830276959,Via dei Poggetti,tertiary
991,1774,7.776088385226116,Via dei Poggetti,tertiary
992,174,65.67907905810354,Via dei Poggetti,tertiary
992,173,20.869547162691404,Via dei Poggetti,tertiary
993,172,85.63716041633168,Via dei Poggetti,tertiary
993,171,23.653461540033405,Via dei Poggetti,tertiary
994,425,10.919885742465864,Via delle Fornacelle,residential
994,1786,36.45983855535582,Via delle Fornacelle,residential
995,1839,6.7459318625576925,Via dei Poggetti,tertiary
995,168,15.280740313306879,Via dei Poggetti,tertiary
996,167,51.55593752576394,Via dei Poggetti,tertiary
996,166,78.03741635220725,Via dei Poggetti,tertiary
997,1087,36.04720962933483,Strada Provinciale 21 del Piano della Tora,secondary
997,115,76.90133876708104,Strada Provinciale 21 del Piano della Tora,secondary
998,66,27.601951372943265,Via Fondo la Grotta,secondary
998,1367,20.800346357187557,Strada Provinciale 21 del Piano della Tora,secondary
999,872,2.35284781905296,Via Sorbo,secondary
999,861,28.258339506782573,Via Sorbo,secondary
1000,1122,14.68956705631156,Via Poggio alla Farnia,tertiary
1000,313,10.12987156389779,Via Poggio alla Farnia,tertiary
1001,1002,15.60655675175578,Via Poggio alla Farnia,tertiary
1001,1123,37.62003364529996,Via Poggio alla Farnia,tertiary
1002,314,15.425634397775342,Via Poggio alla Farnia,tertiary
1002,1001,15.60655675175578,Via Poggio alla Farnia,tertiary
1003,316,26.371264970892582,Via Poggio alla Farnia,tertiary
1003,315,9.975749420511871,Via Poggio alla Farnia,tertiary
1004,1118,25.110069070896582,Via Poggio alla Farnia,tertiary
1004,1551,42.33688694457869,Via Poggio alla Farnia,tertiary
1005,1980,434.5933580809886,Strada Provinciale 31 Cucigliana Lorenzana,secondary
1005,2,146.1694540727259,Strada Provinciale 31 Cucigliana Lorenzana,secondary
1006,399,128.75571990164391,Via Pugnano,tertiary
1006,753,20.283582395882927,Via Pugnano,tertiary
1007,1013,5.9805056117152064,Unnamed,residential
1007,1008,10.779084915978558,Unnamed,residential
1008,1007,10.779084915978558,Unnamed,residential
1008,1012,51.39327002457303,Unnamed,residential
1009,1013,13.065842202978407,Unnamed,residential
1009,1010,22.265507369731633,Unnamed,residential
1010,1009,22.265507369731633,Unnamed,residential
1011,1962,1.0352436054840415,Corso della Repubblica,tertiary
1011,1963,2.957789227158485,Corso della Repubblica,tertiary
1012,1008,51.39327002457303,Unnamed,residential
1012,278,14.770638252383543,Via Valleregli,tertiary
1012,277,23.54348788107022,Via Valleregli,tertiary
1013,1009,13.065842202978407,Unnamed,residential
1013,1007,5.9805056117152064,Unnamed,residential
1014,1966,1.4770358362544436,Corso della Repubblica,tertiary
1014,1965,2.9353764270270335,Corso della Repubblica,tertiary
1015,1508,53.67354182703362,Vicolo Bocci,residential
1015,1509,15.1476098415055,Vicolo Bocci,residential
1016,1024,14.934326490502862,Corso della Repubblica,tertiary
1016,283,19.016007120768865,Corso della Repubblica,tertiary
1017,1289,43.89843406005798,Vicolo del Teatro,residential
1018,1510,16.807608739388904,Vicolo Bocci,residential
1018,274,26.205189276032495,Vicolo Bocci,residential
1019,1509,12.21104184520101,Vicolo Bocci,residential
1019,1510,43.31182294519235,Vicolo Bocci,residential
1020,1963,14.955747442404796,Corso della Repubblica,tertiary
1020,1964,1.687549270736549,Corso della Repubblica,tertiary
1021,287,23.420743951595952,Via Enrico Fermi,unclassified
1021,288,48.558718691349966,Via della Colombaia,unclassified
1022,1508,16.04434742159452,Vicolo Bocci,residential
1023,1518,11.041936855488208,Corso della Repubblica,tertiary
1023,288,8.808986001597258,Corso della Repubblica,tertiary
1024,284,28.679137441360623,Corso della Repubblica,tertiary
1024,1016,14.934326490502862,Corso della Repubblica,tertiary
1025,1026,20.46052173803048,Via Chiostra Prima,residential
1026,1025,20.46052173803048,Via Chiostra Prima,residential
1026,1290,59.64282091792301,Via Chiostra Prima,residential
1027,746,81.32839904288385,Via Giorgio Kienerk,residential
1027,1030,27.41688243641625,Via Giorgio Kienerk,residential
1028,1576,3.984039590233202,Via Giorgio Kienerk,residential
1029,1922,27.07902731789541,Via Giorgio Kienerk,residential
1029,1030,19.281321337329164,Via Giorgio Kienerk,residential
1030,1027,27.41688243641625,Via Giorgio Kienerk,residential
1030,418,44.4643416395854,Via Giorgio Kienerk,residential
1031,1925,10.1587920317316,Via Filippo Mazzei,residential
1031,758,28.620840042815423,Via Filippo Mazzei,residential
1032,759,17.662977054460182,Via Filippo Mazzei,residential
1032,1925,10.98959112701032,Via Filippo Mazzei,residential
1033,1946,12.736015678113255,Via Filippo Mazzei,residential
1034,1943,60.06146063866185,Via Filippo Mazzei,residential
1034,1351,20.58989436095795,Via Filippo Mazzei,residential
1035,1945,45.86811914771314,Via Filippo Mazzei,residential
1035,1924,8.810422683654952,Via Filippo Mazzei,residential
1035,1944,41.05462998455547,Via Filippo Mazzei,residential
1036,417,27.11805398384956,Via Pugnano,tertiary
1036,1041,10.889131525026238,Via Pugnano,tertiary
1036,1038,77.01523898069209,Via Fratelli Gioli,residential
1037,1038,46.628996849845116,Via Fratelli Gioli,residential
1038,1037,46.628996849845116,Via Fratelli Gioli,residential
1038,1036,77.01523898069209,Via Fratelli Gioli,residential
1038,1569,57.57230701629287,Via Fratelli Gioli,residential
1039,1569,47.65073442137371,Via Fratelli Gioli,residential
1040,1041,29.394182749943525,Unnamed,residential
1041,1036,10.889131525026238,Via Pugnano,tertiary
1041,1575,19.311792105724784,Via Pugnano,tertiary
1042,1851,34.062911329032204,Unnamed,residential
1043,419,78.27023087086,Via Pugnano,tertiary
1043,1850,34.476943238680285,Via Pugnano,tertiary
1043,1042,26.959697673868273,Unnamed,residential
1044,1855,79.6266714382694,Unnamed,residential
1044,1501,40.51077051846698,Unnamed,residential
1045,416,78.49142977314253,Unnamed,residential
1046,397,60.87210845549652,Unnamed,residential
1047,1048,39.380063016762136,Via Guglielmo Marconi,secondary
1047,1361,32.092003011666,Via Guglielmo Marconi,secondary
1048,1357,7.851434738414977,Via Guglielmo Marconi,secondary
1048,1047,39.380063016762136,Via Guglielmo Marconi,secondary
1049,1336,25.397738381160394,Strada Provinciale 31 Cucigliana Lorenzana,secondary
1049,12,30.774404234895762,Strada Provinciale 31 Cucigliana Lorenzana,secondary
1050,238,17.860628036513305,Via Valleregli,tertiary
1050,1051,18.570876539157386,Via Valleregli,tertiary
1051,1050,18.570876539157386,Via Valleregli,tertiary
1051,1423,27.722477403832507,Via Valleregli,tertiary
1052,236,9.085505247902127,Via Valleregli,tertiary
1052,248,23.671347738825908,Via Valleregli,tertiary
1053,460,38.32452961737827,Via Scacciapolli,unclassified
1053,459,36.63614415132586,Via Scacciapolli,unclassified
1054,462,38.5351965735967,Via Scacciapolli,unclassified
1054,461,26.050914092291396,Via Scacciapolli,unclassified
1055,464,30.51208389891261,Via Scacciapolli,unclassified
1055,463,31.30020868589764,Via Scacciapolli,unclassified
1056,448,60.213368125170696,Via Scacciapolli,unclassified
1056,465,32.97123405209437,Via Scacciapolli,unclassified
1057,450,39.56099364686802,Via Scacciapolli,unclassified
1057,449,38.28982371520455,Via Scacciapolli,unclassified
1058,455,49.03111360035146,Via Scacciapolli,unclassified
1058,454,16.671735788481648,Via Scacciapolli,unclassified
1059,456,33.3822231236757,Via Scacciapolli,unclassified
1059,455,29.469347250168422,Via Scacciapolli,unclassified
1060,437,23.11374688671463,Via Scacciapolli,unclassified
1060,436,35.316170999328456,Via Scacciapolli,unclassified
1061,1420,14.165676924196054,Via Scacciapolli,unclassified
1061,437,35.23014082058463,Via Scacciapolli,unclassified
1062,440,22.395227605698285,Via Scacciapolli,unclassified
1062,439,51.09380701383434,Via Scacciapolli,unclassified
1063,679,32.99952430401658,Via Postignano Prima,residential
1063,1453,14.85125249142764,Via Postignano Prima,residential
1064,1453,24.78377428437596,Via Postignano Prima,residential
1065,1066,78.35264092388375,Via Postignano Prima,residential
1065,679,57.131772754875385,Via Postignano Prima,residential
1066,1067,128.76304185636695,Via Postignano Prima,residential
1066,1065,78.35264092388375,Via Postignano Prima,residential
1067,680,129.89130663115256,Via Postignano Prima,residential
1067,1066,128.76304185636695,Via Postignano Prima,residential
1068,1069,16.093506950152317,Via Postignano Prima,residential
1068,680,22.573854387616695,Via Postignano Prima,residential
1069,1070,29.78965602070436,Via Postignano Prima,residential
1069,1068,16.093506950152317,Via Postignano Prima,residential
1070,1505,10.307388099471448,Via Postignano Prima,residential
1070,1069,29.78965602070436,Via Postignano Prima,residential
1071,1072,47.29774177585449,Via Postignano Prima,residential
1071,1456,19.186652410894403,Via Postignano Prima,residential
1072,1528,58.70369250362108,Via Postignano Prima,residential
1072,1071,47.29774177585449,Via Postignano Prima,residential
1073,1074,28.966055081522494,Via Postignano Prima,residential
1073,1527,15.191438441093563,Via Postignano Prima,residential
1074,683,57.14763855781607,Via Postignano Prima,residential
1074,1073,28.966055081522494,Via Postignano Prima,residential
1075,1076,22.611885505019114,Via Postignano Prima,residential
1075,683,76.27863167223335,Via Postignano Prima,residential
1076,1077,32.17808845662249,Via Postignano Prima,residential
1076,1075,22.611885505019114,Via Postignano Prima,residential
1077,1078,35.726183328741485,Via Postignano Prima,residential
1077,1076,32.17808845662249,Via Postignano Prima,residential
1078,1079,51.706948512288776,Via Postignano Prima,residential
1078,1077,35.726183328741485,Via Postignano Prima,residential
1079,1783,30.13085003979251,Via Postignano Prima,residential
1079,1078,51.706948512288776,Via Postignano Prima,residential
1080,1782,10.684553331733117,Via Postignano Prima,residential
1080,1783,18.07055124330901,Via Postignano Prima,residential
1081,1776,11.811610630205678,Via Postignano Prima,residential
1081,1083,14.7893818142625,Via Postignano Prima,residential
1082,1780,7.773712464554318,Via Postignano Prima,residential
1082,1781,14.74773006825003,Via Postignano Prima,residential
1083,1081,14.7893818142625,Via Postignano Prima,residential
1083,1779,15.889592306207039,Via Postignano Prima,residential
1084,1777,9.214764265191176,Via Postignano Prima,residential
1084,1776,9.374979063653065,Via Postignano Prima,residential
1085,1778,15.517011234572575,Via Postignano Prima,residential
1085,1777,9.24204560502194,Via Postignano Prima,residential
1086,94,22.871582094421733,Via Postignano Prima,residential
1086,1778,15.26432816670125,Via Postignano Prima,residential
1087,116,34.161312859603186,Strada Provinciale 21 del Piano della Tora,secondary
1087,997,36.04720962933483,Strada Provinciale 21 del Piano della Tora,secondary
1088,1972,38.6537672146753,Via Scacciapolli,unclassified
1088,447,8.242227694177535,Via Scacciapolli,unclassified
1089,915,13.175030602784393,Via delle Fornacelle,residential
1089,1994,153.26709995320772,Via delle Fornacelle,residential
1090,146,17.349695364802738,Via La Leccia,secondary
1090,147,14.018459698025099,Via La Leccia,secondary
1091,148,9.86896824665468,Via La Leccia,secondary
1091,143,8.556926320473034,Via La Leccia,secondary
1092,159,15.351754990603602,Via La Leccia,secondary
1092,134,15.072320323296871,Via La Leccia,secondary
1093,395,12.854883966053848,Via Poggio alla Farnia,tertiary
1093,1094,10.74541983964926,Via Poggio alla Farnia,tertiary
1094,1093,10.74541983964926,Via Poggio alla Farnia,tertiary
1094,394,7.859462537909065,Via Poggio alla Farnia,tertiary
1095,394,8.395637597264901,Via Poggio alla Farnia,tertiary
1095,393,9.448587245516897,Via Poggio alla Farnia,tertiary
1096,391,19.353444041442163,Via Poggio alla Farnia,tertiary
1096,390,19.59633015335911,Via Poggio alla Farnia,tertiary
1097,1891,10.022054485517,Via Poggio alla Farnia,tertiary
1097,389,24.309309038678908,Via Poggio alla Farnia,tertiary
1098,1874,15.781079010234041,Via Poggio alla Farnia,tertiary
1098,387,64.53449253633632,Via Poggio alla Farnia,tertiary
1099,1981,22.195601367045914,Via Poggio alla Farnia,tertiary
1099,386,17.324117986395766,Via Poggio alla Farnia,tertiary
1100,1494,4.895616344051412,Via Poggio alla Farnia,tertiary
1100,385,26.53744871023486,Via Poggio alla Farnia,tertiary
1101,1886,23.755599184325657,Via Poggio alla Farnia,tertiary
1101,384,15.343876591894851,Via Poggio alla Farnia,tertiary
1102,384,19.558472692566347,Via Poggio alla Farnia,tertiary
1102,1878,58.15824886240558,Via Poggio alla Farnia,tertiary
1103,1870,10.219031256269446,Via Poggio alla Farnia,tertiary
1103,1880,6.785887037093978,Via Poggio alla Farnia,tertiary
1104,1846,8.396616864695039,Via Poggio alla Farnia,tertiary
1104,1105,18.05364233349592,Via Poggio alla Farnia,tertiary
1105,1104,18.05364233349592,Via Poggio alla Farnia,tertiary
1105,378,20.55328418744956,Via Poggio alla Farnia,tertiary
1106,1871,21.458507247079833,Via Poggio alla Farnia,tertiary
1106,1883,10.236803929724667,Via Poggio alla Farnia,tertiary
1107,377,28.989197688949876,Via Poggio alla Farnia,tertiary
1107,1495,4.8018208519168,Via Poggio alla Farnia,tertiary
1108,1109,31.638748199013506,Via Poggio alla Farnia,tertiary
1108,1885,31.69940099034023,Via Poggio alla Farnia,tertiary
1109,1110,15.539240063115912,Via Poggio alla Farnia,tertiary
1109,1108,31.638748199013506,Via Poggio alla Farnia,tertiary
1110,1890,8.767715223588395,Via Poggio alla Farnia,tertiary
1110,1109,15.539240063115912,Via Poggio alla Farnia,tertiary
1111,229,75.29351866364703,Via Poggio alla Farnia,tertiary
1111,228,38.872326384233375,Via Poggio alla Farnia,tertiary
1112,228,42.23272906297455,Via Poggio alla Farnia,tertiary
1112,1919,9.384768857267211,Via Poggio alla Farnia,tertiary
1113,225,38.778004874625566,Via Poggio alla Farnia,tertiary
1113,1114,13.199388852374058,Via Poggio alla Farnia,tertiary
1114,1113,13.199388852374058,Via Poggio alla Farnia,tertiary
1114,223,83.15111125579543,Via Poggio alla Farnia,tertiary
1115,218,21.07495513353964,Via Poggio alla Farnia,tertiary
1115,217,14.5763807057066,Via Poggio alla Farnia,tertiary
1116,217,11.507480148636565,Via Poggio alla Farnia,tertiary
1116,216,45.68281083444096,Via Poggio alla Farnia,tertiary
1117,211,19.75694738037411,Via Poggio alla Farnia,tertiary
1117,210,22.59384737873086,Via Poggio alla Farnia,tertiary
1118,209,24.772515815510516,Via Poggio alla Farnia,tertiary
1118,1004,25.110069070896582,Via Poggio alla Farnia,tertiary
1119,315,10.982282569310694,Via Poggio alla Farnia,tertiary
1119,314,9.881610146051637,Via Poggio alla Farnia,tertiary
1120,313,19.954447720884794,Via Poggio alla Farnia,tertiary
1120,312,31.723899671832836,Via Poggio alla Farnia,tertiary
1121,1123,39.75024802449975,Via Poggio alla Farnia,tertiary
1121,1122,17.592674394742627,Via Poggio alla Farnia,tertiary
1122,1121,17.592674394742627,Via Poggio alla Farnia,tertiary
1122,1000,14.68956705631156,Via Poggio alla Farnia,tertiary
1123,1001,37.62003364529996,Via Poggio alla Farnia,tertiary
1123,1121,39.75024802449975,Via Poggio alla Farnia,tertiary
1124,310,8.243424340924905,Via Poggio alla Farnia,tertiary
1124,309,15.911338013307825,Via Poggio alla Farnia,tertiary
1125,312,24.52697257044861,Via Poggio alla Farnia,tertiary
1125,311,23.361363732041195,Via Poggio alla Farnia,tertiary
1126,311,14.458404231533413,Via Poggio alla Farnia,tertiary
1126,310,12.389331518818068,Via Poggio alla Farnia,tertiary
1127,309,13.766697647146568,Via Poggio alla Farnia,tertiary
1127,308,14.965185444710341,Via Poggio alla Farnia,tertiary
1128,308,19.47810248907112,Via Poggio alla Farnia,tertiary
1128,307,23.31527001521709,Via Poggio alla Farnia,tertiary
1129,324,14.014859957570774,Via Poggio alla Farnia,tertiary
1129,323,17.53942487600516,Via Poggio alla Farnia,tertiary
1130,323,15.136591547969264,Via Poggio alla Farnia,tertiary
1130,322,15.82736480469095,Via Poggio alla Farnia,tertiary
1131,322,42.00898455059008,Via Poggio alla Farnia,tertiary
1131,321,16.08278542224855,Via Poggio alla Farnia,tertiary
1132,320,19.25289228115752,Via Poggio alla Farnia,tertiary
1132,305,58.08058013342838,Via Poggio alla Farnia,tertiary
1133,304,84.80386289347835,Via Casaferri,tertiary
1133,1135,21.526581363507827,Via Casaferri,tertiary
1134,1135,17.10028362803185,Via Casaferri,tertiary
1134,1499,16.336097664280125,Via Casaferri,tertiary
1135,1133,21.526581363507827,Via Casaferri,tertiary
1135,1134,17.10028362803185,Via Casaferri,tertiary
1136,1921,10.350486543511012,Via Casaferri,tertiary
1136,347,60.148590686631124,Via Casaferri,tertiary
1137,303,31.84404636567652,Via Casaferri,tertiary
1137,1921,18.161432577172334,Via Casaferri,tertiary
1138,344,28.642486782754872,Via Casaferri,tertiary
1138,343,33.91573370708179,Via Casaferri,tertiary
1139,1140,12.250807336014383,Via Casaferri,tertiary
1139,1960,19.288600187818233,Via Casaferri,tertiary
1140,342,17.40854432203352,Via Casaferri,tertiary
1140,1139,12.250807336014383,Via Casaferri,tertiary
1141,343,26.326140729968195,Via Casaferri,tertiary
1141,1186,12.80677721084529,Via Casaferri,tertiary
1142,1143,11.270355345236215,Via Sorbo,secondary
1142,43,39.898393162102025,Via Sorbo,secondary
1143,44,8.608644420530657,Via Sorbo,secondary
1143,1142,11.270355345236215,Via Sorbo,secondary
1144,872,27.025286093808052,Via Sorbo,secondary
1144,41,26.00049219123562,Via Sorbo,secondary
1145,41,26.190161980526167,Via Sorbo,secondary
1145,474,31.72836842131751,Via Sorbo,secondary
1146,474,20.230058931659233,Via Sorbo,secondary
1146,40,24.360178730252812,Via Sorbo,secondary
1147,1507,39.55317963226891,Via Sorbo,secondary
1147,39,54.04976213352585,Via Sorbo,secondary
1148,39,63.92386873382298,Via Sorbo,secondary
1148,38,31.264632860564085,Via Sorbo,secondary
1149,38,14.228389662845006,Via Sorbo,secondary
1149,873,15.895678353758553,Via Sorbo,secondary
1150,873,25.788859725747862,Via Sorbo,secondary
1150,866,44.16605612942755,Via Sorbo,secondary
1151,866,38.44546390337863,Via Sorbo,secondary
1151,37,37.33697966421343,Via Sorbo,secondary
1152,36,7.428310507998801,Via Sorbo,secondary
1152,35,10.004466144857494,Via Sorbo,secondary
1153,306,14.072400081553837,Via Sorbo,secondary
1153,1154,4.4702262765447935,Via Sorbo,secondary
1154,1153,4.4702262765447935,Via Sorbo,secondary
1154,36,6.68739296492558,Via Sorbo,secondary
1155,797,6.3892812102113,Via Sorbo,secondary
1155,818,6.306630356240361,Via Sorbo,secondary
1156,818,5.177298689650843,Via Sorbo,secondary
1156,33,6.641370163174283,Via Sorbo,secondary
1157,33,7.303089299863265,Via Sorbo,secondary
1157,32,11.994967328600314,Via Sorbo,secondary
1158,1160,8.174184067149596,Via Sorbo,secondary
1158,30,9.347366567656461,Via Sorbo,secondary
1159,31,13.331628012268892,Via Sorbo,secondary
1159,900,10.885783192158092,Via Sorbo,secondary
1160,900,6.39711260878758,Via Sorbo,secondary
1160,1158,8.174184067149596,Via Sorbo,secondary
1161,1162,7.513840329068202,Via Sorbo,secondary
1161,426,5.64965981647034,Via Sorbo,secondary
1162,28,6.056012057098765,Via Sorbo,secondary
1162,1161,7.513840329068202,Via Sorbo,secondary
1163,426,7.8221914777684365,Via Botra,secondary
1163,1549,4.288646502545275,Via Botra,secondary
1164,1549,9.200661784197065,Via Botra,secondary
1164,27,29.9112252233214,Via Botra,secondary
1165,25,37.109374383660445,Via Botra,secondary
1165,1167,12.678274534993767,Via Botra,secondary
1166,1167,14.255169977290482,Via Botra,secondary
1166,24,31.02787211172607,Via Botra,secondary
1167,1165,12.678274534993767,Via Botra,secondary
1167,1166,14.255169977290482,Via Botra,secondary
1168,1489,2.937449201263963,Via Botra,secondary
1168,23,76.84740628336158,Via Botra,secondary
1169,1550,13.396460105709064,Via Botra,secondary
1169,1170,55.602576193383655,Via Botra,secondary
1170,1169,55.602576193383655,Via Botra,secondary
1170,1171,11.159494193517464,Via Botra,secondary
1171,1170,11.159494193517464,Via Botra,secondary
1171,22,41.388879013440125,Via Botra,secondary
1172,21,57.14737711142306,Via Botra,secondary
1172,1553,16.46926081765046,Via Botra,secondary
1173,1179,4.5636353352921475,Via Sorbo,secondary
1173,292,8.226390089282294,Via Sorbo,secondary
1174,1187,9.999721207310259,Via Sorbo,secondary
1174,466,11.76159911721742,Via Sorbo,secondary
1175,1176,13.39348563997514,Via Querciole,secondary
1175,48,34.524130611281734,Via Querciole,secondary
1176,1177,22.96756250290502,Via Querciole,secondary
1176,1175,13.39348563997514,Via Querciole,secondary
1177,49,23.71672140112773,Via Querciole,secondary
1177,1176,22.96756250290502,Via Querciole,secondary
1178,51,16.668049550228183,Via Querciole,secondary
1178,778,22.35077209634297,Via Querciole,secondary
1179,793,4.630831317477183,Via Sorbo,secondary
1179,1173,4.5636353352921475,Via Sorbo,secondary
1180,1183,2.5757424246747473,Unnamed,residential
1180,822,7.367287371914868,Unnamed,residential
1181,796,3.6412158107469925,Unnamed,residential
1181,845,3.955456021835015,Unnamed,residential
1182,777,5.295724866155324,Unnamed,residential
1182,832,4.677837317344137,Unnamed,residential
1183,832,5.7721419452618035,Unnamed,residential
1183,1180,2.5757424246747473,Unnamed,residential
1184,790,11.638139268057863,Unnamed,residential
1184,853,13.324373511354036,Unnamed,residential
1185,784,12.048311201369412,Unnamed,residential
1185,790,26.35031202997166,Unnamed,residential
1186,1141,12.80677721084529,Via Casaferri,tertiary
1186,342,12.420490851731623,Via Casaferri,tertiary
1187,1188,13.642466987750055,Via Sorbo,secondary
1187,1174,9.999721207310259,Via Sorbo,secondary
1188,47,12.905455678920868,Via Sorbo,secondary
1188,1187,13.642466987750055,Via Sorbo,secondary
1189,1192,7.021398853138605,Corso della Repubblica,tertiary
1189,279,21.08625541691387,Corso della Repubblica,tertiary
1190,1191,6.9872841953243485,Corso della Repubblica,tertiary
1190,1192,6.530875359914222,Corso della Repubblica,tertiary
1191,280,6.630964494962154,Corso della Repubblica,tertiary
1191,1190,6.9872841953243485,Corso della Repubblica,tertiary
1192,1190,6.530875359914222,Corso della Repubblica,tertiary
1192,1189,7.021398853138605,Corso della Repubblica,tertiary
1193,1519,22.729267727867217,Corso della Repubblica,tertiary
1193,281,22.6276401069616,Corso della Repubblica,tertiary
1194,813,31.09215721320182,Via Pontita,unclassified
1194,1195,26.02089365782077,Via Pontita,unclassified
1195,1194,26.02089365782077,Via Pontita,unclassified
1195,773,26.843324869469917,Via Pontita,unclassified
1196,773,7.771934452892763,Via Pontita,unclassified
1196,1197,7.9678786532541315,Via Pontita,unclassified
1197,1196,7.9678786532541315,Via Pontita,unclassified
1197,1198,14.68036455717794,Via Pontita,unclassified
1198,1197,14.68036455717794,Via Pontita,unclassified
1198,1969,12.510678395941122,Via Pontita,unclassified
1199,841,16.236999667252885,Via Pontita,unclassified
1199,1651,12.286613239001406,Via Pontita,unclassified
1200,806,12.458672969465065,Via Pontita,unclassified
1200,653,47.85711083318154,Via Pontita,unclassified
1201,821,21.102010149023474,Via Pontita,unclassified
1201,806,9.569712149737045,Via Pontita,unclassified
1202,653,48.300268159114076,Via Pontita,unclassified
1202,1203,24.11871873304002,Via Pontita,unclassified
1203,1202,24.11871873304002,Via Pontita,unclassified
1203,1993,10.335497562154828,Via Pontita,unclassified
1204,652,12.110412726540211,Via Pontita,unclassified
1204,1205,13.64907408246936,Via Pontita,unclassified
1205,1204,13.64907408246936,Via Pontita,unclassified
1205,855,14.991808334622354,Via Pontita,unclassified
1206,855,16.929260622896617,Via Pontita,unclassified
1206,1207,9.743648271473491,Via Pontita,unclassified
1207,1206,9.743648271473491,Via Pontita,unclassified
1207,811,9.243578292497489,Via Pontita,unclassified
1208,651,19.147808153936356,Via Pontita,unclassified
1208,815,15.51982368526888,Via Pontita,unclassified
1209,650,20.21627221782792,Via Pontita,unclassified
1209,1210,50.383746702886306,Via Pontita,unclassified
1210,1209,50.383746702886306,Via Pontita,unclassified
1210,649,44.19965941539603,Via Pontita,unclassified
1211,649,10.32650323582244,Via Pontita,unclassified
1211,843,7.544123000191145,Via Pontita,unclassified
1212,840,9.552527752406512,Via Pontita,unclassified
1212,1213,49.22852947486149,Via Pontita,unclassified
1213,1212,49.22852947486149,Via Pontita,unclassified
1213,648,31.026865884064424,Via Pontita,unclassified
1214,856,10.166250257355012,Via Pontita,unclassified
1214,804,7.953007006272512,Via Pontita,unclassified
1215,804,15.571138089277046,Via Pontita,unclassified
1215,805,34.16370223101521,Via Pontita,unclassified
1216,798,12.060573632961967,Via Pontita,unclassified
1216,849,10.986012003590723,Via Pontita,unclassified
1217,849,10.559266816058754,Via Pontita,unclassified
1217,1218,6.682852915854918,Via Pontita,unclassified
1218,1217,6.682852915854918,Via Pontita,unclassified
1218,809,5.7010677542995225,Via Pontita,unclassified
1219,857,29.879901504879278,Via Pontita,unclassified
1219,823,8.837181207424685,Via Pontita,unclassified
1220,823,12.432340985798408,Via Pontita,unclassified
1220,850,16.554469009676072,Via Pontita,unclassified
1221,812,11.497088063738405,Via Pontita,unclassified
1221,771,9.646399665467458,Via Pontita,unclassified
1222,782,27.835665971109176,Via Pontita,unclassified
1222,1223,15.928208972808756,Via Pontita,unclassified
1223,1222,15.928208972808756,Via Pontita,unclassified
1223,839,16.55458122206398,Via Pontita,unclassified
1224,839,11.669509413434817,Via Pontita,unclassified
1224,1989,6.336627391398874,Via Pontita,unclassified
1225,828,18.95908582016283,Via Pontita,unclassified
1225,817,17.767841462983423,Via Pontita,unclassified
1226,852,13.473116930194092,Via Pontita,unclassified
1226,1227,17.782414081735435,Via Pontita,unclassified
1227,1226,17.782414081735435,Via Pontita,unclassified
1227,854,18.35702066300387,Via Pontita,unclassified
1228,854,21.46119781938728,Via Pontita,unclassified
1228,1229,31.241902645132484,Via Pontita,unclassified
1229,1228,31.241902645132484,Via Pontita,unclassified
1229,827,30.335616946728507,Via Pontita,unclassified
1230,827,8.644925878452208,Via Pontita,unclassified
1230,1235,3.339742749554903,Via Pontita,unclassified
1231,1234,3.7242400396729773,Via Pontita,unclassified
1231,1233,2.9249645329464236,Via Pontita,unclassified
1232,803,5.753674452209278,Via Pontita,unclassified
1232,800,6.550897990607657,Via Pontita,unclassified
1233,1231,2.9249645329464236,Via Pontita,unclassified
1233,803,3.3473399855569266,Via Pontita,unclassified
1234,824,3.184259818229408,Via Pontita,unclassified
1234,1231,3.7242400396729773,Via Pontita,unclassified
1235,1230,3.339742749554903,Via Pontita,unclassified
1235,824,3.528515341953805,Via Pontita,unclassified
1236,800,47.06300514469684,Via Pontita,unclassified
1236,1237,13.217568925690287,Via Pontita,unclassified
1237,1236,13.217568925690287,Via Pontita,unclassified
1237,830,12.888278663763446,Via Pontita,unclassified
1238,816,10.39403539301991,Via Pontita,unclassified
1238,819,11.30610572297859,Via Pontita,unclassified
1239,830,99.0460069861505,Via Pontita,unclassified
1239,816,8.974263914582755,Via Pontita,unclassified
1240,788,92.30469161278337,Via Pontita,unclassified
1240,781,93.42481662403524,Via Pontita,unclassified
1241,1242,20.961988692950108,Via Augusto Bellini Pietri,unclassified
1241,297,15.063874727383636,Via Augusto Bellini Pietri,unclassified
1242,1243,38.20631033215679,Via Augusto Bellini Pietri,unclassified
1242,1241,20.961988692950108,Via Augusto Bellini Pietri,unclassified
1243,298,34.4013727493147,Via Augusto Bellini Pietri,unclassified
1243,1242,38.20631033215679,Via Augusto Bellini Pietri,unclassified
1244,297,8.657312345773667,Via Augusto Bellini Pietri,unclassified
1244,296,64.88227942849547,Via Augusto Bellini Pietri,unclassified
1245,295,12.225526391986682,Via Augusto Bellini Pietri,unclassified
1245,294,13.261241875961375,Via Augusto Bellini Pietri,unclassified
1246,294,9.090860022787798,Via Augusto Bellini Pietri,unclassified
1246,293,9.674002477843896,Via Augusto Bellini Pietri,unclassified
1247,293,89.09623873804058,Via Augusto Bellini Pietri,unclassified
1247,1248,44.610478839947056,Via Augusto Bellini Pietri,unclassified
1248,1247,44.610478839947056,Via Augusto Bellini Pietri,unclassified
1248,301,44.38028568752582,Via Augusto Bellini Pietri,unclassified
1249,301,45.70516029470731,Via Augusto Bellini Pietri,unclassified
1249,300,41.2334749165447,Via Augusto Bellini Pietri,unclassified
1250,299,20.409029203131247,Via Augusto Bellini Pietri,unclassified
1250,374,40.52838584211243,Via Augusto Bellini Pietri,unclassified
1251,1252,20.55919996336409,Via Augusto Bellini Pietri,unclassified
1251,373,21.80443885920863,Via Augusto Bellini Pietri,unclassified
1252,1253,25.032219483166262,Via Augusto Bellini Pietri,unclassified
1252,1251,20.55919996336409,Via Augusto Bellini Pietri,unclassified
1253,374,25.417176347970504,Via Augusto Bellini Pietri,unclassified
1253,1252,25.032219483166262,Via Augusto Bellini Pietri,unclassified
1254,1262,4.63354426551965,Via Querciole,secondary
1254,1261,3.576395907319172,Via Querciole,secondary
1255,1956,5.6814770792862435,Via Querciole,secondary
1255,1262,4.023445686408497,Via Querciole,secondary
1256,1257,37.30756756884332,Via Querciole,secondary
1256,59,20.290822005539027,Via Querciole,secondary
1257,1258,26.19944273102563,Via Querciole,secondary
1257,1256,37.30756756884332,Via Querciole,secondary
1258,60,24.342739573519133,Via Querciole,secondary
1258,1257,26.19944273102563,Via Querciole,secondary
1259,57,31.351814334284143,Via Querciole,secondary
1259,56,18.546327172317877,Via Querciole,secondary
1260,348,16.8507561041689,Via Querciole,secondary
1260,57,24.621003930872284,Via Querciole,secondary
1261,1254,3.576395907319172,Via Querciole,secondary
1261,348,5.751635628364827,Via Querciole,secondary
1262,1255,4.023445686408497,Via Querciole,secondary
1262,1254,4.63354426551965,Via Querciole,secondary
1263,55,17.839637990456133,Via Querciole,secondary
1263,783,12.395134217335269,Via Querciole,secondary
1264,783,9.948486036770422,Via Querciole,secondary
1264,54,10.474811139334697,Via Querciole,secondary
1265,54,10.823241080257512,Via Querciole,secondary
1265,829,12.22413831164002,Via Querciole,secondary
1266,829,23.730829700959198,Via Querciole,secondary
1266,53,21.08548194587523,Via Querciole,secondary
1267,53,15.282742353511454,Via Querciole,secondary
1267,786,14.978941551731111,Via Querciole,secondary
1268,268,11.26513018403128,Via Valleregli,tertiary
1268,267,11.491020745510282,Via Valleregli,tertiary
1269,269,9.89461860689893,Via Valleregli,tertiary
1269,268,9.406284387733006,Via Valleregli,tertiary
1270,270,14.086727340798607,Via Valleregli,tertiary
1270,269,12.128781020228587,Via Valleregli,tertiary
1271,1272,15.408022656339037,Via Valleregli,tertiary
1271,251,11.820213160251422,Via Valleregli,tertiary
1272,252,17.085647088946146,Via Valleregli,tertiary
1272,1271,15.408022656339037,Via Valleregli,tertiary
1273,253,10.199136024656221,Via Valleregli,tertiary
1273,252,12.62590588398757,Via Valleregli,tertiary
1274,1276,11.427012335684338,Via Valleregli,tertiary
1274,253,13.879860462092273,Via Valleregli,tertiary
1275,926,12.641102700786846,Via Valleregli,tertiary
1275,254,13.523987894436397,Via Valleregli,tertiary
1276,254,11.678906440244557,Via Valleregli,tertiary
1276,1274,11.427012335684338,Via Valleregli,tertiary
1277,256,16.194673628228077,Via Valleregli,tertiary
1277,255,16.777241066681587,Via Valleregli,tertiary
1278,258,18.058227209521593,Via Valleregli,tertiary
1278,257,16.887988143803334,Via Valleregli,tertiary
1279,257,10.550187186001052,Via Valleregli,tertiary
1279,922,7.248069363956375,Via Valleregli,tertiary
1280,922,6.338069272265457,Via Valleregli,tertiary
1280,256,7.474943750092502,Via Valleregli,tertiary
1281,240,72.95910634483657,Via Valleregli,tertiary
1281,1647,54.18006561073649,Via Valleregli,tertiary
1282,1395,37.4364332649395,Via Valleregli,tertiary
1282,240,57.35918504943683,Via Valleregli,tertiary
1283,1284,13.990176887264393,Via Valleregli,tertiary
1283,244,19.89201380510142,Via Valleregli,tertiary
1284,245,11.42471833179985,Via Valleregli,tertiary
1284,1283,13.990176887264393,Via Valleregli,tertiary
1285,246,34.482550429552134,Via Valleregli,tertiary
1285,1646,4.8603038577609405,Via Valleregli,tertiary
1286,248,66.13644281056952,Via Valleregli,tertiary
1286,247,32.849952882622595,Via Valleregli,tertiary
1287,62,20.906496603203838,Via Guglielmo Marconi,secondary
1287,1858,7.96675506590592,Via Guglielmo Marconi,secondary
1288,942,11.975506102922411,Strada Provinciale 35 delle colline di Lari,secondary
1288,941,14.980648573004622,Strada Provinciale 35 delle colline di Lari,secondary
1289,1017,43.89843406005798,Vicolo del Teatro,residential
1289,283,11.401389745100678,Vicolo del Teatro,residential
1290,1026,59.64282091792301,Via Chiostra Prima,residential
1290,282,10.857217212339947,Via Chiostra Prima,residential
1291,1292,12.76036000330054,Via Fondo la Grotta,secondary
1291,1759,34.881263301068905,Via Fondo la Grotta,secondary
1292,1291,12.76036000330054,Via Fondo la Grotta,secondary
1292,1756,43.651347983687565,Via Fondo la Grotta,secondary
1293,1867,17.89400566364021,Via Guglielmo Marconi,secondary
1293,1365,33.03984750926881,Via Guglielmo Marconi,secondary
1294,1364,107.53017848793604,Via Guglielmo Marconi,secondary
1294,1867,16.00267718962603,Via Guglielmo Marconi,secondary
1295,1296,9.199165233241656,Via del Camposanto,unclassified
1296,1297,9.57439278449384,Via del Camposanto,unclassified
1296,1295,9.199165233241656,Via del Camposanto,unclassified
1297,1298,10.57772972296576,Via del Camposanto,unclassified
1297,1296,9.57439278449384,Via del Camposanto,unclassified
1298,1299,18.209021188327537,Via del Camposanto,unclassified
1298,1297,10.57772972296576,Via del Camposanto,unclassified
1299,1300,11.987097901875396,Via del Camposanto,unclassified
1299,1298,18.209021188327537,Via del Camposanto,unclassified
1300,1301,7.071743101992224,Via del Camposanto,unclassified
1300,1299,11.987097901875396,Via del Camposanto,unclassified
1301,1302,5.72024443292358,Via del Camposanto,unclassified
1301,1300,7.071743101992224,Via del Camposanto,unclassified
1302,1303,5.662542887619322,Via del Camposanto,unclassified
1302,1301,5.72024443292358,Via del Camposanto,unclassified
1303,1304,7.54773788912339,Via del Camposanto,unclassified
1303,1302,5.662542887619322,Via del Camposanto,unclassified
1304,1305,6.190962358347151,Via del Camposanto,unclassified
1304,1303,7.54773788912339,Via del Camposanto,unclassified
1305,1306,4.584663017475544,Via del Camposanto,unclassified
1305,1304,6.190962358347151,Via del Camposanto,unclassified
1306,1307,7.571032250223479,Via del Camposanto,unclassified
1306,1305,4.584663017475544,Via del Camposanto,unclassified
1307,1767,6.488232784546123,Via del Camposanto,unclassified
1307,1306,7.571032250223479,Via del Camposanto,unclassified
1308,1309,14.51978951850479,Via del Camposanto,unclassified
1308,1767,5.966352560338324,Via del Camposanto,unclassified
1309,1745,1.9408451459194835,Via Comunale,tertiary
1309,1308,14.51978951850479,Via del Camposanto,unclassified
1310,511,3.145754007256573,Via Comunale,tertiary
1311,1451,17.907738641176277,Via Comunale,tertiary
1312,1311,28.512723452478067,Via Comunale,tertiary
1313,1312,32.346703368798146,Via Comunale,tertiary
1314,1313,17.89790693290089,Via Comunale,tertiary
1315,1314,12.854677459531443,Via Comunale,tertiary
1316,1315,14.878831619887592,Via Comunale,tertiary
1317,1316,33.218861819287824,Via Comunale,tertiary
1318,1317,27.59778657444614,Via Comunale,tertiary
1319,1666,5.50324055273352,Via Roma,tertiary
1320,1685,10.037468894409606,Via Roma,tertiary
1321,1686,9.227401773132442,Via Roma,tertiary
1321,1328,29.374864299743304,Via di Mezzo,residential
1322,1658,10.217805781341719,Via Roma,tertiary
1323,1676,6.477092444496343,Via Roma,tertiary
1324,1325,2.1998627947785865,Via Roma,tertiary
1325,1541,1.9664556161421816,Via Roma,tertiary
1326,1784,10.971301077182892,Via di Mezzo,residential
1326,508,12.087454580788068,Via di Mezzo,residential
1327,1784,7.617531449920623,Via di Mezzo,residential
1327,1674,3.28626982895941,Via di Mezzo,residential
1328,1674,11.175791253067478,Via di Mezzo,residential
1328,1321,29.374864299743304,Via di Mezzo,residential
1329,105,18.382093443593853,Strada Provinciale 21 del Piano della Tora,secondary
1329,104,16.098635199475154,Strada Provinciale 21 del Piano della Tora,secondary
1330,110,9.485294860686308,Strada Provinciale 21 del Piano della Tora,secondary
1330,109,8.792186208326621,Strada Provinciale 21 del Piano della Tora,secondary
1331,111,9.47498270161956,Strada Provinciale 21 del Piano della Tora,secondary
1331,110,12.660354447165796,Strada Provinciale 21 del Piano della Tora,secondary
1332,1334,4.407823900852525,Strada Provinciale 21 del Piano della Tora,secondary
1332,117,3.824040724225016,Strada Provinciale 21 del Piano della Tora,secondary
1333,1335,4.51243623014644,Strada Provinciale 21 del Piano della Tora,secondary
1333,118,3.596815685841577,Strada Provinciale 21 del Piano della Tora,secondary
1334,118,4.648854284483213,Strada Provinciale 21 del Piano della Tora,secondary
1334,1332,4.407823900852525,Strada Provinciale 21 del Piano della Tora,secondary
1335,119,5.653859451810037,Strada Provinciale 21 del Piano della Tora,secondary
1335,1333,4.51243623014644,Strada Provinciale 21 del Piano della Tora,secondary
1336,13,17.017787338571967,Strada Provinciale 31 Cucigliana Lorenzana,secondary
1336,1049,25.397738381160394,Strada Provinciale 31 Cucigliana Lorenzana,secondary
1337,15,65.14958333920045,Strada Provinciale 31 Cucigliana Lorenzana,secondary
1337,14,104.88730448454149,Strada Provinciale 31 Cucigliana Lorenzana,secondary
1338,19,20.71264929122282,Via Querciole,secondary
1338,375,282.7598139398444,Via Querciole,secondary
1339,1340,32.824533053287865,Strada Provinciale 31 Cucigliana Lorenzana,secondary
1339,756,17.03212722290147,Strada Provinciale 31 Cucigliana Lorenzana,secondary
1340,10,18.270935394495154,Strada Provinciale 31 Cucigliana Lorenzana,secondary
1340,1339,32.824533053287865,Strada Provinciale 31 Cucigliana Lorenzana,secondary
1341,1342,11.455557721520703,Unnamed,residential
1341,761,14.513737620731545,Unnamed,residential
1342,765,14.533025956572567,Unnamed,residential
1342,1341,11.455557721520703,Unnamed,residential
1343,761,16.75214625381531,Unnamed,residential
1343,1344,16.947442744530253,Unnamed,residential
1344,1343,16.947442744530253,Unnamed,residential
1344,763,45.67420875515326,Unnamed,residential
1345,764,11.205035235797862,Unnamed,residential
1345,1346,15.463655365119857,Unnamed,residential
1346,1345,15.463655365119857,Unnamed,residential
1346,1347,11.661299606710298,Unnamed,residential
1347,1346,11.661299606710298,Unnamed,residential
1347,1348,17.16199164320689,Unnamed,residential
1348,1347,17.16199164320689,Unnamed,residential
1348,1349,14.963923398128571,Unnamed,residential
1349,1348,14.963923398128571,Unnamed,residential
1349,1350,6.608388315731517,Unnamed,residential
1350,1349,6.608388315731517,Unnamed,residential
1350,762,8.025980295388438,Unnamed,residential
1351,1034,20.58989436095795,Via Filippo Mazzei,residential
1351,1947,44.15174960322098,Via Filippo Mazzei,residential
1352,1353,99.68876607838705,Unnamed,residential
1353,1352,99.68876607838705,Unnamed,residential
1353,643,65.84266971311779,Via delle Macchie,residential
1353,642,130.25394030735723,Via delle Macchie,residential
1354,65,49.16675143587001,Via Guglielmo Marconi,secondary
1354,1463,3.5184607858748125,Via Guglielmo Marconi,secondary
1354,1355,89.05985294400315,Unnamed,residential
1355,1356,87.66475464663276,Unnamed,residential
1355,1354,89.05985294400315,Unnamed,residential
1356,1355,87.66475464663276,Unnamed,residential
1357,64,12.240700416675441,Via Guglielmo Marconi,secondary
1357,1048,7.851434738414977,Via Guglielmo Marconi,secondary
1357,1358,65.2517537092492,Unnamed,residential
1358,1357,65.2517537092492,Unnamed,residential
1359,1463,24.234859747529615,Via Guglielmo Marconi,secondary
1359,64,30.841066505486406,Via Guglielmo Marconi,secondary
1359,1360,57.04187795508026,Unnamed,residential
1360,1359,57.04187795508026,Unnamed,residential
1361,1047,32.092003011666,Via Guglielmo Marconi,secondary
1361,752,46.24608554703549,Via Guglielmo Marconi,secondary
1361,1363,42.819593510307875,Unnamed,residential
1362,1363,40.4744005869473,Unnamed,residential
1363,1362,40.4744005869473,Unnamed,residential
1363,1361,42.819593510307875,Unnamed,residential
1364,1462,6.493880399966836,Via Guglielmo Marconi,secondary
1364,1294,107.53017848793604,Via Guglielmo Marconi,secondary
1365,1293,33.03984750926881,Via Guglielmo Marconi,secondary
1365,1461,47.091471569595264,Via Guglielmo Marconi,secondary
1366,1461,2.4789919731749013,Via Guglielmo Marconi,secondary
1366,63,112.88987091831319,Via Guglielmo Marconi,secondary
1367,65,17.298555328537603,Strada Provinciale 21 del Piano della Tora,secondary
1367,998,20.800346357187557,Strada Provinciale 21 del Piano della Tora,secondary
1368,1688,28.145396786361804,Via Santa Lucia,residential
1368,508,10.570964348236673,Via del Camposanto,tertiary
1369,1659,11.41269843364164,Via Santa Lucia,residential
1369,1688,1.651808166380301,Via Santa Lucia,residential
1370,1660,5.227471806240971,Via Santa Lucia,residential
1370,1659,9.930504679997572,Via Santa Lucia,residential
1371,1372,13.123444657425368,Via Santa Lucia,residential
1371,1660,5.789591890383524,Via Santa Lucia,residential
1372,1373,4.218223900184537,Via Santa Lucia,residential
1372,1371,13.123444657425368,Via Santa Lucia,residential
1373,1661,5.057297862819585,Via Santa Lucia,residential
1373,1372,4.218223900184537,Via Santa Lucia,residential
1374,1375,7.597553172725321,Via Santa Lucia,residential
1374,1662,6.520945389930103,Via Santa Lucia,residential
1375,1690,6.845343266651427,Via Santa Lucia,residential
1375,1374,7.597553172725321,Via Santa Lucia,residential
1376,1653,11.025158385329428,Via Santa Lucia,residential
1376,1689,13.084333505514122,Via Santa Lucia,residential
1377,571,8.09483015298279,Via Casetta,tertiary
1377,1656,8.446031573383966,Via Casetta,tertiary
1378,1656,3.043311325549712,Via Santa Lucia,residential
1378,1655,3.7654390414445973,Via Santa Lucia,residential
1379,1723,1.5542910607073794,Via Casetta,tertiary
1379,1724,15.236241469729444,Via Casetta,tertiary
1380,535,64.31897356057839,Via Comunale,tertiary
1380,1538,59.91738155272265,Via Comunale,tertiary
1381,1382,15.68868589848754,Via di Conella,residential
1381,645,15.358329306883206,Via di Conella,residential
1382,1383,12.590232148462992,Via di Conella,residential
1382,1381,15.68868589848754,Via di Conella,residential
1383,629,9.686893723493897,Via di Conella,residential
1383,1382,12.590232148462992,Via di Conella,residential
1384,1385,20.29891029237893,Via di Conella,residential
1384,629,13.10955151734258,Via di Conella,residential
1385,1386,12.084865885844202,Via di Conella,residential
1385,1384,20.29891029237893,Via di Conella,residential
1386,1387,14.468721953257567,Via di Conella,residential
1386,1385,12.084865885844202,Via di Conella,residential
1387,1388,8.236557549230358,Via di Conella,residential
1387,1386,14.468721953257567,Via di Conella,residential
1388,716,8.168364056276543,Via di Conella,residential
1388,1387,8.236557549230358,Via di Conella,residential
1389,1390,21.422431187085824,Via di Conella,residential
1389,716,7.713533548271975,Via di Conella,residential
1390,1391,70.70594254389977,Via di Conella,residential
1390,1389,21.422431187085824,Via di Conella,residential
1391,1392,31.790773165693338,Via di Conella,residential
1391,1390,70.70594254389977,Via di Conella,residential
1392,1393,28.501395731366934,Via di Conella,residential
1392,1391,31.790773165693338,Via di Conella,residential
1393,1394,11.55198521291157,Via di Conella,residential
1393,1392,28.501395731366934,Via di Conella,residential
1394,1393,11.55198521291157,Via di Conella,residential
1395,1396,15.528817713953986,Unnamed,residential
1395,241,20.213980535414226,Via Valleregli,tertiary
1395,1282,37.4364332649395,Via Valleregli,tertiary
1396,1397,9.83603194423271,Unnamed,residential
1396,1395,15.528817713953986,Unnamed,residential
1397,1398,14.878864636347101,Unnamed,residential
1397,1396,9.83603194423271,Unnamed,residential
1398,1399,10.83800701923876,Unnamed,residential
1398,1397,14.878864636347101,Unnamed,residential
1399,1400,32.16896179508937,Unnamed,residential
1399,1398,10.83800701923876,Unnamed,residential
1400,1401,35.85418886741634,Unnamed,residential
1400,1399,32.16896179508937,Unnamed,residential
1401,1402,28.4408743396842,Unnamed,residential
1401,1400,35.85418886741634,Unnamed,residential
1402,1403,27.493768447587094,Unnamed,residential
1402,1401,28.4408743396842,Unnamed,residential
1403,1404,30.85763005012128,Unnamed,residential
1403,1402,27.493768447587094,Unnamed,residential
1404,1405,24.236851239244118,Unnamed,residential
1404,1403,30.85763005012128,Unnamed,residential
1405,1406,11.251284499657192,Unnamed,residential
1405,1404,24.236851239244118,Unnamed,residential
1406,1407,12.621927638344046,Unnamed,residential
1406,1405,11.251284499657192,Unnamed,residential
1407,1408,15.161660153923236,Unnamed,residential
1407,1406,12.621927638344046,Unnamed,residential
1408,1409,50.176685523416886,Unnamed,residential
1408,1407,15.161660153923236,Unnamed,residential
1409,1410,12.634685572236934,Unnamed,residential
1409,1408,50.176685523416886,Unnamed,residential
1410,1411,5.598916597551709,Unnamed,residential
1410,1409,12.634685572236934,Unnamed,residential
1411,1412,6.283848980930403,Unnamed,residential
1411,1410,5.598916597551709,Unnamed,residential
1412,1413,8.792534051460155,Unnamed,residential
1412,1411,6.283848980930403,Unnamed,residential
1413,1414,34.405524990154845,Unnamed,residential
1413,1412,8.792534051460155,Unnamed,residential
1414,1415,45.25606705011306,Unnamed,residential
1414,1413,34.405524990154845,Unnamed,residential
1415,1416,11.63393248155216,Unnamed,residential
1415,1414,45.25606705011306,Unnamed,residential
1416,1417,9.42962167188056,Unnamed,residential
1416,1415,11.63393248155216,Unnamed,residential
1417,1418,6.889814391425647,Unnamed,residential
1417,1416,9.42962167188056,Unnamed,residential
1418,1419,4.002430125891058,Unnamed,residential
1418,1417,6.889814391425647,Unnamed,residential
1419,1418,4.002430125891058,Unnamed,residential
1420,438,24.581109712004213,Via Scacciapolli,unclassified
1420,1061,14.165676924196054,Via Scacciapolli,unclassified
1421,436,32.78589342652668,Via Scacciapolli,unclassified
1421,456,14.122364686262927,Via Scacciapolli,unclassified
1422,454,13.218436929519797,Via Scacciapolli,unclassified
1422,453,11.563666822139757,Via Scacciapolli,unclassified
1423,1051,27.722477403832507,Via Valleregli,tertiary
1423,237,37.0346560730733,Via Valleregli,tertiary
1424,714,66.73439602310036,Via delle Macchie,residential
1424,1637,5.450744779144238,Via delle Macchie,residential
1425,1617,17.43308315099422,Via delle Macchie,residential
1425,632,13.965100424804502,Via delle Macchie,residential
1426,564,25.283745865508752,Via Santo Regolo,tertiary
1426,601,99.1982568656036,Via Santo Regolo,tertiary
1427,623,24.68144998006351,Via di Conella,residential
1427,1546,22.856156891612024,Via di Conella,residential
1428,101,5.22236163575971,Strada Provinciale 21 del Piano della Tora,secondary
1428,100,13.163424906029176,Strada Provinciale 21 del Piano della Tora,secondary
1429,94,50.539407695489125,Via Fondo la Grotta,secondary
1429,93,32.26148354941944,Via Fondo la Grotta,secondary
1430,1443,10.019488733162662,Via Fondo la Grotta,residential
1430,1684,4.9651654623123935,Via Fondo la Grotta,residential
1431,1432,21.904618901539404,Via Fondo la Grotta,residential
1431,86,4.488154304943946,Via Fondo la Grotta,secondary
1431,613,6.098869342580162,Via Fondo la Grotta,secondary
1432,1433,53.82999824703398,Via Fondo la Grotta,residential
1432,1431,21.904618901539404,Via Fondo la Grotta,residential
1433,1761,35.25731878594415,Via Fondo la Grotta,residential
1433,1432,53.82999824703398,Via Fondo la Grotta,residential
1434,1435,48.18040073920643,Via Fondo la Grotta,residential
1434,1761,2.665189711171002,Via Fondo la Grotta,residential
1435,1436,47.986753774817394,Via Fondo la Grotta,residential
1435,1434,48.18040073920643,Via Fondo la Grotta,residential
1436,1437,21.079443694034772,Via Fondo la Grotta,residential
1436,1435,47.986753774817394,Via Fondo la Grotta,residential
1437,1438,82.09434595907285,Via Fondo la Grotta,residential
1437,1436,21.079443694034772,Via Fondo la Grotta,residential
1438,1439,15.709995034747728,Via Fondo la Grotta,residential
1438,1437,82.09434595907285,Via Fondo la Grotta,residential
1439,1440,19.457174840119382,Via Fondo la Grotta,residential
1439,1438,15.709995034747728,Via Fondo la Grotta,residential
1440,1441,28.64064203276501,Via Fondo la Grotta,residential
1440,1439,19.457174840119382,Via Fondo la Grotta,residential
1441,1442,27.23514356387068,Via Fondo la Grotta,residential
1441,1440,28.64064203276501,Via Fondo la Grotta,residential
1442,1684,8.407790688542946,Via Fondo la Grotta,residential
1442,1441,27.23514356387068,Via Fondo la Grotta,residential
1443,1683,8.67742176189619,Via Fondo la Grotta,residential
1443,1430,10.019488733162662,Via Fondo la Grotta,residential
1444,1445,16.359361720717782,Via Fondo la Grotta,residential
1444,1683,16.949690488269525,Via Fondo la Grotta,residential
1445,1446,9.264018537119487,Via Fondo la Grotta,residential
1445,1444,16.359361720717782,Via Fondo la Grotta,residential
1446,1447,14.909354364804425,Via Fondo la Grotta,residential
1446,1445,9.264018537119487,Via Fondo la Grotta,residential
1447,1448,10.029749180604968,Via Fondo la Grotta,residential
1447,1446,14.909354364804425,Via Fondo la Grotta,residential
1448,1449,23.105662885068647,Via Fondo la Grotta,residential
1448,1447,10.029749180604968,Via Fondo la Grotta,residential
1449,1682,42.194607622974814,Via Fondo la Grotta,residential
1449,1448,23.105662885068647,Via Fondo la Grotta,residential
1450,1318,14.898663633848576,Via Comunale,tertiary
1451,1310,3.9694938291933552,Via Comunale,tertiary
1452,1731,10.00698929363079,Via Santo Regolo,tertiary
1452,567,20.161629880475004,Via Santo Regolo,tertiary
1453,1063,14.85125249142764,Via Postignano Prima,residential
1453,1064,24.78377428437596,Via Postignano Prima,residential
1454,687,64.99055404131369,Via Santo Regolo,residential
1454,686,42.052977370062536,Via Santo Regolo,residential
1455,591,8.795331197599449,Via Santo Regolo,tertiary
1455,509,38.104892648821306,Via Santo Regolo,tertiary
1456,1071,19.186652410894403,Via Postignano Prima,residential
1456,1504,38.545100788085946,Via Postignano Prima,residential
1457,697,75.54796014423748,Via Santo Regolo,residential
1457,685,73.52092766008933,Via Santo Regolo,residential
1458,243,57.54839819954314,Via Valleregli,tertiary
1458,242,48.07521754901438,Via Valleregli,tertiary
1459,443,43.93194618161213,Via Scacciapolli,unclassified
1459,442,19.595048271703934,Via Scacciapolli,unclassified
1460,122,66.46398038076394,Strada Provinciale 31 Cucigliana Lorenzana,secondary
1460,0,22.54772885092375,Strada Provinciale 31 Cucigliana Lorenzana,secondary
1461,1365,47.091471569595264,Via Guglielmo Marconi,secondary
1461,1366,2.4789919731749013,Via Guglielmo Marconi,secondary
1462,752,34.69003765560681,Via Guglielmo Marconi,secondary
1462,1364,6.493880399966836,Via Guglielmo Marconi,secondary
1463,1354,3.5184607858748125,Via Guglielmo Marconi,secondary
1463,1359,24.234859747529615,Via Guglielmo Marconi,secondary
1464,742,6.43330110902234,Via Malacoda,unclassified
1464,1483,4.042879622395543,Via Malacoda,unclassified
1465,1483,4.618030061410042,Via Malacoda,unclassified
1465,1482,6.4150963173307405,Via Malacoda,unclassified
1466,768,5.921022311787415,Via Malacoda,unclassified
1466,769,6.6239209379084025,Via Malacoda,unclassified
1467,1468,6.084154237216872,Via Malacoda,unclassified
1467,768,4.928009800875336,Via Malacoda,unclassified
1468,732,8.25498143067479,Via Malacoda,unclassified
1468,1467,6.084154237216872,Via Malacoda,unclassified
1469,766,4.324986799439422,Via Malacoda,unclassified
1469,733,9.096489257411003,Via Malacoda,unclassified
1470,1471,6.2674525705862285,Via Malacoda,unclassified
1470,766,4.009134263653342,Via Malacoda,unclassified
1471,734,8.078193255934615,Via Malacoda,unclassified
1471,1470,6.2674525705862285,Via Malacoda,unclassified
1472,1473,41.00202103654381,Via Malacoda,unclassified
1472,735,33.15991676325314,Via Malacoda,unclassified
1473,736,21.468226150385703,Via Malacoda,unclassified
1473,1472,41.00202103654381,Via Malacoda,unclassified
1474,1475,28.566496790741255,Via Malacoda,unclassified
1474,737,10.73588990987774,Via Malacoda,unclassified
1475,1476,36.176941843834726,Via Malacoda,unclassified
1475,1474,28.566496790741255,Via Malacoda,unclassified
1476,738,16.53135517280988,Via Malacoda,unclassified
1476,1475,36.176941843834726,Via Malacoda,unclassified
1477,1478,12.405383157850556,Via Malacoda,unclassified
1477,739,12.368568636834,Via Malacoda,unclassified
1478,1479,10.6698474293545,Via Malacoda,unclassified
1478,1477,12.405383157850556,Via Malacoda,unclassified
1479,1480,8.362913795104927,Via Malacoda,unclassified
1479,1478,10.6698474293545,Via Malacoda,unclassified
1480,740,5.678060121273841,Via Malacoda,unclassified
1480,1479,8.362913795104927,Via Malacoda,unclassified
1481,1482,11.310964805844117,Via Malacoda,unclassified
1481,741,11.29252371781345,Via Malacoda,unclassified
1482,1465,6.4150963173307405,Via Malacoda,unclassified
1482,1481,11.310964805844117,Via Malacoda,unclassified
1483,1464,4.042879622395543,Via Malacoda,unclassified
1483,1465,4.618030061410042,Via Malacoda,unclassified
1484,743,21.783942183307285,Via Malacoda,unclassified
1484,742,11.534098913958031,Via Malacoda,unclassified
1485,1486,19.631777505205946,Via Malacoda,unclassified
1485,743,55.82988216832202,Via Malacoda,unclassified
1486,744,24.74166800222706,Via Malacoda,unclassified
1486,1485,19.631777505205946,Via Malacoda,unclassified
1487,628,4.201135883623173,Via di Conella,residential
1487,728,11.294093802690217,Via di Conella,residential
1488,720,5.941879471964967,Via di Conella,residential
1488,628,13.164737140769768,Via di Conella,residential
1489,24,30.550023838935186,Via Botra,secondary
1489,1168,2.937449201263963,Via Botra,secondary
1490,875,25.900145087055932,Unnamed,unclassified
1490,933,45.93227647591788,Unnamed,unclassified
1491,20,76.20201417931027,Via Botra,secondary
1491,213,46.52349550821923,Via Botra,secondary
1492,219,50.59929501911919,Via Poggio alla Farnia,tertiary
1492,218,72.82328724033648,Via Poggio alla Farnia,tertiary
1493,1877,12.289874372625832,Via Poggio alla Farnia,tertiary
1493,231,18.43676873239216,Via Poggio alla Farnia,tertiary
1494,386,23.13381862521867,Via Poggio alla Farnia,tertiary
1494,1100,4.895616344051412,Via Poggio alla Farnia,tertiary
1495,1107,4.8018208519168,Via Poggio alla Farnia,tertiary
1495,376,40.82278231596149,Via Poggio alla Farnia,tertiary
1496,136,38.99783809749629,Via La Leccia,secondary
1496,135,33.20689130119373,Via La Leccia,secondary
1497,157,30.596326632691756,Via La Leccia,secondary
1497,138,122.4507558250037,Via La Leccia,secondary
1498,932,26.03108403974814,Via delle Fornacelle,residential
1498,887,23.002888702906244,Via delle Fornacelle,residential
1499,1134,16.336097664280125,Via Casaferri,tertiary
1499,303,23.557768595590773,Via Casaferri,tertiary
1500,338,4.689496385193263,Via Pugnano,tertiary
1500,337,21.850035743568,Via Pugnano,tertiary
1501,1044,40.51077051846698,Unnamed,residential
1501,1856,104.0912132285663,Unnamed,residential
1502,1503,13.212879426334638,Via Santo Regolo,tertiary
1502,545,55.716919036884306,Via Santo Regolo,tertiary
1503,528,18.108997344106474,Via Santo Regolo,tertiary
1503,1502,13.212879426334638,Via Santo Regolo,tertiary
1504,1456,38.545100788085946,Via Postignano Prima,residential
1504,681,35.64431464506381,Via Postignano Prima,residential
1505,681,18.070745205068246,Via Postignano Prima,residential
1505,1070,10.307388099471448,Via Postignano Prima,residential
1506,285,10.808088759334629,Via Enrico Fermi,unclassified
1506,291,86.76543462265292,Via Enrico Fermi,unclassified
1507,473,27.81263986068427,Via Sorbo,secondary
1507,1147,39.55317963226891,Via Sorbo,secondary
1508,1022,16.04434742159452,Vicolo Bocci,residential
1508,1015,53.67354182703362,Vicolo Bocci,residential
1509,1015,15.1476098415055,Vicolo Bocci,residential
1509,1019,12.21104184520101,Vicolo Bocci,residential
1510,1019,43.31182294519235,Vicolo Bocci,residential
1510,1018,16.807608739388904,Vicolo Bocci,residential
1511,449,18.769643140027927,Via Scacciapolli,unclassified
1511,448,26.755024781607958,Via Scacciapolli,unclassified
1512,200,12.38047767305,Via dei Poggetti,unclassified
1512,199,8.775424144119931,Via dei Poggetti,unclassified
1513,432,10.531827127130745,Via Scacciapolli,unclassified
1513,1514,11.926006491408584,Via Scacciapolli,unclassified
1514,1513,11.926006491408584,Via Scacciapolli,unclassified
1514,658,4.203723598038844,Via Scacciapolli,unclassified
1515,658,39.389265056944446,Via Scacciapolli,unclassified
1515,431,33.09737952344677,Via Scacciapolli,unclassified
1516,1517,8.31740151007029,Via Scacciapolli,unclassified
1516,430,9.597845373050896,Via Scacciapolli,unclassified
1517,431,24.2650300285607,Via Scacciapolli,unclassified
1517,1516,8.31740151007029,Via Scacciapolli,unclassified
1518,281,27.378747073174768,Corso della Repubblica,tertiary
1518,1023,11.041936855488208,Corso della Repubblica,tertiary
1519,282,28.76506563393456,Corso della Repubblica,tertiary
1519,1193,22.729267727867217,Corso della Repubblica,tertiary
1520,706,21.90612907362101,Via di Conella,residential
1520,623,48.305433485367736,Via di Conella,residential
1521,624,17.012972556523195,Via di Conella,residential
1521,1522,51.41745282808274,Via di Conella,residential
1522,1521,51.41745282808274,Via di Conella,residential
1522,706,45.06634589013069,Via di Conella,residential
1523,1593,18.339929524271312,Via delle Macchie,residential
1523,1594,25.629383000582088,Via delle Macchie,residential
1524,636,18.180313254226757,Via delle Macchie,residential
1524,1525,14.97261398209241,Via delle Macchie,residential
1525,1524,14.97261398209241,Via delle Macchie,residential
1525,1526,26.54716729677162,Via delle Macchie,residential
1526,1525,26.54716729677162,Via delle Macchie,residential
1526,635,24.14478858618766,Via delle Macchie,residential
1527,1073,15.191438441093563,Via Postignano Prima,residential
1527,682,19.964848349468433,Via Postignano Prima,residential
1528,682,21.825414189417632,Via Postignano Prima,residential
1528,1072,58.70369250362108,Via Postignano Prima,residential
1529,708,14.819657568478076,Via delle Macchie,unclassified
1529,630,46.58380532937904,Via delle Macchie,unclassified
1530,1532,5.617469945928229,Via delle Macchie,residential
1530,1601,7.360913840625272,Via delle Macchie,residential
1531,1624,8.35622465880904,Via delle Macchie,residential
1531,1614,17.956410890245277,Via delle Macchie,residential
1532,1614,17.813302705986708,Via delle Macchie,residential
1532,1530,5.617469945928229,Via delle Macchie,residential
1533,1608,5.333711629607279,Via delle Macchie,residential
1533,1534,15.218386837283509,Via delle Macchie,residential
1534,1533,15.218386837283509,Via delle Macchie,residential
1534,630,18.774671690930955,Via delle Macchie,residential
1535,1715,5.476500580016721,Via del Camposanto,tertiary
1536,485,8.174647484294733,Via Comunale,tertiary
1537,577,8.17762220210575,Via Comunale,tertiary
1538,1380,59.91738155272265,Via Comunale,tertiary
1538,1725,6.666512400219386,Via Comunale,tertiary
1539,1665,3.2254866760678653,Via Comunale,tertiary
1539,1747,53.15492521312164,Via Comunale,tertiary
1540,1746,2.5922034607597544,Via Comunale,tertiary
1541,1677,3.599369109031569,Via Roma,tertiary
1542,516,4.446126723634952,Via Casetta,tertiary
1542,1694,5.560026320150207,Via Casetta,tertiary
1543,622,60.45645181773852,Via di Conella,residential
1543,621,49.48648492660328,Via di Conella,residential
1544,1545,29.781973046855434,Via di Conella,residential
1544,622,15.270403335840188,Via di Conella,residential
1545,701,46.47954090047448,Via di Conella,residential
1545,1544,29.781973046855434,Via di Conella,residential
1546,1427,22.856156891612024,Via di Conella,residential
1546,707,8.033871465840894,Via di Conella,residential
1547,882,27.673208842826096,Via delle Fornacelle,residential
1547,888,35.95717461165494,Via delle Fornacelle,residential
1548,871,16.873691286912575,Via delle Fornacelle,residential
1548,913,7.329163544676004,Via delle Fornacelle,residential
1549,1163,4.288646502545275,Via Botra,secondary
1549,1164,9.200661784197065,Via Botra,secondary
1550,23,13.311996279235986,Via Botra,secondary
1550,1169,13.396460105709064,Via Botra,secondary
1551,1004,42.33688694457869,Via Poggio alla Farnia,tertiary
1551,319,5.628372591240065,Via Poggio alla Farnia,tertiary
1552,318,3.83627226555288,Via Poggio alla Farnia,tertiary
1552,317,111.53390933007454,Via Poggio alla Farnia,tertiary
1553,1172,16.46926081765046,Via Botra,secondary
1553,224,119.45483625866319,Via Botra,secondary
1554,1556,43.08441693866638,Unnamed,residential
1554,1560,70.30471856788022,Via Valtriano,residential
1554,424,19.201352687164633,Via Valtriano,residential
1555,1556,19.94439695278081,Unnamed,residential
1556,1555,19.94439695278081,Unnamed,residential
1556,1554,43.08441693866638,Unnamed,residential
1556,1557,29.668141916901302,Unnamed,residential
1557,1558,3.8490395607712498,Unnamed,residential
1557,1556,29.668141916901302,Unnamed,residential
1558,421,10.504920940846963,Unnamed,residential
1558,1557,3.8490395607712498,Unnamed,residential
1559,1568,129.37196764409532,Via La Leccia,secondary
1559,422,47.34182650864566,Via La Leccia,secondary
1560,1564,66.57089241048884,Via Valtriano,residential
1560,1554,70.30471856788022,Via Valtriano,residential
1561,1562,68.03019379399399,Unnamed,unclassified
1561,421,8.509568410371958,Unnamed,unclassified
1562,1563,10.480825943468739,Unnamed,unclassified
1562,1561,68.03019379399399,Unnamed,unclassified
1563,422,31.709026860797817,Unnamed,unclassified
1563,1562,10.480825943468739,Unnamed,unclassified
1564,1565,74.01156217638479,Unnamed,residential
1564,1560,66.57089241048884,Via Valtriano,residential
1564,1950,28.3122508499563,Via Valtriano,residential
1565,1564,74.01156217638479,Unnamed,residential
1566,419,16.03688518925599,Via Giorgio Kienerk,residential
1566,1857,53.52195171791931,Via Giorgio Kienerk,residential
1567,1029,47.66941518053107,Via Giorgio Kienerk,residential
1568,1559,129.37196764409532,Via La Leccia,secondary
1568,1847,15.670944425213548,Via La Leccia,secondary
1569,1039,47.65073442137371,Via Fratelli Gioli,residential
1569,1038,57.57230701629287,Via Fratelli Gioli,residential
1569,1570,28.380419027367843,Unnamed,residential
1570,1571,3.025491720419343,Unnamed,residential
1570,1569,28.380419027367843,Unnamed,residential
1571,1572,51.03532128044036,Unnamed,residential
1571,1570,3.025491720419343,Unnamed,residential
1572,1571,51.03532128044036,Unnamed,residential
1573,1574,110.49235427398094,Unnamed,residential
1573,145,9.313571001397042,Via La Leccia,secondary
1573,144,138.60586379349584,Via La Leccia,secondary
1574,1573,110.49235427398094,Unnamed,residential
1575,1041,19.311792105724784,Via Pugnano,tertiary
1575,757,5.678856186028663,Via Pugnano,tertiary
1576,1567,20.23432387875597,Via Giorgio Kienerk,residential
1577,1578,29.230647259771455,Via delle Macchie,residential
1577,1625,19.426161740069983,Via delle Macchie,residential
1578,642,38.79900243074305,Via delle Macchie,residential
1578,1577,29.230647259771455,Via delle Macchie,residential
1579,1630,8.493531468794796,Via delle Macchie,residential
1579,1580,11.585804370870978,Via delle Macchie,residential
1580,1579,11.585804370870978,Via delle Macchie,residential
1580,1581,7.197926044718193,Via delle Macchie,residential
1581,1580,7.197926044718193,Via delle Macchie,residential
1581,641,15.91738088712324,Via delle Macchie,residential
1582,641,8.760428884160744,Via delle Macchie,residential
1582,640,149.3185412081814,Via delle Macchie,residential
1583,690,25.19490272542802,Via delle Macchie,residential
1583,691,23.851148047689964,Via delle Macchie,residential
1584,691,11.75682606414062,Via delle Macchie,residential
1584,1585,14.358287047033173,Via delle Macchie,residential
1585,1584,14.358287047033173,Via delle Macchie,residential
1585,1586,13.935837210861589,Via delle Macchie,residential
1586,1585,13.935837210861589,Via delle Macchie,residential
1586,639,20.220455966780545,Via delle Macchie,residential
1587,692,16.501505896696514,Via delle Macchie,residential
1587,638,24.565793587291466,Via delle Macchie,residential
1588,693,23.742781245317662,Via delle Macchie,residential
1588,724,23.108189459481174,Via delle Macchie,residential
1589,712,12.295103200230074,Via delle Macchie,residential
1589,1634,5.875436537911463,Via delle Macchie,residential
1590,724,36.713540450552294,Via delle Macchie,residential
1590,712,37.10654057981147,Via delle Macchie,residential
1591,637,14.113707478352598,Via delle Macchie,residential
1591,1635,9.120581767544325,Via delle Macchie,residential
1592,1631,7.378164052983889,Via delle Macchie,residential
1592,714,36.26617257389343,Via delle Macchie,residential
1593,635,18.5426021488275,Via delle Macchie,residential
1593,1523,18.339929524271312,Via delle Macchie,residential
1594,1523,25.629383000582088,Via delle Macchie,residential
1594,634,25.635287919718994,Via delle Macchie,residential
1595,715,27.16015268697485,Via delle Macchie,residential
1595,1597,41.011372458978556,Via delle Macchie,residential
1596,709,7.633132813673355,Via delle Macchie,residential
1596,633,6.67605224570167,Via delle Macchie,residential
1597,1595,41.011372458978556,Via delle Macchie,residential
1597,709,23.989195110727703,Via delle Macchie,residential
1598,633,13.849421463413583,Via delle Macchie,residential
1598,1599,45.97213317496966,Via delle Macchie,residential
1599,1598,45.97213317496966,Via delle Macchie,residential
1599,1600,70.74142386262525,Via delle Macchie,residential
1600,1599,70.74142386262525,Via delle Macchie,residential
1600,1620,19.748666675020687,Via delle Macchie,residential
1601,1530,7.360913840625272,Via delle Macchie,residential
1601,1616,3.7271262755851313,Via delle Macchie,residential
1602,1616,4.281447764133818,Via delle Macchie,residential
1602,1609,2.1919511029463217,Via delle Macchie,residential
1603,1609,2.40941188916814,Via delle Macchie,residential
1603,1610,2.3757672718283476,Via delle Macchie,residential
1604,1610,2.1308534823945875,Via delle Macchie,residential
1604,1611,2.2666892586008167,Via delle Macchie,residential
1605,1611,5.0081735245302275,Via delle Macchie,residential
1605,1606,6.650868221526039,Via delle Macchie,residential
1606,1605,6.650868221526039,Via delle Macchie,residential
1606,1607,6.208604668680303,Via delle Macchie,residential
1607,1606,6.208604668680303,Via delle Macchie,residential
1607,1612,2.5227361232531327,Via delle Macchie,residential
1608,1613,3.2673228304648045,Via delle Macchie,residential
1608,1533,5.333711629607279,Via delle Macchie,residential
1609,1602,2.1919511029463217,Via delle Macchie,residential
1609,1603,2.40941188916814,Via delle Macchie,residential
1610,1603,2.3757672718283476,Via delle Macchie,residential
1610,1604,2.1308534823945875,Via delle Macchie,residential
1611,1604,2.2666892586008167,Via delle Macchie,residential
1611,1605,5.0081735245302275,Via delle Macchie,residential
1612,1607,2.5227361232531327,Via delle Macchie,residential
1612,631,2.585019675030395,Via delle Macchie,residential
1613,631,2.811881207148565,Via delle Macchie,residential
1613,1608,3.2673228304648045,Via delle Macchie,residential
1614,1531,17.956410890245277,Via delle Macchie,residential
1614,1532,17.813302705986708,Via delle Macchie,residential
1615,705,11.934292947247364,Via delle Macchie,residential
1615,1624,2.310467639230652,Via delle Macchie,residential
1616,1601,3.7271262755851313,Via delle Macchie,residential
1616,1602,4.281447764133818,Via delle Macchie,residential
1617,1619,12.153704289596165,Via delle Macchie,residential
1617,1425,17.43308315099422,Via delle Macchie,residential
1618,1621,18.00134517477995,Via delle Macchie,residential
1618,705,38.417125122014205,Via delle Macchie,residential
1619,1620,8.918487254334545,Via delle Macchie,residential
1619,1617,12.153704289596165,Via delle Macchie,residential
1620,1600,19.748666675020687,Via delle Macchie,residential
1620,1619,8.918487254334545,Via delle Macchie,residential
1621,632,22.39761807111064,Via delle Macchie,residential
1621,1618,18.00134517477995,Via delle Macchie,residential
1622,1954,7.3634594127986315,Via delle Macchie,unclassified
1622,708,37.956857862237186,Via delle Macchie,unclassified
1623,644,78.0266774311986,Via delle Macchie,unclassified
1623,1954,23.997534631645483,Via delle Macchie,unclassified
1624,1615,2.310467639230652,Via delle Macchie,residential
1624,1531,8.35622465880904,Via delle Macchie,residential
1625,1577,19.426161740069983,Via delle Macchie,residential
1625,1626,98.49181418910743,Via delle Macchie,residential
1626,1625,98.49181418910743,Via delle Macchie,residential
1626,1627,13.843935166929475,Via delle Macchie,residential
1627,1626,13.843935166929475,Via delle Macchie,residential
1627,1628,8.916619209415753,Via delle Macchie,residential
1628,1627,8.916619209415753,Via delle Macchie,residential
1628,1629,7.839160939276728,Via delle Macchie,residential
1629,1628,7.839160939276728,Via delle Macchie,residential
1629,1630,8.738630666184658,Via delle Macchie,residential
1630,1629,8.738630666184658,Via delle Macchie,residential
1630,1579,8.493531468794796,Via delle Macchie,residential
1631,726,11.547933006986804,Via delle Macchie,residential
1631,1592,7.378164052983889,Via delle Macchie,residential
1632,1633,8.532573057837382,Via delle Macchie,residential
1632,637,8.64908566647043,Via delle Macchie,residential
1633,719,7.319016611719228,Via delle Macchie,residential
1633,1632,8.532573057837382,Via delle Macchie,residential
1634,1589,5.875436537911463,Via delle Macchie,residential
1634,719,7.547952232651336,Via delle Macchie,residential
1635,1591,9.120581767544325,Via delle Macchie,residential
1635,1636,8.144977409259656,Via delle Macchie,residential
1636,1635,8.144977409259656,Via delle Macchie,residential
1636,726,14.344048155601547,Via delle Macchie,residential
1637,1424,5.450744779144238,Via delle Macchie,residential
1637,636,21.13505560285765,Via delle Macchie,residential
1638,655,15.951924818064574,Via Valleregli,tertiary
1638,1640,13.027660248067722,Via Valleregli,tertiary
1639,275,15.287705796222058,Corso della Repubblica,tertiary
1639,1841,11.402549032720271,Corso della Repubblica,tertiary
1640,1638,13.027660248067722,Via Valleregli,tertiary
1640,275,12.194254524358898,Via Valleregli,tertiary
1641,164,8.86372167080095,Strada Provinciale delle Colline per Livorno,secondary
1642,150,27.254182422042245,Via La Leccia,secondary
1643,415,144.34074942998433,Via Mediana,unclassified
1643,414,112.35759160377637,Via Mediana,unclassified
1644,29,35.389865571775296,Via Sorbo,secondary
1644,1645,6.638149157925886,Via Sorbo,secondary
1645,28,45.014551566447686,Via Sorbo,secondary
1645,1644,6.638149157925886,Via Sorbo,secondary
1646,1285,4.8603038577609405,Via Valleregli,tertiary
1646,245,13.394065970568551,Via Valleregli,tertiary
1647,1281,54.18006561073649,Via Valleregli,tertiary
1647,239,20.56921187471655,Via Valleregli,tertiary
1648,926,1.4180460490905815,Via Valleregli,tertiary
1648,255,43.43112315446316,Via Valleregli,tertiary
1649,60,37.90404750241436,Via Querciole,secondary
1649,370,17.601533722964216,Via Querciole,secondary
1650,12,25.722967564306405,Strada Provinciale 31 Cucigliana Lorenzana,secondary
1650,801,39.77801610669902,Strada Provinciale 31 Cucigliana Lorenzana,secondary
1651,821,15.235422649112584,Via Pontita,unclassified
1651,1199,12.286613239001406,Via Pontita,unclassified
1652,558,85.47669503048763,Via Santo Regolo,tertiary
1652,523,62.251457070003134,Via Casetta,tertiary
1653,1654,5.747126100595585,Via Santa Lucia,residential
1653,1376,11.025158385329428,Via Santa Lucia,residential
1654,1655,7.57529620255462,Via Santa Lucia,residential
1654,1653,5.747126100595585,Via Santa Lucia,residential
1655,1378,3.7654390414445973,Via Santa Lucia,residential
1655,1654,7.57529620255462,Via Santa Lucia,residential
1656,1378,3.043311325549712,Via Santa Lucia,residential
1656,1377,8.446031573383966,Via Casetta,tertiary
1656,1721,1.3676334753979968,Via Casetta,tertiary
1657,596,16.958430456942803,Via Santo Regolo,tertiary
1657,564,3.4374527710325022,Via Santo Regolo,tertiary
1658,1323,10.4289598958026,Via Roma,tertiary
1659,1370,9.930504679997572,Via Santa Lucia,residential
1659,1369,11.41269843364164,Via Santa Lucia,residential
1660,1371,5.789591890383524,Via Santa Lucia,residential
1660,1370,5.227471806240971,Via Santa Lucia,residential
1661,1662,5.437473630740232,Via Santa Lucia,residential
1661,1373,5.057297862819585,Via Santa Lucia,residential
1662,1374,6.520945389930103,Via Santa Lucia,residential
1662,1661,5.437473630740232,Via Santa Lucia,residential
1663,1725,3.343688694459922,Via Comunale,tertiary
1663,1665,43.10446041324856,Via Comunale,tertiary
1664,1747,10.406273076659183,Via Comunale,tertiary
1665,1663,43.10446041324856,Via Comunale,tertiary
1665,1539,3.2254866760678653,Via Comunale,tertiary
1666,1320,12.848055516732396,Via Roma,tertiary
1667,1668,12.734239626713588,Via del Micio,residential
1667,1675,9.95885701372596,Via Comunale,tertiary
1668,1669,6.267915433426401,Via del Micio,residential
1668,1667,12.734239626713588,Via del Micio,residential
1669,1670,12.701867765280056,Via del Micio,residential
1669,1668,6.267915433426401,Via del Micio,residential
1670,1671,8.931764617451345,Via del Micio,residential
1670,1669,12.701867765280056,Via del Micio,residential
1671,1719,7.9723705738688295,Via del Micio,residential
1671,1670,8.931764617451345,Via del Micio,residential
1672,1673,2.888552475882819,Via del Micio,residential
1672,1719,4.5671471075268,Via del Micio,residential
1673,1672,2.888552475882819,Via del Micio,residential
1674,1327,3.28626982895941,Via di Mezzo,residential
1674,1328,11.175791253067478,Via di Mezzo,residential
1675,532,12.660600521572258,Via Comunale,tertiary
1676,1324,5.50166923207846,Via Roma,tertiary
1677,1687,26.670986742591467,Via Roma,tertiary
1678,1679,5.82083787587798,Via Roma,tertiary
1679,1728,5.04733416013029,Via Roma,tertiary
1680,1540,2.8096537426331185,Via Comunale,tertiary
1681,1864,4.133982190105256,Via Comunale,tertiary
1681,538,3.932251177040487,Via Comunale,tertiary
1682,1449,42.194607622974814,Via Fondo la Grotta,residential
1683,1444,16.949690488269525,Via Fondo la Grotta,residential
1683,1443,8.67742176189619,Via Fondo la Grotta,residential
1684,1430,4.9651654623123935,Via Fondo la Grotta,residential
1684,1442,8.407790688542946,Via Fondo la Grotta,residential
1685,1321,20.620474057343905,Via Roma,tertiary
1686,1322,3.480733635311788,Via Roma,tertiary
1687,1678,11.531239182625637,Via Roma,tertiary
1688,1369,1.651808166380301,Via Santa Lucia,residential
1688,1368,28.145396786361804,Via Santa Lucia,residential
1689,1376,13.084333505514122,Via Santa Lucia,residential
1689,1691,5.772304805963334,Via Santa Lucia,residential
1690,1691,0.5953010135631401,Via Santa Lucia,residential
1690,1375,6.845343266651427,Via Santa Lucia,residential
1691,1689,5.772304805963334,Via Santa Lucia,residential
1691,1690,0.5953010135631401,Via Santa Lucia,residential
1692,526,9.972019322617133,Via Casetta,tertiary
1692,1702,8.912043751243393,Via Casetta,tertiary
1693,478,5.182593478033974,Via Casetta,tertiary
1693,1712,2.9067649390215347,Via Casetta,tertiary
1694,1542,5.560026320150207,Via Casetta,tertiary
1694,1713,3.706415961032401,Via Casetta,tertiary
1695,562,9.077956242838017,Via Casetta,tertiary
1695,516,7.8320788344223065,Via Casetta,tertiary
1696,1697,5.119218924919549,Via Casetta,tertiary
1696,562,8.181026768261338,Via Casetta,tertiary
1697,594,5.666944749570985,Via Casetta,tertiary
1697,1696,5.119218924919549,Via Casetta,tertiary
1698,506,5.679907521578471,Via Casetta,tertiary
1698,1739,3.6531870882433317,Via Casetta,tertiary
1699,1726,2.141883873441825,Via Casetta,tertiary
1699,506,1.9400738218969753,Via Casetta,tertiary
1700,551,3.999154384033387,Via del Camposanto,tertiary
1701,569,7.160289990648196,Via Casetta,tertiary
1701,526,3.6074885955186926,Via Casetta,tertiary
1702,1692,8.912043751243393,Via Casetta,tertiary
1702,544,28.427312143166137,Via Casetta,tertiary
1703,544,8.011570359126999,Via Casetta,tertiary
1703,495,5.2317799075806946,Via Casetta,tertiary
1704,495,6.061868441390534,Via Casetta,tertiary
1704,1705,9.57010130484615,Via Casetta,tertiary
1705,1704,9.57010130484615,Via Casetta,tertiary
1705,587,6.251718736116682,Via Casetta,tertiary
1706,552,6.1530628085982295,Via Casetta,tertiary
1706,1707,5.686286717546428,Via Casetta,tertiary
1707,1706,5.686286717546428,Via Casetta,tertiary
1707,1722,4.586792897485961,Via Casetta,tertiary
1708,550,23.029436169059053,Via Casetta,tertiary
1708,1709,13.728916430595026,Via Casetta,tertiary
1709,1708,13.728916430595026,Via Casetta,tertiary
1709,561,15.576764835865628,Via Casetta,tertiary
1710,561,8.074604294578846,Via Casetta,tertiary
1710,1711,12.521761608870664,Via Casetta,tertiary
1711,1710,12.521761608870664,Via Casetta,tertiary
1711,477,12.354817796416524,Via Casetta,tertiary
1712,1693,2.9067649390215347,Via Casetta,tertiary
1712,571,6.434064801795629,Via Casetta,tertiary
1713,1694,3.706415961032401,Via Casetta,tertiary
1713,478,3.682785368569016,Via Casetta,tertiary
1714,1535,4.486549552703123,Via del Camposanto,tertiary
1715,1717,3.3778760954390776,Via del Camposanto,tertiary
1716,546,4.010331261075055,Via del Camposanto,tertiary
1717,496,2.9097473131071117,Via del Camposanto,tertiary
1718,1719,8.726566510949523,Via del Micio,residential
1719,1672,4.5671471075268,Via del Micio,residential
1719,1671,7.9723705738688295,Via del Micio,residential
1719,1718,8.726566510949523,Via del Micio,residential
1720,487,14.330802779490314,Via del Camposanto,tertiary
1721,1656,1.3676334753979968,Via Casetta,tertiary
1721,569,1.0747275484577794,Via Casetta,tertiary
1722,1707,4.586792897485961,Via Casetta,tertiary
1722,492,5.370302616737803,Via Casetta,tertiary
1723,477,10.46625616308377,Via Casetta,tertiary
1723,1379,1.5542910607073794,Via Casetta,tertiary
1724,1379,15.236241469729444,Via Casetta,tertiary
1724,602,23.90918303023623,Via Casetta,tertiary
1725,1538,6.666512400219386,Via Comunale,tertiary
1725,1663,3.343688694459922,Via Comunale,tertiary
1726,1699,2.141883873441825,Via Casetta,tertiary
1726,1738,2.5488663023075193,Via del Camposanto,tertiary
1727,1700,3.532929432540295,Via del Camposanto,tertiary
1728,1763,2.4819687737252254,Via Roma,tertiary
1729,1749,9.070292156866673,Via Comunale,tertiary
1730,1729,2.173850914715348,Via Comunale,tertiary
1731,510,4.5030420671195195,Via Santo Regolo,tertiary
1731,1452,10.00698929363079,Via Santo Regolo,tertiary
1732,567,33.71461789778869,Via Santo Regolo,tertiary
1732,519,33.05783802182569,Via Santo Regolo,tertiary
1733,519,9.067800955696708,Via Santo Regolo,tertiary
1733,481,12.137356182691697,Via Santo Regolo,tertiary
1734,540,9.434894204498239,Via Santo Regolo,tertiary
1734,493,15.14890481463905,Via Santo Regolo,tertiary
1735,513,1.488865531462416,Via Santo Regolo,tertiary
1735,603,16.7363482486621,Via Santo Regolo,tertiary
1736,503,44.48440455446083,Via Santo Regolo,tertiary
1736,513,17.67632213354784,Via Santo Regolo,tertiary
1737,612,5.08160081364034,Via Comunale,tertiary
1737,600,9.410438373445066,Via Comunale,tertiary
1738,1762,1.2477054828693392,Via del Camposanto,tertiary
1739,1698,3.6531870882433317,Via Casetta,tertiary
1739,594,3.478500535306812,Via Casetta,tertiary
1740,1741,3.5512367212958735,Via Roma,tertiary
1741,1726,4.0369267859191265,Via Roma,tertiary
1742,586,3.841202203384354,Via del Camposanto,tertiary
1743,1368,4.323369770078379,Via del Camposanto,tertiary
1744,1714,5.005654347231541,Via del Camposanto,tertiary
1745,1680,1.5373869972664136,Via Comunale,tertiary
1746,529,2.8498670873478877,Via Comunale,tertiary
1747,1539,53.15492521312164,Via Comunale,tertiary
1747,1664,10.406273076659183,Via Comunale,tertiary
1748,1319,16.73906372916497,Via Roma,tertiary
1749,1748,4.691492719359909,Via Roma,tertiary
1749,1664,1.3184794904491202,Via Comunale,tertiary
1750,500,15.141928034852093,Via Comunale,tertiary
1751,1750,6.804925773432379,Via Comunale,tertiary
1752,1753,11.692202326968465,Via Comunale,tertiary
1753,592,13.388243503492514,Via Comunale,tertiary
1754,583,14.090064047803924,Via Comunale,tertiary
1755,536,13.341505093173994,Via Comunale,tertiary
1756,1292,43.651347983687565,Via Fondo la Grotta,secondary
1756,83,33.17800937921153,Via Fondo la Grotta,secondary
1757,72,129.32738847605177,Via Fondo la Grotta,secondary
1757,71,6.751192674018664,Via Fondo la Grotta,secondary
1758,609,30.696450041310218,Via Fondo la Grotta,secondary
1758,1759,17.120146589781896,Via Fondo la Grotta,secondary
1759,1758,17.120146589781896,Via Fondo la Grotta,secondary
1759,1291,34.881263301068905,Via Fondo la Grotta,secondary
1760,84,4.785095540341347,Via Fondo la Grotta,secondary
1760,609,12.477022883993326,Via Fondo la Grotta,secondary
1761,1434,2.665189711171002,Via Fondo la Grotta,residential
1761,1433,35.25731878594415,Via Fondo la Grotta,residential
1762,1727,1.7236990676533896,Via del Camposanto,tertiary
1763,1764,3.828686597477439,Via Roma,tertiary
1763,1740,1.4841396479330342,Via Roma,tertiary
1764,1765,2.068875460609327,Via Roma,tertiary
1765,1766,1.8776226307624913,Via Roma,tertiary
1766,1700,2.694459596848168,Via Roma,tertiary
1767,1308,5.966352560338324,Via del Camposanto,unclassified
1767,1307,6.488232784546123,Via del Camposanto,unclassified
1768,1769,8.049452471590989,Via dei Poggetti,tertiary
1768,179,6.166045609150853,Via dei Poggetti,unclassified
1769,1768,8.049452471590989,Via dei Poggetti,tertiary
1769,178,10.558416656520462,Via dei Poggetti,tertiary
1770,178,11.63458015478927,Via dei Poggetti,tertiary
1770,177,10.909612641499475,Via dei Poggetti,tertiary
1771,177,19.547271886284737,Via dei Poggetti,unclassified
1771,1772,41.74378377033057,Via dei Poggetti,unclassified
1772,1771,41.74378377033057,Via dei Poggetti,unclassified
1772,986,56.09708863048357,Via dei Poggetti,unclassified
1773,176,4.722482963533957,Via dei Poggetti,tertiary
1773,991,3.416370830276959,Via dei Poggetti,tertiary
1774,991,7.776088385226116,Via dei Poggetti,tertiary
1774,175,7.476161825534878,Via dei Poggetti,tertiary
1775,990,8.06710943531537,Via dei Poggetti,tertiary
1775,176,7.44461289407021,Via dei Poggetti,tertiary
1776,1084,9.374979063653065,Via Postignano Prima,residential
1776,1081,11.811610630205678,Via Postignano Prima,residential
1777,1085,9.24204560502194,Via Postignano Prima,residential
1777,1084,9.214764265191176,Via Postignano Prima,residential
1778,1086,15.26432816670125,Via Postignano Prima,residential
1778,1085,15.517011234572575,Via Postignano Prima,residential
1779,1083,15.889592306207039,Via Postignano Prima,residential
1779,1780,8.496651707382853,Via Postignano Prima,residential
1780,1779,8.496651707382853,Via Postignano Prima,residential
1780,1082,7.773712464554318,Via Postignano Prima,residential
1781,1082,14.74773006825003,Via Postignano Prima,residential
1781,1782,10.12689866065567,Via Postignano Prima,residential
1782,1781,10.12689866065567,Via Postignano Prima,residential
1782,1080,10.684553331733117,Via Postignano Prima,residential
1783,1080,18.07055124330901,Via Postignano Prima,residential
1783,1079,30.13085003979251,Via Postignano Prima,residential
1784,1326,10.971301077182892,Via di Mezzo,residential
1784,1327,7.617531449920623,Via di Mezzo,residential
1785,966,54.30343301233691,Via dei Poggetti,unclassified
1785,965,12.776056467790747,Via dei Poggetti,unclassified
1786,994,36.45983855535582,Via delle Fornacelle,residential
1786,899,23.44177881445103,Via delle Fornacelle,residential
1787,1788,3.9708442381217783,Via dei Poggetti,unclassified
1787,957,1.5357614403514641,Via dei Poggetti,unclassified
1788,958,4.807135089522918,Via dei Poggetti,unclassified
1788,1787,3.9708442381217783,Via dei Poggetti,unclassified
1789,959,4.415594654451058,Via dei Poggetti,unclassified
1789,958,4.464204489602967,Via dei Poggetti,unclassified
1790,1792,23.146728686464446,Via dei Poggetti,unclassified
1790,1791,17.36282220925979,Via dei Poggetti,unclassified
1791,1790,17.36282220925979,Via dei Poggetti,unclassified
1791,959,16.87645836298629,Via dei Poggetti,unclassified
1792,1793,12.740515770515461,Via dei Poggetti,unclassified
1792,1790,23.146728686464446,Via dei Poggetti,unclassified
1793,954,6.267337612878346,Via dei Poggetti,unclassified
1793,1792,12.740515770515461,Via dei Poggetti,unclassified
1794,1795,4.821701652168742,Via dei Poggetti,unclassified
1794,954,6.295543687406934,Via dei Poggetti,unclassified
1795,1796,4.383653180870035,Via dei Poggetti,unclassified
1795,1794,4.821701652168742,Via dei Poggetti,unclassified
1796,670,5.482100726526114,Via dei Poggetti,unclassified
1796,1795,4.383653180870035,Via dei Poggetti,unclassified
1797,955,6.668337476165659,Via dei Poggetti,unclassified
1797,670,5.372359500447502,Via dei Poggetti,unclassified
1798,956,4.349975653330436,Via dei Poggetti,unclassified
1798,955,5.196360446129657,Via dei Poggetti,unclassified
1799,671,5.451989858243347,Via dei Poggetti,unclassified
1799,956,5.529462723932014,Via dei Poggetti,unclassified
1800,964,15.590937350457533,Via dei Poggetti,unclassified
1800,963,13.874452501910515,Via dei Poggetti,unclassified
1801,672,5.965341616749074,Via dei Poggetti,unclassified
1801,964,6.493571376194674,Via dei Poggetti,unclassified
1802,673,6.905395277201331,Via dei Poggetti,unclassified
1802,672,2.9220289910413872,Via dei Poggetti,unclassified
1803,1804,20.69795477668936,Via dei Poggetti,residential
1803,965,10.999731192761885,Via dei Poggetti,residential
1804,1807,16.69658870309718,Via dei Poggetti,residential
1804,1803,20.69795477668936,Via dei Poggetti,residential
1805,1806,24.004087956788997,Via dei Poggetti,residential
1805,1807,16.664077145735817,Via dei Poggetti,residential
1806,1805,24.004087956788997,Via dei Poggetti,residential
1807,1805,16.664077145735817,Via dei Poggetti,residential
1807,1804,16.69658870309718,Via dei Poggetti,residential
1808,1812,3.6862340454344866,Via dei Poggetti,unclassified
1808,1811,2.7161318139409323,Via dei Poggetti,unclassified
1809,1813,3.1647318442269787,Via dei Poggetti,unclassified
1809,1812,3.0643407638685334,Via dei Poggetti,unclassified
1810,1817,6.549395388472411,Via dei Poggetti,unclassified
1810,661,11.198860845104129,Via dei Poggetti,unclassified
1811,1808,2.7161318139409323,Via dei Poggetti,unclassified
1811,947,2.864766756178452,Via dei Poggetti,unclassified
1812,1809,3.0643407638685334,Via dei Poggetti,unclassified
1812,1808,3.6862340454344866,Via dei Poggetti,unclassified
1813,661,3.3656627490733193,Via dei Poggetti,unclassified
1813,1809,3.1647318442269787,Via dei Poggetti,unclassified
1814,1815,3.8438773468507015,Via dei Poggetti,unclassified
1814,1816,21.217232629441817,Via dei Poggetti,unclassified
1815,947,3.402643037964363,Via dei Poggetti,unclassified
1815,1814,3.8438773468507015,Via dei Poggetti,unclassified
1816,1814,21.217232629441817,Via dei Poggetti,unclassified
1816,660,9.468665022776014,Via dei Poggetti,unclassified
1817,662,5.989014603588963,Via dei Poggetti,unclassified
1817,1810,6.549395388472411,Via dei Poggetti,unclassified
1818,663,16.367779260638535,Via dei Poggetti,unclassified
1818,662,12.317245453708127,Via dei Poggetti,unclassified
1819,943,8.986234450705886,Unnamed,residential
1819,944,15.438704986673839,Unnamed,residential
1820,944,11.342284376211506,Unnamed,residential
1820,945,13.382200942390961,Unnamed,residential
1821,1822,37.730686407215266,Via dei Poggetti,residential
1821,971,23.55948017912535,Via dei Poggetti,residential
1822,1823,9.369607138451473,Via dei Poggetti,residential
1822,1821,37.730686407215266,Via dei Poggetti,residential
1823,1824,5.660296851627096,Via dei Poggetti,residential
1823,1822,9.369607138451473,Via dei Poggetti,residential
1824,1825,14.225439689469882,Via dei Poggetti,residential
1824,1823,5.660296851627096,Via dei Poggetti,residential
1825,1826,12.648730860323543,Via dei Poggetti,residential
1825,1824,14.225439689469882,Via dei Poggetti,residential
1826,1827,5.444440269912702,Via dei Poggetti,residential
1826,1825,12.648730860323543,Via dei Poggetti,residential
1827,1828,5.130015708479945,Via dei Poggetti,residential
1827,1826,5.444440269912702,Via dei Poggetti,residential
1828,1829,23.508217954568075,Via dei Poggetti,residential
1828,1827,5.130015708479945,Via dei Poggetti,residential
1829,1830,46.960196817622524,Via dei Poggetti,residential
1829,1828,23.508217954568075,Via dei Poggetti,residential
1830,1832,14.71300886792807,Via dei Poggetti,residential
1830,1829,46.960196817622524,Via dei Poggetti,residential
1831,975,36.26624953459166,Via dei Poggetti,unclassified
1831,676,19.45191719614493,Via dei Poggetti,unclassified
1831,1832,14.077398703557979,Via dei Poggetti,residential
1832,1831,14.077398703557979,Via dei Poggetti,residential
1832,1830,14.71300886792807,Via dei Poggetti,residential
1833,889,27.810423048250655,Via delle Fornacelle,residential
1833,858,58.470559707058825,Via delle Fornacelle,residential
1834,868,9.489121959178926,Via delle Fornacelle,residential
1834,939,11.62478735529992,Via delle Fornacelle,residential
1835,867,4.846089844096546,Via delle Fornacelle,residential
1835,868,6.666626350756609,Via delle Fornacelle,residential
1836,887,59.111117129351825,Via delle Fornacelle,residential
1836,867,19.334001332219138,Via delle Fornacelle,residential
1837,930,95.32580718099327,Via delle Fornacelle,residential
1837,1838,22.171730703982266,Via delle Fornacelle,residential
1838,1837,22.171730703982266,Via delle Fornacelle,residential
1838,891,16.180464186870925,Via delle Fornacelle,residential
1839,425,8.843323513285739,Via dei Poggetti,tertiary
1839,995,6.7459318625576925,Via dei Poggetti,tertiary
1840,169,10.712408608776675,Via dei Poggetti,tertiary
1840,425,10.260432315884922,Via dei Poggetti,tertiary
1841,1639,11.402549032720271,Corso della Repubblica,tertiary
1841,274,18.422236503594124,Corso della Repubblica,tertiary
1842,757,16.91082935827994,Via Pugnano,tertiary
1842,1843,12.801164697445689,Via Pugnano,tertiary
1843,1842,12.801164697445689,Via Pugnano,tertiary
1843,416,45.34329594488888,Via Pugnano,tertiary
1844,383,23.0415428136514,Via Poggio alla Farnia,tertiary
1844,382,38.550389191601354,Via Poggio alla Farnia,tertiary
1845,403,19.531434236985028,Via Pugnano,tertiary
1845,402,18.96074125973537,Via Pugnano,tertiary
1846,1872,8.053235667083928,Via Poggio alla Farnia,tertiary
1846,1104,8.396616864695039,Via Poggio alla Farnia,tertiary
1847,1949,12.570838719282348,Via La Leccia,secondary
1847,1568,15.670944425213548,Via La Leccia,secondary
1848,140,73.82516372498931,Via La Leccia,secondary
1848,1953,11.689756630321758,Via La Leccia,secondary
1849,1040,36.40061422369974,Unnamed,residential
1849,417,28.428685189575024,Piazza Torello Pierazzi,residential
1850,1043,34.476943238680285,Via Pugnano,tertiary
1850,417,43.32220051624171,Via Pugnano,tertiary
1850,1851,27.39526550902628,Piazza Torello Pierazzi,residential
1851,1849,43.302772915453,Unnamed,residential
1851,1850,27.39526550902628,Piazza Torello Pierazzi,residential
1852,424,14.560147372076264,Via Valtriano,residential
1852,1853,9.474929485733327,Unnamed,residential
1853,423,32.8885872817257,Unnamed,residential
1853,1852,9.474929485733327,Unnamed,residential
1854,750,41.02410402583648,Unnamed,residential
1854,748,10.445303903020298,Unnamed,residential
1855,748,8.146254656132522,Unnamed,residential
1855,1044,79.6266714382694,Unnamed,residential
1856,1501,104.0912132285663,Unnamed,residential
1857,1566,53.52195171791931,Via Giorgio Kienerk,residential
1857,746,6.342878738297853,Via Giorgio Kienerk,residential
1858,1287,7.96675506590592,Via Guglielmo Marconi,secondary
1859,70,7.703975264094444,Via Fondo la Grotta,secondary
1859,69,9.081030374949385,Via Fondo la Grotta,secondary
1860,73,13.25715422411144,Via Fondo la Grotta,secondary
1860,72,18.821964383523856,Via Fondo la Grotta,secondary
1861,1862,10.390930261313876,Via Fondo la Grotta,secondary
1861,73,8.34106628975379,Via Fondo la Grotta,secondary
1862,74,14.266313093411037,Via Fondo la Grotta,secondary
1862,1861,10.390930261313876,Via Fondo la Grotta,secondary
1863,75,27.468406919594628,Via Fondo la Grotta,secondary
1863,74,10.4147994124435,Via Fondo la Grotta,secondary
1864,83,5.055320593826028,Via Comunale,tertiary
1864,1681,4.133982190105256,Via Comunale,tertiary
1865,82,12.53617007257884,Via Fondo la Grotta,secondary
1865,81,12.600497044774459,Via Fondo la Grotta,secondary
1866,77,22.741722369658888,Via Fondo la Grotta,secondary
1866,76,88.33496624494461,Via Fondo la Grotta,secondary
1867,1294,16.00267718962603,Via Guglielmo Marconi,secondary
1867,1293,17.89400566364021,Via Guglielmo Marconi,secondary
1868,120,47.647163609689294,Strada Provinciale 21 del Piano della Tora,secondary
1868,121,20.238361945231937,Strada Provinciale 21 del Piano della Tora,secondary
1869,380,7.561051266374515,Via Poggio alla Farnia,tertiary
1869,1879,9.297103270959113,Via Poggio alla Farnia,tertiary
1870,382,7.13116991827936,Via Poggio alla Farnia,tertiary
1870,1103,10.219031256269446,Via Poggio alla Farnia,tertiary
1871,378,23.442445487613693,Via Poggio alla Farnia,tertiary
1871,1106,21.458507247079833,Via Poggio alla Farnia,tertiary
1872,379,6.071016004682944,Via Poggio alla Farnia,tertiary
1872,1846,8.053235667083928,Via Poggio alla Farnia,tertiary
1873,1883,18.298953412672173,Via Poggio alla Farnia,tertiary
1873,377,12.366551892182027,Via Poggio alla Farnia,tertiary
1874,388,13.423396367666056,Via Poggio alla Farnia,tertiary
1874,1098,15.781079010234041,Via Poggio alla Farnia,tertiary
1875,1887,9.80294324430396,Via Poggio alla Farnia,tertiary
1875,230,9.461336709772096,Via Poggio alla Farnia,tertiary
1876,381,8.748532876474865,Via Poggio alla Farnia,tertiary
1876,1881,76.09257124738859,Via Poggio alla Farnia,tertiary
1877,232,8.685877041372422,Via Poggio alla Farnia,tertiary
1877,1493,12.289874372625832,Via Poggio alla Farnia,tertiary
1878,1102,58.15824886240558,Via Poggio alla Farnia,tertiary
1878,383,26.946012310693245,Via Poggio alla Farnia,tertiary
1879,1869,9.297103270959113,Via Poggio alla Farnia,tertiary
1879,379,9.434414003402603,Via Poggio alla Farnia,tertiary
1880,1103,6.785887037093978,Via Poggio alla Farnia,tertiary
1880,381,7.972678923441284,Via Poggio alla Farnia,tertiary
1881,1876,76.09257124738859,Via Poggio alla Farnia,tertiary
1881,380,37.34845932723441,Via Poggio alla Farnia,tertiary
1882,1884,6.903560142209285,Via Poggio alla Farnia,tertiary
1882,232,9.799004029728998,Via Poggio alla Farnia,tertiary
1883,1106,10.236803929724667,Via Poggio alla Farnia,tertiary
1883,1873,18.298953412672173,Via Poggio alla Farnia,tertiary
1884,1889,10.969297991601241,Via Poggio alla Farnia,tertiary
1884,1882,6.903560142209285,Via Poggio alla Farnia,tertiary
1885,1108,31.69940099034023,Via Poggio alla Farnia,tertiary
1885,229,43.3643884824008,Via Poggio alla Farnia,tertiary
1886,385,12.864295242949893,Via Poggio alla Farnia,tertiary
1886,1101,23.755599184325657,Via Poggio alla Farnia,tertiary
1887,231,14.318834614949283,Via Poggio alla Farnia,tertiary
1887,1875,9.80294324430396,Via Poggio alla Farnia,tertiary
1888,376,37.55811193117953,Via Poggio alla Farnia,tertiary
1888,1920,47.48635002105867,Via Poggio alla Farnia,tertiary
1889,1920,18.289152332569685,Via Poggio alla Farnia,tertiary
1889,1884,10.969297991601241,Via Poggio alla Farnia,tertiary
1890,230,7.3042914819962395,Via Poggio alla Farnia,tertiary
1890,1110,8.767715223588395,Via Poggio alla Farnia,tertiary
1891,390,20.227671597148348,Via Poggio alla Farnia,tertiary
1891,1097,10.022054485517,Via Poggio alla Farnia,tertiary
1892,372,36.374744712688084,Via Augusto Bellini Pietri,unclassified
1892,371,25.374858134455714,Via Augusto Bellini Pietri,unclassified
1892,1893,16.988587173533727,Via del Villaggio,unclassified
1893,1894,59.88667382794319,Via del Villaggio,unclassified
1893,1892,16.988587173533727,Via del Villaggio,unclassified
1894,1957,37.882514900369905,Via del Villaggio,unclassified
1894,1893,59.88667382794319,Via del Villaggio,unclassified
1895,1896,39.60907295619188,Via del Villaggio,unclassified
1895,1958,18.445404393175846,Via del Villaggio,unclassified
1896,1897,27.578474374222733,Via del Villaggio,unclassified
1896,1895,39.60907295619188,Via del Villaggio,unclassified
1897,1898,30.00546351668216,Via del Villaggio,unclassified
1897,1896,27.578474374222733,Via del Villaggio,unclassified
1898,1899,36.41724652290494,Via del Villaggio,unclassified
1898,1897,30.00546351668216,Via del Villaggio,unclassified
1899,1900,41.51068362988399,Via del Villaggio,unclassified
1899,1898,36.41724652290494,Via del Villaggio,unclassified
1900,1901,37.05134989886844,Via del Villaggio,unclassified
1900,1899,41.51068362988399,Via del Villaggio,unclassified
1901,1902,18.57788946009367,Via del Villaggio,unclassified
1901,1900,37.05134989886844,Via del Villaggio,unclassified
1902,1903,52.443098165162255,Via del Villaggio,unclassified
1902,1901,18.57788946009367,Via del Villaggio,unclassified
1903,1904,31.554790315790182,Via del Villaggio,unclassified
1903,1902,52.443098165162255,Via del Villaggio,unclassified
1904,1905,14.365128734508168,Via del Villaggio,unclassified
1904,1903,31.554790315790182,Via del Villaggio,unclassified
1905,1906,22.616720683261764,Via del Villaggio,unclassified
1905,1904,14.365128734508168,Via del Villaggio,unclassified
1906,1907,21.65617732593442,Via del Villaggio,unclassified
1906,1905,22.616720683261764,Via del Villaggio,unclassified
1907,1908,33.2832668983307,Via del Villaggio,unclassified
1907,1906,21.65617732593442,Via del Villaggio,unclassified
1908,1909,40.69329265657576,Via del Villaggio,unclassified
1908,1907,33.2832668983307,Via del Villaggio,unclassified
1909,1910,40.6407871651392,Via del Villaggio,unclassified
1909,1908,40.69329265657576,Via del Villaggio,unclassified
1910,1912,25.251368322228355,Via del Villaggio,unclassified
1910,1909,40.6407871651392,Via del Villaggio,unclassified
1911,1912,23.384858096463965,Via del Villaggio,unclassified
1911,1913,28.864737603471298,Unnamed,unclassified
1912,1911,23.384858096463965,Via del Villaggio,unclassified
1912,1910,25.251368322228355,Via del Villaggio,unclassified
1913,1914,24.495166156234593,Unnamed,unclassified
1913,1911,28.864737603471298,Unnamed,unclassified
1914,1915,24.097131705524227,Unnamed,unclassified
1914,1913,24.495166156234593,Unnamed,unclassified
1915,1916,74.53647411874289,Unnamed,unclassified
1915,1914,24.097131705524227,Unnamed,unclassified
1916,1917,24.1476473790453,Unnamed,unclassified
1916,1915,74.53647411874289,Unnamed,unclassified
1917,1916,24.1476473790453,Unnamed,unclassified
1918,235,5.142898818556175,Via Valleregli,tertiary
1918,234,22.08483327656972,Via Valleregli,tertiary
1919,1112,9.384768857267211,Via Poggio alla Farnia,tertiary
1919,227,10.309933929648327,Via Poggio alla Farnia,tertiary
1920,1888,47.48635002105867,Via Poggio alla Farnia,tertiary
1920,1889,18.289152332569685,Via Poggio alla Farnia,tertiary
1921,1137,18.161432577172334,Via Casaferri,tertiary
1921,1136,10.350486543511012,Via Casaferri,tertiary
1922,1027,4.431317443484854,Via Giorgio Kienerk,residential
1923,1942,31.094696838532844,Via Filippo Mazzei,residential
1923,1945,25.312045752979284,Via Filippo Mazzei,residential
1924,1035,8.810422683654952,Via Filippo Mazzei,residential
1924,759,44.95354749521949,Via Filippo Mazzei,residential
1925,1032,10.98959112701032,Via Filippo Mazzei,residential
1925,1031,10.1587920317316,Via Filippo Mazzei,residential
1926,1927,7.488846326511112,Via Filippo Mazzei,residential
1926,758,7.8415736751593474,Via Filippo Mazzei,residential
1926,1941,13.728655447892514,Via Filippo Mazzei,residential
1927,1928,11.76264046564468,Via Filippo Mazzei,residential
1927,1926,7.488846326511112,Via Filippo Mazzei,residential
1928,1929,19.98361680419818,Via Filippo Mazzei,residential
1928,1927,11.76264046564468,Via Filippo Mazzei,residential
1929,1930,5.252763895237719,Via Filippo Mazzei,residential
1929,1928,19.98361680419818,Via Filippo Mazzei,residential
1930,1931,7.374111913988117,Via Filippo Mazzei,residential
1930,1929,5.252763895237719,Via Filippo Mazzei,residential
1931,1932,6.836197953929503,Via Filippo Mazzei,residential
1931,1930,7.374111913988117,Via Filippo Mazzei,residential
1932,1933,6.969331957054773,Via Filippo Mazzei,residential
1932,1931,6.836197953929503,Via Filippo Mazzei,residential
1933,1934,4.585684423361342,Via Filippo Mazzei,residential
1933,1932,6.969331957054773,Via Filippo Mazzei,residential
1934,1935,4.881794676564152,Via Filippo Mazzei,residential
1934,1933,4.585684423361342,Via Filippo Mazzei,residential
1935,1936,20.949934588242442,Via Filippo Mazzei,residential
1935,1934,4.881794676564152,Via Filippo Mazzei,residential
1936,1937,12.834287593821411,Via Filippo Mazzei,residential
1936,1935,20.949934588242442,Via Filippo Mazzei,residential
1937,1938,4.361310307413084,Via Filippo Mazzei,residential
1937,1936,12.834287593821411,Via Filippo Mazzei,residential
1938,1939,2.7733810453307064,Via Filippo Mazzei,residential
1938,1937,4.361310307413084,Via Filippo Mazzei,residential
1939,1940,26.391432936523774,Via Filippo Mazzei,residential
1939,1938,2.7733810453307064,Via Filippo Mazzei,residential
1940,1941,8.84816031439136,Via Filippo Mazzei,residential
1940,1939,26.391432936523774,Via Filippo Mazzei,residential
1941,1926,13.728655447892514,Via Filippo Mazzei,residential
1941,1940,8.84816031439136,Via Filippo Mazzei,residential
1942,757,82.41982158979528,Via Filippo Mazzei,residential
1942,1923,31.094696838532844,Via Filippo Mazzei,residential
1943,1944,35.674076442585516,Via Filippo Mazzei,residential
1943,1034,60.06146063866185,Via Filippo Mazzei,residential
1944,1035,41.05462998455547,Via Filippo Mazzei,residential
1944,1943,35.674076442585516,Via Filippo Mazzei,residential
1945,1923,25.312045752979284,Via Filippo Mazzei,residential
1945,1035,45.86811914771314,Via Filippo Mazzei,residential
1946,1947,56.97827021578351,Via Filippo Mazzei,residential
1946,1033,12.736015678113255,Via Filippo Mazzei,residential
1947,1351,44.15174960322098,Via Filippo Mazzei,residential
1947,1946,56.97827021578351,Via Filippo Mazzei,residential
1948,1949,3.7560510976018184,Via Valtriano,residential
1949,1847,12.570838719282348,Via La Leccia,secondary
1949,420,15.989305634357695,Via La Leccia,secondary
1950,1948,11.51749511751337,Via Valtriano,residential
1950,1564,28.3122508499563,Via Valtriano,residential
1951,1952,6.264056453374894,Via Pugnano,tertiary
1951,419,39.00776770452811,Via Pugnano,tertiary
1952,1953,4.45491025869781,Via Pugnano,tertiary
1952,1951,6.264056453374894,Via Pugnano,tertiary
1953,1952,4.45491025869781,Via Pugnano,tertiary
1953,420,3.9257253577007774,Via La Leccia,secondary
1953,1848,11.689756630321758,Via La Leccia,secondary
1954,1623,23.997534631645483,Via delle Macchie,unclassified
1954,1622,7.3634594127986315,Via delle Macchie,unclassified
1955,1958,9.93779114188202,Via del Villaggio,unclassified
1955,1957,13.413661982846653,Via del Villaggio,unclassified
1956,349,6.449494558032218,Via Querciole,secondary
1956,1255,5.6814770792862435,Via Querciole,secondary
1957,1955,13.413661982846653,Via del Villaggio,unclassified
1957,1894,37.882514900369905,Via del Villaggio,unclassified
1958,1895,18.445404393175846,Via del Villaggio,unclassified
1958,1955,9.93779114188202,Via del Villaggio,unclassified
1959,475,75.38880204004772,Unnamed,residential
1959,1967,49.152433896828384,Unnamed,residential
1960,1139,19.288600187818233,Via Casaferri,tertiary
1960,814,13.89458088411115,Via Casaferri,tertiary
1961,822,1.8550515961283747,Unnamed,residential
1961,833,40.54243750492303,Unnamed,residential
1962,273,30.944007131703316,Corso della Repubblica,tertiary
1962,1011,1.0352436054840415,Corso della Repubblica,tertiary
1963,1011,2.957789227158485,Corso della Repubblica,tertiary
1963,1020,14.955747442404796,Corso della Repubblica,tertiary
1964,1020,1.687549270736549,Corso della Repubblica,tertiary
1964,272,39.78284210658231,Corso della Repubblica,tertiary
1965,1014,2.9353764270270335,Corso della Repubblica,tertiary
1965,284,23.871775578404478,Corso della Repubblica,tertiary
1966,272,13.253309671627443,Corso della Repubblica,tertiary
1966,1014,1.4770358362544436,Corso della Repubblica,tertiary
1967,1959,49.152433896828384,Unnamed,residential
1967,341,10.563989899122111,Unnamed,residential
1968,50,92.44716715335859,Via Querciole,secondary
1968,49,22.67196952333315,Via Querciole,secondary
1969,1198,12.510678395941122,Via Pontita,unclassified
1969,654,5.259340190389058,Via Pontita,unclassified
1970,430,43.37331363961149,Via Scacciapolli,unclassified
1970,429,4.485739285272833,Via Scacciapolli,unclassified
1971,429,4.5322397164135655,Via Scacciapolli,unclassified
1971,428,84.37747049535596,Via Scacciapolli,unclassified
1972,428,9.609372160537788,Via Scacciapolli,unclassified
1972,1088,38.6537672146753,Via Scacciapolli,unclassified
1973,444,10.644617293186748,Via Scacciapolli,unclassified
1973,443,11.886740493471747,Via Scacciapolli,unclassified
1974,446,16.12170311793615,Via Scacciapolli,unclassified
1974,445,18.930835620124963,Via Scacciapolli,unclassified
1975,407,38.83254868523203,Via Pugnano,tertiary
1975,405,62.696516234135274,Via Pugnano,tertiary
1976,397,28.640896138501834,Via Pugnano,tertiary
1976,413,192.40203714065552,Via Pugnano,tertiary
1977,416,10.708767583519606,Via Pugnano,tertiary
1977,397,41.618331423221356,Via Pugnano,tertiary
1978,753,48.12048276242972,Via Pugnano,tertiary
1978,1979,25.83579176325411,Via Pugnano,tertiary
1979,1978,25.83579176325411,Via Pugnano,tertiary
1979,398,19.807900293368824,Via Pugnano,tertiary
1980,3,39.309740339912935,Strada Provinciale 31 Cucigliana Lorenzana,secondary
1980,1005,434.5933580809886,Strada Provinciale 31 Cucigliana Lorenzana,secondary
1981,1099,22.195601367045914,Via Poggio alla Farnia,tertiary
1981,1982,7.4578391527383685,Via Poggio alla Farnia,tertiary
1982,387,28.804539760248648,Via Poggio alla Farnia,tertiary
1982,1981,7.4578391527383685,Via Poggio alla Farnia,tertiary
1983,347,28.00768940793806,Via Casaferri,tertiary
1983,1984,43.89722741291711,Via Casaferri,tertiary
1984,1983,43.89722741291711,Via Casaferri,tertiary
1984,842,15.802445814542692,Via Casaferri,tertiary
1985,366,117.74764281596667,Via Pugnano,tertiary
1985,367,12.906278871194658,Via Pugnano,tertiary
1986,411,22.067063171356175,Via Mediana,unclassified
1986,1987,16.652219387311778,Via Mediana,unclassified
1987,1986,16.652219387311778,Via Mediana,unclassified
1987,410,13.238867204819845,Via Mediana,unclassified
1988,412,26.254518134428213,Via Mediana,unclassified
1988,411,29.653428118737963,Via Mediana,unclassified
1989,1224,6.336627391398874,Via Pontita,unclassified
1989,828,4.724343233138613,Via Pontita,unclassified
1990,336,11.437005117423418,Via Pugnano,tertiary
1990,335,56.12672870912197,Via Pugnano,tertiary
1991,331,21.333942806152347,Via Pugnano,tertiary
1991,330,17.000387143794278,Via Pugnano,tertiary
1992,52,24.97286107429667,Via Querciole,secondary
1992,51,258.96846368583806,Via Querciole,secondary
1993,1203,10.335497562154828,Via Pontita,unclassified
1993,652,15.595903063392143,Via Pontita,unclassified
1994,1089,153.26709995320772,Via delle Fornacelle,residential
1994,204,6.268979471112151,Via delle Fornacelle,residential
