43.4578463,10.3706671
43.4457691,10.3826683
43.4449791,10.3829322
43.4379885,10.3885641
43.4473272,10.3816876
43.4501306,10.3794956
43.4563685,10.3725204
43.4513672,10.377161
43.4554169,10.372868
43.4464274,10.3823762
43.4576825,10.3693294
43.4448481,10.3836
43.4378532,10.3885543
43.4385142,10.3881129
43.4121273,10.404126
43.4480077,10.3813072
43.4492949,10.3822777
43.4496978,10.3792644
43.4465599,10.3875011
43.4453575,10.3857999
43.4469834,10.389475
43.4574801,10.3684259
43.4573674,10.3686675
43.450319,10.3788917
43.4123737,10.4069184
43.4592391,10.3678129
43.4499625,10.3789645
43.4499974,10.3792151
43.450005,10.3790693
43.4510962,10.3815073
43.4624173,10.4116624
43.4410925,10.3871894
43.4429349,10.3852259
43.4498862,10.3784242
43.4410512,10.3868295
43.4453021,10.3829066
43.445353,10.3830116
43.445401,10.3829162
43.4498911,10.3790412
43.4499131,10.3792119
43.4500153,10.3793385
43.4565008,10.3682414
43.4579282,10.3690933
43.4588297,10.3682179
43.4380011,10.3880528
43.4384666,10.3886025
43.4384951,10.3888474
43.4386853,10.3880967
43.4557406,10.3732903
43.4534296,10.3739953
43.4539051,10.3752122
43.4467069,10.388431
43.4468818,10.3860414
43.4481267,10.3835023
43.444883,10.3866736
43.4453972,10.385947
43.4477623,10.3828516
43.4482041,10.3894213
43.4488499,10.3791676
43.4467447,10.3822178
43.4622593,10.4111237
43.4624404,10.4117477
43.4525812,10.3977664
43.454386,10.4028498
43.4483566,10.3886675
43.4499902,10.402306
43.4501876,10.4025015
43.4500165,10.3798313
43.7818223,10.3393256
43.7787687,10.3392398
43.7774051,10.3412506
43.7736883,10.3434441
43.617806,10.3567451
43.5555205,10.30567
43.5558736,10.3058078
43.5592714,10.3097653
43.5719539,10.3157086
43.5707183,10.3154879
43.5703848,10.3156094
43.5705562,10.3161974
43.5718811,10.3176333
43.5865201,10.3239711
43.5624218,10.3256165
43.5998656,10.3693465
43.779168,10.3357419
43.7775299,10.3408727
43.5958797,10.3482371
43.5887158,10.3241863
43.8216582,10.3046137
43.7762529,10.3320941
43.5826768,10.3572136
43.5832592,10.3587989
43.5847967,10.3578084
43.5983006,10.3611893
43.5869645,10.3236344
43.710019,10.4104285
43.7130669,10.4077837
43.7153998,10.4021415
43.7155503,10.4016837
43.7139046,10.4085126
43.7129728,10.4094426
43.712245,10.4127009
43.7130444,10.4140899
43.7157019,10.4131158
43.7188615,10.4111916
43.7245741,10.409536
43.7246654,10.4096648
43.7247213,10.4095372
43.7156025,10.3949766
43.7133508,10.3888516
43.7181759,10.3894504
43.7203355,10.3908782
43.7161567,10.394714
43.7163698,10.3945476
43.7170206,10.3916516
43.7211679,10.3880796
43.7221479,10.3882131
43.7211779,10.3914214
43.7433591,10.3727544
43.7072904,10.3857342
43.7040901,10.3865181
43.7001726,10.3889739
43.6992,10.3890549
43.7202845,10.3858224
43.775556,10.4243344
43.778535,10.4023629
43.739482,10.3902694
43.763341,10.3920555
43.7565034,10.3883047
43.7291621,10.3929636
43.7240033,10.397229
43.7235875,10.3985304
43.7228354,10.4017621
43.7221886,10.401703
43.7229513,10.3982212
43.7322244,10.4029387
43.7318703,10.4077132
43.7328805,10.4029845
43.7272706,10.3896116
43.728557,10.3887938
43.7241392,10.4074209
43.7233269,10.4099273
43.7225643,10.4089429
43.7231939,10.4088005
43.7293604,10.3910829
43.7274663,10.39307
43.7270265,10.396442
43.7265726,10.3995997
43.7251499,10.4061164
43.7258118,10.4065453
43.7256881,10.407283
43.7275607,10.4082213
43.7270846,10.4098576
43.7237416,10.4086221
43.7228593,10.4139601
43.7215509,10.4096441
43.7315303,10.3926018
43.7316235,10.4003017
43.7744995,10.4105547
43.7748874,10.4141015
43.7731092,10.422779
43.7349474,10.4031219
43.732402,10.4004073
43.7327021,10.4004471
43.7316188,10.3980591
43.7246715,10.409098
43.7254295,10.4089627
43.5987756,10.363977
43.6996561,10.3904019
43.7008084,10.3860425
43.6916767,10.3591199
43.598046,10.3614044
43.5834814,10.3503817
43.5843319,10.3489269
43.5765626,10.3485612
43.5351053,10.3345177
43.5132777,10.3329514
43.4827937,10.3343311
43.4831577,10.3342014
43.4829263,10.3330285
43.4776509,10.3311152
43.4755265,10.3309866
43.461897,10.3639194
43.5838881,10.3586627
43.610893,10.3607743
43.7201967,10.4116881
43.720115,10.4116379
43.7256272,10.4024861
43.723718,10.4079327
43.7236307,10.408072
43.7237826,10.4080733
43.7235612,10.4078944
43.7227183,10.406856
43.7245348,10.4091379
43.6963011,10.3841796
43.6995036,10.3866621
43.7107191,10.3917253
43.7091014,10.3799971
43.6975785,10.3601603
43.7669295,10.3299484
43.5973746,10.3574755
43.5959075,10.3588484
43.5839958,10.3570982
43.6133224,10.3601015
43.7099652,10.3987978
43.7099353,10.3990496
43.7099561,10.4010132
43.7290224,10.3999368
43.7289335,10.4027164
43.7214562,10.4021771
43.7196742,10.4021804
43.7197041,10.4040869
43.7322152,10.3987938
43.7320868,10.4003629
43.7311693,10.3975139
43.7309646,10.4002136
43.7306832,10.3969291
43.7298819,10.395938
43.7291915,10.395129
43.7284253,10.3942241
43.7273017,10.3997167
43.7278518,10.3997838
43.728232,10.3998314
43.7296798,10.4000348
43.7303248,10.4001282
43.7303582,10.3988228
43.7303619,10.3995162
43.7310088,10.3995782
43.7311067,10.3982745
43.7306244,10.3974743
43.7298142,10.3973748
43.7291535,10.3960928
43.7291049,10.3973577
43.7290777,10.3983759
43.7290595,10.3989797
43.7267955,10.3982039
43.7274122,10.3982514
43.7279584,10.3983017
43.7283358,10.39832
43.7280916,10.3971217
43.7282341,10.3958917
43.728296,10.3989316
43.7276954,10.3957702
43.7275524,10.3970074
43.7197345,10.4073611
43.7167999,10.4087227
43.7151351,10.4090152
43.7307746,10.4028416
43.7185484,10.407387
43.7104281,10.4054451
43.7112338,10.4054342
43.7095934,10.4052041
43.7095273,10.4056178
43.7097023,10.4059274
43.7098069,10.4058559
43.7104385,10.4053015
43.7103939,10.4045303
43.7741959,10.3408485
43.7771772,10.3414232
43.7791946,10.3353137
43.7801803,10.3352928
43.7187854,10.4104574
43.7124032,10.3985708
43.727111,10.402597
43.7271717,10.4008296
43.7300466,10.3949154
43.7298808,10.3928639
43.7250053,10.391307
43.7249001,10.3911619
43.7250113,10.391233
43.7249355,10.3913671
43.724978,10.391168
43.7256588,10.3906604
43.7257354,10.3907613
43.7269685,10.3996612
43.7228801,10.3985253
43.7217743,10.3997097
43.7212777,10.4003564
43.7266264,10.3992858
43.7253446,10.3991677
43.711789,10.3926767
43.7127374,10.3966641
43.7140604,10.391647
43.7225513,10.4017244
43.7217354,10.4120973
43.7224072,10.4106826
43.7226946,10.4100734
43.7239313,10.4101793
43.7214166,10.4127599
43.7212181,10.4114827
43.7230682,10.4132136
43.7206952,10.4108751
43.72203,10.410245
43.7235672,10.4114764
43.7208098,10.4122491
43.7046514,10.4126583
43.7165557,10.3915297
43.7158105,10.3955213
43.7166398,10.3998939
43.7104822,10.403053
43.7075246,10.4119772
43.7056242,10.4192387
43.7147755,10.4089727
43.7107565,10.409438
43.7105946,10.4096173
43.709841,10.398897
43.7142694,10.3775878
43.7203723,10.3859225
43.7203599,10.3858376
43.7240077,10.3992421
43.7238789,10.4013326
43.7241928,10.402379
43.7144908,10.4021272
43.7128527,10.4012178
43.7127958,10.4014175
43.7106427,10.4004747
43.6030361,10.3526895
43.6006728,10.3524703
43.5841659,10.3478685
43.7193247,10.3929429
43.7197755,10.3955902
43.7112888,10.4138587
43.7139865,10.4091253
43.7136173,10.4096022
43.7132932,10.4092621
43.714101,10.4086722
43.7181988,10.3925435
43.7315976,10.3971481
43.7300821,10.3954494
43.7333378,10.405888
43.7332641,10.404402
43.7341371,10.4045126
43.7348653,10.4046006
43.7340364,10.4059867
43.7347765,10.4060866
43.7326928,10.4058036
43.7320187,10.4057194
43.7305805,10.4055241
43.7296424,10.4054032
43.7288404,10.4052821
43.7304572,10.4071245
43.7288102,10.406234
43.7325255,10.4080992
43.729565,10.4066671
43.733477,10.4015999
43.7323295,10.4014529
43.7189403,10.4122217
43.730849,10.4018006
43.7322948,10.4019066
43.7095253,10.4057079
43.7098792,10.4051282
43.7099283,10.4069072
43.7175575,10.4093688
43.7174798,10.4073381
43.7176147,10.4092052
43.7186829,10.4090466
43.7252591,10.4054485
43.7254589,10.4047978
43.7298099,10.3918383
43.7293622,10.3929362
43.7300015,10.394374
43.7275314,10.3925787
43.7285904,10.3930743
43.7118999,10.4008975
43.7321236,10.4042344
43.7306822,10.4040523
43.7345293,10.4072334
43.7339354,10.4089476
43.7332529,10.4070603
43.733135,10.408472
43.720987,10.3886822
43.7196471,10.3879154
43.7094231,10.3979096
43.7089697,10.3990164
43.7100396,10.3980465
43.7080488,10.4016357
43.70712,10.4031776
43.7049995,10.400764
43.7033441,10.400915
43.7068261,10.4050759
43.7074182,10.4034071
43.7264819,10.391654
43.7260044,10.392314
43.7258137,10.3924059
43.7249643,10.3911581
43.7275191,10.3899216
43.7287336,10.3939834
43.7298456,10.3923457
43.7303156,10.3922695
43.7303891,10.3927785
43.7304679,10.393884
43.7309047,10.3938036
43.7315325,10.3937893
43.730486,10.3941254
43.7308236,10.3927171
43.7315751,10.3958068
43.7330438,10.3956982
43.7288744,10.4043202
43.7299083,10.4043844
43.727291,10.4055197
43.7196,10.3997925
43.4610408,10.3655491
43.4604948,10.3679749
43.461371,10.3663832
43.5729137,10.3509634
43.5714521,10.347624
43.5736915,10.3481329
43.5725084,10.3501603
43.5743301,10.3451522
43.5738267,10.3454863
43.5725282,10.3471925
43.556782,10.340853
43.5568466,10.3410083
43.5563424,10.3407981
43.5528812,10.3404297
43.5527324,10.3408199
43.5533951,10.3418008
43.5535483,10.3422093
43.5579802,10.3449716
43.5472599,10.3415501
43.4614763,10.3631655
43.4577755,10.3688017
43.4575883,10.3684282
43.5536254,10.3418992
43.5775727,10.3391426
43.5774443,10.3393084
43.5772391,10.3391012
43.5748781,10.3447292
43.5772434,10.3390215
43.4596072,10.3675265
43.7111283,10.3974
43.712621,10.397434
43.7138206,10.3961585
43.7139872,10.3971365
43.7141077,10.3980147
43.7140192,10.398755
43.7178098,10.3951816
43.725826,10.4091764
43.725603,10.4115689
43.7260118,10.4134872
43.728229,10.4059223
43.7263171,10.4046752
43.7261712,10.4052015
43.7259988,10.405834
43.7255489,10.4080921
43.7250858,10.4069736
43.7266903,10.4061842
43.7279646,10.4068118
43.7286527,10.4071586
43.7264783,10.4068871
43.7277626,10.4075302
43.7284896,10.407894
43.7282994,10.4086018
43.7262794,10.407584
43.7250222,10.4078183
43.7260665,10.4083521
43.726102,10.4082196
43.7255762,10.4079404
43.7273638,10.4089049
43.7281012,10.409302
43.7278428,10.4102522
43.7256589,10.4081511
43.7277556,10.4091179
43.7274812,10.4100702
43.7249194,10.4078
43.7253517,10.4047418
43.723199,10.4033718
43.7234209,10.403287
43.724288,10.4048368
43.7237052,10.4055877
43.7248336,10.4049941
43.7253475,10.4024616
43.725283,10.4013658
43.727299,10.3939024
43.7277946,10.3934636
43.721923,10.399224
43.7201818,10.3990435
43.7254453,10.3922912
43.7252712,10.393228
43.7206142,10.3899247
43.7193253,10.388812
43.7201491,10.3862612
43.7197164,10.3871319
43.718422,10.3856665
43.7191249,10.3845073
43.7027173,10.4133764
43.7039636,10.4112225
43.7010403,10.4120546
43.6993728,10.4132645
43.7041326,10.4111514
43.704124,10.4108968
43.7031787,10.4040948
43.7047065,10.4013277
43.7042924,10.4049231
43.7043563,10.4049184
43.7054696,10.4020674
43.6976239,10.4087262
43.7001344,10.3971838
43.6997844,10.4011613
43.7006294,10.3983772
43.7008463,10.3979681
43.6964171,10.3951758
43.6941644,10.3945878
43.6985606,10.3904616
43.6994743,10.3917645
43.7038712,10.3963885
43.6975277,10.3954733
43.7054055,10.3953261
43.7057231,10.3965399
43.7068185,10.3970376
43.7053402,10.3996023
43.7058191,10.3998895
43.7070406,10.3958842
43.7071896,10.3927689
43.7059049,10.3954954
43.7232223,10.4011155
43.7145265,10.4135747
43.7155623,10.4126274
43.7148141,10.4126349
43.7140138,10.4132439
43.7171275,10.4164519
43.7272443,10.4047544
43.7272102,10.4054776
43.726552,10.4039578
43.7278919,10.4057816
43.7280779,10.4048127
43.7281366,10.404493
43.727434,10.4047633
43.7246741,10.4060531
43.7197285,10.4069759
43.7211568,10.4073397
43.6958709,10.3879398
43.6962904,10.3877681
43.7686061,10.3382891
43.7315994,10.3867136
43.7384957,10.3815466
43.7269741,10.3968584
43.7755251,10.4238206
43.7772398,10.4187418
43.7783799,10.4024329
43.778393,10.4025063
43.7785121,10.4023352
43.7576791,10.3885401
43.7573494,10.388474
43.7199116,10.3977601
43.7184716,10.4066954
43.7182397,10.4040774
43.7172411,10.4042013
43.7182366,10.4042384
43.7185764,10.3954069
43.7173146,10.4054336
43.7172728,10.404759
43.7163478,10.4061258
43.7814541,10.397239
43.7825524,10.3814226
43.7871174,10.3638165
43.7650939,10.3413809
43.7680124,10.3437204
43.7695398,10.3437105
43.7702432,10.3438171
43.7742073,10.3471645
43.7118763,10.3970315
43.7118347,10.3947665
43.7111286,10.3947924
43.7123173,10.3924773
43.7128982,10.3921734
43.715441,10.4006405
43.7100066,10.4091454
43.713662,10.4099399
43.7142705,10.4098845
43.7142365,10.4092403
43.7149179,10.409769
43.7197229,10.4048487
43.6592602,10.2809009
43.6596182,10.2819725
43.666944,10.2777042
43.5890468,10.3231939
43.5882429,10.3226185
43.5875319,10.3203963
43.5907286,10.2979809
43.5970309,10.2946201
43.7938437,10.4219274
43.7120997,10.4112977
43.7114089,10.4094664
43.7158726,10.4060617
43.7174497,10.4069028
43.7146266,10.4069058
43.7163602,10.4059375
43.7161385,10.4071711
43.7161494,10.4085477
43.7167459,10.4084163
43.7161381,10.407853
43.7183064,10.4031496
43.7197048,10.4032249
43.720495,10.4143181
43.7199031,10.4120017
43.7200062,10.4122272
43.718038,10.4164946
43.697018,10.409161
43.697782,10.4030825
43.6982728,10.4035035
43.6984427,10.4103492
43.6997133,10.4085654
43.6994524,10.4088147
43.6987013,10.409664
43.6995253,10.410801
43.6995598,10.4098383
43.703248,10.4087087
43.7014175,10.4070279
43.7010776,10.4101838
43.701512,10.4071857
43.7003539,10.4050787
43.7013205,10.4027099
43.7061142,10.4071075
43.7046747,10.4099319
43.7043499,10.4102417
43.7038996,10.409251
43.7067491,10.4052937
43.7074055,10.4057559
43.707756,10.4047937
43.7070727,10.4067902
43.7072062,10.40562
43.7071653,10.4059144
43.690251,10.412279
43.6837241,10.4092592
43.6882395,10.4113217
43.684869,10.4230637
43.6583764,10.3774043
43.6642922,10.3703156
43.658804,10.377012
43.6503136,10.3846968
43.639646,10.3943298
43.6309958,10.353843
43.6448217,10.3720993
43.638855,10.3919431
43.6401363,10.3939001
43.6350113,10.3942239
43.639098,10.3926982
43.6383862,10.393993
43.6188314,10.4058557
43.6811206,10.3518725
43.6797687,10.3477582
43.6862895,10.3439893
43.6862515,10.3434877
43.6865352,10.3439302
43.6862887,10.3430261
43.6796096,10.3476494
43.67983,10.3482133
43.6724579,10.3479092
43.6653309,10.3089937
43.6757041,10.3212361
43.6771192,10.3470028
43.6718626,10.2726406
43.6721535,10.2731424
43.6726768,10.2731791
43.6686984,10.277971
43.6683673,10.2768794
43.6709919,10.2731499
43.6701062,10.2736696
43.6663588,10.2758577
43.6645972,10.2768769
43.6617454,10.2785229
43.6608642,10.2790505
43.6599636,10.2795774
43.6590133,10.2801256
43.6720112,10.2734887
43.6703506,10.2744592
43.6680398,10.2757996
43.6648397,10.2776769
43.663755,10.2779918
43.6714844,10.2747559
43.6712303,10.2739451
43.6715678,10.2750165
43.6636974,10.277404
43.6634221,10.278545
43.6629211,10.2785164
43.6626292,10.2780165
43.6637344,10.2795746
43.6619845,10.2793066
43.6611026,10.2798238
43.6601924,10.2803613
43.7246659,10.388518
43.742232,10.3746892
43.7427829,10.3732556
43.7196815,10.4017881
43.718127,10.3969295
43.7166791,10.3963901
43.5192356,10.3377084
43.5135511,10.3263182
43.5136476,10.3266184
43.5164043,10.3292192
43.5141227,10.3256657
43.5034828,10.327686
43.7175129,10.4039185
43.7164314,10.4036673
43.7139052,10.4017466
43.7137774,10.4021925
43.7133399,10.4030849
43.7140585,10.4011719
43.7146142,10.4012618
43.7138338,10.4019853
43.7143972,10.402318
43.7110849,10.4031507
43.7125694,10.4051595
43.7125797,10.4021569
43.713053,10.4022841
43.7134792,10.4025873
43.7126335,10.3748118
43.7160829,10.380691
43.7130238,10.3769434
43.7135474,10.3763552
43.708871,10.3682803
43.71086,10.370326
43.7109865,10.3706302
43.7111189,10.3705028
43.7081096,10.3665763
43.7106826,10.3663057
43.7070674,10.3674983
43.7085225,10.3675235
43.7088782,10.3663266
43.7108245,10.3644413
43.6928943,10.3428876
43.725158,10.3380269
43.7222267,10.3387502
43.7226288,10.3727272
43.723117,10.376635
43.7232869,10.3780234
43.7215543,10.3779186
43.7177687,10.37864
43.7172708,10.3791025
43.717669,10.3829052
43.7207359,10.3851896
43.7212178,10.3857043
43.7193671,10.3847784
43.719175,10.3766297
43.7198559,10.3779338
43.7204784,10.379054
43.7194531,10.3772449
43.7205498,10.376831
43.7215473,10.3765556
43.7207988,10.3758906
43.7220409,10.3757727
43.7215137,10.375807
43.7193612,10.3765109
43.7194266,10.3771827
43.7229936,10.3756381
43.7226981,10.3751132
43.7219877,10.3752388
43.7211134,10.375397
43.7211593,10.375846
43.7181006,10.3803533
43.7187971,10.3801989
43.7194013,10.380255
43.720001,10.3802331
43.7193721,10.3797827
43.7188075,10.3796758
43.7194129,10.3804876
43.7192992,10.3786223
43.7192764,10.3779583
43.7175208,10.378824
43.7186575,10.3787057
43.7183069,10.3811718
43.7183247,10.3815964
43.7183858,10.3811655
43.718446,10.3815476
43.7108841,10.3867865
43.7116756,10.3894304
43.707873,10.3828151
43.7101704,10.3836457
43.7104288,10.3849015
43.7085925,10.3852717
43.7098829,10.4032373
43.7087038,10.402127
43.7094619,10.3997143
43.7099372,10.399917
43.7096484,10.4048616
43.708089,10.4038655
43.7187179,10.3874667
43.7184888,10.3882776
43.7168993,10.3876148
43.692771,10.3566108
43.6738436,10.3476084
43.6946473,10.3623382
43.4970765,10.322627
43.4973888,10.3224549
43.4980109,10.322259
43.5096608,10.3192241
43.5183963,10.3164122
43.528613,10.3096611
43.5422928,10.3037375
43.4894513,10.3293292
43.6959081,10.3876605
43.5627103,10.3273202
43.5631816,10.3300494
43.5440638,10.3269199
43.5535161,10.3272976
43.5588441,10.3267715
43.5598763,10.3264485
43.5668736,10.3320302
43.5669071,10.3298883
43.5545553,10.3340542
43.5558015,10.3342907
43.5556579,10.3326631
43.560226,10.3323122
43.5634715,10.3302319
43.5543095,10.3336534
43.5537993,10.3331387
43.5541031,10.3330215
43.5613937,10.3428834
43.5544456,10.3340385
43.5540812,10.3338838
43.5621388,10.3493035
43.5619395,10.3440136
43.5616237,10.3434025
43.562097,10.342881
43.5620789,10.3427774
43.5620128,10.3485464
43.5622593,10.348759
43.5624783,10.3485571
43.5626547,10.3466042
43.5623239,10.3460159
43.5631735,10.3461716
43.5624639,10.3490212
43.5624571,10.3492512
43.5621029,10.3490965
43.553947,10.3326048
43.5538527,10.3313598
43.5538201,10.3331123
43.5524717,10.3147071
43.5519836,10.3148977
43.5527989,10.314264
43.553192,10.3137299
43.5527593,10.3131691
43.5520785,10.3140646
43.5518998,10.3142986
43.5519036,10.3147364
43.5533765,10.3132355
43.5531378,10.3107326
43.5512062,10.3041176
43.5532991,10.3129974
43.5560706,10.3124922
43.5561137,10.3113016
43.5561076,10.3119817
43.5541527,10.3100611
43.5534877,10.3091329
43.5339415,10.3239828
43.5337868,10.3240605
43.533309,10.3236128
43.5333081,10.3233597
43.5338236,10.3229163
43.534012,10.3230529
43.5322401,10.319907
43.5331333,10.3249916
43.5315676,10.3346681
43.5329584,10.3253264
43.5341155,10.3332752
43.5328655,10.3336828
43.532476,10.3350685
43.5322276,10.3355206
43.5356159,10.3348132
43.5326373,10.3351067
43.5234494,10.3229515
43.5297856,10.3209606
43.511797,10.3267676
43.5123517,10.3272557
43.5125238,10.3272582
43.5144119,10.3258078
43.5158388,10.3250694
43.5163205,10.3250305
43.5172047,10.3248867
43.4939547,10.3241673
43.4946182,10.3237245
43.4950104,10.3262526
43.501957,10.3261078
43.5066462,10.3259525
43.5062691,10.3214891
43.5012988,10.3227081
43.5358577,10.3014784
43.5689041,10.413875
43.5802572,10.3492894
43.5781468,10.3495639
43.6558102,10.3512836
43.655495,10.3511373
43.6557063,10.3509644
43.6557862,10.3510366
43.656184,10.3510817
43.6555266,10.351044
43.6289822,10.2926478
43.6288149,10.2918383
43.6286529,10.2918731
43.6286256,10.2918185
43.6276481,10.2915662
43.6274445,10.2912276
43.6271364,10.2915348
43.6321496,10.2995893
43.6293946,10.2967136
43.6238184,10.2934458
43.6234496,10.2926362
43.6228859,10.2914354
43.617867,10.2924174
43.6202108,10.2935687
43.6201845,10.2947358
43.617804,10.2946365
43.6178333,10.2935074
43.6202308,10.2924932
43.6202537,10.2913385
43.617892,10.2912574
43.6389451,10.3561836
43.6389721,10.3553942
43.7801305,10.3920742
43.7807704,10.3921416
43.7812994,10.3874919
43.7814679,10.3868579
43.7819292,10.3869557
43.783558,10.387965
43.7843487,10.386297
43.7829379,10.3855202
43.7833475,10.3824759
43.7818979,10.3875732
43.8000387,10.3530483
43.7859299,10.374858
43.7845546,10.3758349
43.7852322,10.403741
43.7872703,10.4046322
43.7927399,10.4038002
43.7949251,10.4041636
43.8070457,10.3975643
43.8080559,10.3848212
43.8080823,10.379927
43.697562,10.4138713
43.5474874,10.3417338
43.5492399,10.3424969
43.5494481,10.3430882
43.5491852,10.3401251
43.5492935,10.3398238
43.5494837,10.3400628
43.5521319,10.3415788
43.5496633,10.3406787
43.5497511,10.3408869
43.5532473,10.3403172
43.5529843,10.3401541
43.5532747,10.3405555
43.5533286,10.341104
43.5530927,10.3407193
43.5461936,10.331497
43.5494698,10.3218092
43.548468,10.3277321
43.5500452,10.3192763
43.5475162,10.3210555
43.5477569,10.3187238
43.5496207,10.3390143
43.7910243,10.3424369
43.8222111,10.3033174
43.5178492,10.3435465
43.5180826,10.3434553
43.5249554,10.3457042
43.5258566,10.345261
43.5304574,10.3423152
43.5313326,10.3417653
43.5312096,10.3424337
43.5317895,10.3421773
43.7161409,10.4039032
43.7160502,10.4042162
43.7159426,10.4045452
43.7157124,10.4051287
43.7154287,10.4056572
43.7163454,10.4055433
43.7178672,10.4042777
43.7178711,10.4053327
43.7161735,10.4055691
43.7156311,10.405298
43.7175226,10.4041762
43.7171964,10.4037822
43.7171829,10.4034791
43.7175324,10.4035614
43.7182763,10.4035624
43.7182523,10.4038996
43.7163978,10.4044262
43.7163506,10.4052953
43.7158859,10.4047409
43.7165292,10.4088593
43.716254,10.4104234
43.7201277,10.4125554
43.5321494,10.3193183
43.5283505,10.3100608
43.5406299,10.3209787
43.5382235,10.3222517
43.5372491,10.3225106
43.533391,10.3243218
43.5389437,10.3171371
43.5403178,10.3162012
43.5405645,10.3171334
43.5433114,10.3160285
43.5273853,10.3280016
43.52708,10.3324182
43.5232163,10.334291
43.5320021,10.3192586
43.532058,10.3194108
43.5421223,10.3040258
43.5422236,10.3045384
43.5414612,10.3015057
43.5412935,10.3018001
43.5411428,10.3014312
43.5402724,10.3018339
43.5437638,10.310647
43.5458144,10.3051916
43.5454312,10.307598
43.5429908,10.3076515
43.5465088,10.3108738
43.5471763,10.3106775
43.5471996,10.3044042
43.5460578,10.3095142
43.546621,10.3088973
43.5468983,10.3053493
43.5523452,10.313708
43.7154022,10.3945081
43.7159922,10.3927926
43.7149487,10.3936246
43.7163187,10.3974748
43.7161352,10.3966029
43.7165899,10.396422
43.6737346,10.3486643
43.7169419,10.4009982
43.7166222,10.4002481
43.7174892,10.4007099
43.7177108,10.3998677
43.7170559,10.4004485
43.717097,10.3998771
43.7170838,10.3987614
43.717086,10.3991932
43.716607,10.3992331
43.717085,10.4016306
43.6138171,10.3579534
43.8079387,10.3993801
43.7640331,10.4114018
43.7646751,10.4098009
43.7643017,10.4096961
43.7642562,10.4099939
43.7768557,10.3385836
43.7803779,10.3371956
43.7741904,10.3428383
43.7951642,10.4039215
43.7157836,10.4134137
43.7167541,10.4158726
43.7097302,10.3746245
43.7094591,10.3744162
43.7093303,10.3743688
43.7088425,10.3744845
43.5974793,10.406962
43.5948875,10.3494589
43.5956214,10.3491807
43.5948205,10.3495509
43.8020554,10.3725644
43.7848156,10.3828806
43.7809674,10.3903664
43.5983895,10.2941069
43.6007059,10.2949512
43.6005177,10.293561
43.7579615,10.3884029
43.7727669,10.3693306
43.7705261,10.3727639
43.7703117,10.3731935
43.766051,10.3761564
43.7628867,10.3839988
43.7519905,10.3584242
43.754881,10.359822
43.7609575,10.3635885
43.765589,10.3646561
43.7728927,10.365528
43.7738383,10.3649764
43.777676,10.3664521
43.7789412,10.3650615
43.7781695,10.3644389
43.773087,10.369771
43.7770714,10.3679354
43.7737959,10.3723108
43.7746506,10.3718618
43.7736575,10.3718443
43.7773086,10.3826218
43.7767356,10.3822949
43.7740962,10.381766
43.7724678,10.373567
43.7734136,10.3712354
43.7570143,10.3883138
43.7600537,10.3751231
43.7557279,10.3789149
43.7612816,10.3762735
43.7498962,10.3647795
43.7488255,10.3636417
43.7487239,10.3667964
43.7491719,10.3658756
43.7496445,10.3664062
43.7435795,10.3681883
43.7473621,10.4037952
43.7443508,10.4171891
43.7743757,10.3901487
43.7746635,10.390345
43.7747665,10.3935026
43.7749463,10.3932028
43.7759856,10.4007073
43.776218,10.3993627
43.7763795,10.3987322
43.7707009,10.4110099
43.775599,10.4084016
43.7739525,10.4068333
43.7728967,10.4058543
43.7724346,10.4055227
43.7747266,10.4105015
43.775081,10.4096866
43.771959,10.4054672
43.7776652,10.416128
43.7725211,10.4106844
43.7724846,10.4068561
43.7654781,10.4053671
43.771323,10.4052496
43.7602306,10.4020523
43.7667206,10.394364
43.7649015,10.3992704
43.7604203,10.3968255
43.7682406,10.400205
43.772183,10.4019041
43.7695173,10.3961829
43.7732358,10.3988487
43.75355,10.400841
43.7532837,10.4058885
43.7531777,10.4016241
43.7394761,10.4096007
43.7389704,10.4106635
43.7384852,10.411748
43.7376923,10.4119212
43.7385488,10.4074453
43.739342,10.4085674
43.7386285,10.4103128
43.7382177,10.4112223
43.7389481,10.4076618
43.7389018,10.4083061
43.7382942,10.4099641
43.738029,10.4114313
43.7390545,10.4107477
43.738667,10.41271
43.717472,10.3919227
43.7180247,10.39365
43.7170109,10.3933401
43.7169278,10.3949365
43.7168523,10.39526
43.7167786,10.3956664
43.7163334,10.3958066
43.7181175,10.3981418
43.7175194,10.4005402
43.717876,10.4007659
43.7178101,10.4010112
43.7174903,10.4007603
43.7109681,10.3972517
43.5436606,10.3197522
43.547954,10.3286202
43.5428899,10.3219989
43.5415224,10.3238917
43.5426909,10.3222947
43.5409423,10.324419
43.4589781,10.3665448
43.4589101,10.3643941
43.5501396,10.3284547
43.5502158,10.3301473
43.5454053,10.327601
43.5485089,10.3275981
43.5323849,10.3356469
43.5330412,10.3339052
43.5096658,10.3336333
43.5478455,10.3277796
43.540895,10.324534
43.5426506,10.3200346
43.5314479,10.3351806
43.5486319,10.328608
43.546629,10.331763
43.5492401,10.3285462
43.7099208,10.4119853
43.7081902,10.4135671
43.5535062,10.3271399
43.5487568,10.3311569
43.5440587,10.3267512
43.5532729,10.3242917
43.5510581,10.3246294
43.5491987,10.3276692
43.713676,10.3886567
43.7176793,10.3897397
43.7173618,10.3893422
43.7176071,10.3902845
43.7162401,10.3887084
43.7165595,10.389637
43.7181039,10.3987752
43.7185705,10.3971851
43.7134857,10.3932634
43.7142135,10.3946616
43.7143259,10.3948894
43.714612,10.3954692
43.7144254,10.3955704
43.7147231,10.3957059
43.7144783,10.3958279
43.7137546,10.3958697
43.7136029,10.3952831
43.7135287,10.3950472
43.7132528,10.3942988
43.7125462,10.3947284
43.7126459,10.3957761
43.778261,10.4022018
43.7791608,10.3996366
43.7070502,10.3763212
43.7063461,10.3762667
43.7020097,10.3854723
43.7038567,10.3861787
43.7095959,10.3742751
43.7093288,10.3739866
43.7116015,10.3721758
43.7095627,10.3740108
43.7115672,10.3719839
43.7093616,10.3739586
43.7094232,10.3739361
43.710008,10.3738809
43.7103348,10.3740282
43.710838,10.3748371
43.711587,10.3741349
43.7112507,10.3733781
43.7118783,10.3750265
43.7121717,10.3734882
43.7121931,10.3792098
43.7115325,10.3797011
43.7134526,10.3782606
43.7121892,10.3802159
43.711744,10.3816879
43.7155448,10.3797257
43.7141119,10.3813628
43.7148283,10.3803176
43.7137237,10.378712
43.7138189,10.3800978
43.7135308,10.3810267
43.7129568,10.3806708
43.710022,10.3672244
43.7095786,10.3662204
43.7078267,10.3694096
43.7085294,10.3712248
43.7091049,10.3687933
43.7094171,10.3688403
43.7098298,10.3698117
43.7101379,10.3706746
43.7108637,10.3725539
43.7091772,10.3689767
43.7089639,10.3684748
43.7086134,10.3687635
43.7106169,10.3720881
43.7094561,10.3714237
43.7090217,10.3706329
43.708548,10.3693372
43.7079357,10.3696793
43.7094404,10.3736333
43.7104256,10.3693182
43.7106432,10.3708122
43.7101401,10.3695452
43.7180901,10.3726497
43.7093949,10.3814075
43.7043819,10.3711392
43.6985652,10.3658923
43.6863888,10.3543631
43.6850473,10.3541323
43.7037762,10.3983872
43.7045575,10.3990217
43.7025856,10.3999308
43.7050423,10.4005696
43.7050786,10.3963428
43.7055132,10.3978551
43.7047834,10.3952938
43.7047327,10.3962802
43.7059349,10.3989353
43.7060312,10.3983719
43.7020063,10.4062734
43.703941,10.4066601
43.7046535,10.4064157
43.7388605,10.3981625
43.7366857,10.4008965
43.7366879,10.3981972
43.7245985,10.4024017
43.7249882,10.4040405
43.7254031,10.3977273
43.7243029,10.3973428
43.7247294,10.3974911
43.7248617,10.3968074
43.7268039,10.3945141
43.7264315,10.3975379
43.726364,10.3944153
43.7259801,10.3974248
43.7267805,10.3946891
43.7263422,10.3945952
43.726752,10.394916
43.7263166,10.3948102
43.7266901,10.3954146
43.7262544,10.3953133
43.7262246,10.3955546
43.7266614,10.3956578
43.7266758,10.3955375
43.7271241,10.3956409
43.7265908,10.3962017
43.7261663,10.3961005
43.7261376,10.3963664
43.7265606,10.3964589
43.7265755,10.3963372
43.7264901,10.3970382
43.7260563,10.3969305
43.7260134,10.3972083
43.7264584,10.3973126
43.7264748,10.3971762
43.7269176,10.3972771
43.7266422,10.3991818
43.725614,10.3978023
43.7254685,10.3984969
43.7266921,10.3988605
43.7262112,10.3987235
43.7261476,10.3991235
43.7253653,10.3990479
43.5842345,10.3570453
43.5623591,10.3454706
43.5623601,10.3435563
43.5627305,10.3460032
43.5618842,10.3458425
43.7514972,10.3591816
43.7006218,10.4128827
43.696982,10.4141835
43.7018584,10.4125099
43.699966,10.4130601
43.7002537,10.4128152
43.6997873,10.4122671
43.7000956,10.4118806
43.6694646,10.274977
43.6692235,10.2741909
43.5774035,10.3388433
43.5747099,10.335152
43.5697178,10.3228888
43.5685353,10.3234354
43.5589231,10.3250338
43.5591859,10.3220229
43.559541,10.3215525
43.5579551,10.3200628
43.5584195,10.3189821
43.5746409,10.3352034
43.559512,10.3216743
43.5579078,10.3201567
43.566343,10.3276868
43.5738611,10.3364192
43.5618114,10.3424626
43.5660848,10.3261847
43.5677586,10.3238445
43.5927467,10.3489204
43.5589878,10.3391988
43.558974,10.3387842
43.5531446,10.3396252
43.5593222,10.3398354
43.6852852,10.3409522
43.6836184,10.3410517
43.5623963,10.3254622
43.5598021,10.3263362
43.5572047,10.3193951
43.5581026,10.3178003
43.5579229,10.3161812
43.5564095,10.3170455
43.5574291,10.3164561
43.5638806,10.3251426
43.5655561,10.3263633
43.5676951,10.3237026
43.5698584,10.3651392
43.5695666,10.36406
43.5693471,10.3641608
43.5782235,10.3412546
43.5784532,10.3407215
43.5736816,10.3358384
43.7393488,10.3981257
43.7374103,10.3981974
43.7382525,10.4008867
43.7382611,10.3981805
43.7374079,10.3999984
43.7367695,10.3970029
43.7088326,10.3994162
43.7741851,10.401069
43.7740826,10.4035237
43.7732385,10.4209611
43.7701919,10.4277897
43.8006553,10.4121561
43.803006,10.4049014
43.7977104,10.4099389
43.7720306,10.4246241
43.6976375,10.4058268
43.7820946,10.4028207
43.719762,10.4138898
43.7203741,10.4137256
43.7163214,10.4120591
43.7169301,10.4125757
43.7160539,10.3722822
43.716638,10.370561
43.7150553,10.3797637
43.7132588,10.3796982
43.7620531,10.3720564
43.7610665,10.3745478
43.7678608,10.356554
43.77216,10.3547442
43.7713736,10.3654089
43.7631098,10.3447371
43.7665365,10.3647627
43.7650454,10.3433786
43.7644042,10.3424899
43.7657573,10.343114
43.7660348,10.3438207
43.7683883,10.3470122
43.768581,10.345855
43.7699421,10.3450679
43.7691109,10.3468319
43.7692872,10.3459494
43.7694656,10.3450225
43.7689295,10.3436653
43.7695263,10.3471472
43.7687464,10.344906
43.7690311,10.3472305
43.7694313,10.3476312
43.769754,10.346015
43.7685045,10.3463141
43.7573473,10.3571359
43.7582443,10.3543665
43.7557838,10.3535856
43.7596303,10.3626881
43.7605126,10.363308
43.7422282,10.3774629
43.7438035,10.3757315
43.7415621,10.3758081
43.74257,10.3751482
43.7419951,10.3768771
43.7429526,10.3756897
43.7433271,10.3762406
43.7417703,10.3763015
43.7433166,10.3744977
43.7441516,10.375354
43.7429078,10.3767435
43.7433152,10.377402
43.7430284,10.3776956
43.7431818,10.3781237
43.7434857,10.3790911
43.7425174,10.3782
43.7435529,10.3777704
43.742601,10.3740673
43.7404697,10.377805
43.7392057,10.3841836
43.7310101,10.3820502
43.728965,10.3885462
43.7294665,10.3908671
43.7292869,10.3908248
43.729195,10.3906275
43.7295673,10.3903654
43.7845571,10.3651504
43.7851046,10.3618978
43.7881455,10.3714496
43.7854126,10.3688915
43.7839162,10.3679323
43.7856735,10.3682088
43.7864155,10.3695555
43.7866596,10.3689663
43.787125,10.3701799
43.7875674,10.3708187
43.7863556,10.3696998
43.7873971,10.3727912
43.7872194,10.3731365
43.786079,10.3801287
43.7846762,10.3796335
43.784281,10.3828718
43.7798204,10.3844685
43.7144373,10.4022366
43.7140687,10.4030888
43.7134503,10.4043942
43.7131843,10.4047416
43.7138965,10.405514
43.7130333,10.4049076
43.7115205,10.4062756
43.7179668,10.4005045
43.7181135,10.3998918
43.7176171,10.4016837
43.7155423,10.4054899
43.571929,10.3169285
43.5712014,10.3166493
43.5670942,10.3133278
43.5675264,10.312286
43.5587415,10.3068639
43.7000867,10.3884305
43.6831367,10.3572884
43.6836871,10.3573635
43.6818873,10.3540846
43.682472,10.3567474
43.6816845,10.3535157
43.675377,10.3513407
43.6767513,10.3509637
43.6784488,10.3513215
43.6768208,10.3470578
43.6769331,10.3507609
43.6769286,10.3509765
43.6803785,10.3510332
43.6785394,10.3504349
43.679757,10.3451897
43.6761616,10.3219345
43.632952,10.295233
43.6357277,10.2951805
43.6387613,10.2947627
43.6423766,10.2897864
43.6426441,10.2908148
43.64294,10.291949
43.6430953,10.2925289
43.6433297,10.2934503
43.6450387,10.2915409
43.6428902,10.2917498
43.6446686,10.2907349
43.6443152,10.2899515
43.6386298,10.2922272
43.6345435,10.2925633
43.6368024,10.2940379
43.6386526,10.2936074
43.6404218,10.292922
43.6421818,10.2922322
43.6426299,10.293708
43.639966,10.29186
43.6409801,10.2942428
43.6395632,10.2909207
43.6413669,10.2925548
43.641598,10.2940657
43.6386333,10.2911739
43.6366549,10.2916028
43.6367149,10.2926143
43.6367817,10.2936907
43.636873,10.2950585
43.6351372,10.2938757
43.6342148,10.2918236
43.6359363,10.2927074
43.6358775,10.2917031
43.6332385,10.2930206
43.633582,10.291835
43.6328239,10.3010632
43.6329266,10.2966206
43.6329488,10.2954543
43.627423,10.2926163
43.6311946,10.2926694
43.633086,10.3016548
43.6333083,10.300919
43.634077,10.2983459
43.6343486,10.2974422
43.6345768,10.2966874
43.6349425,10.2954365
43.6345036,10.3008487
43.6345778,10.2994312
43.6337263,10.2995055
43.6328605,10.2994313
43.63288,10.2986595
43.6348289,10.2984888
43.6342699,10.2977136
43.6329,10.2975573
43.6362003,10.2964486
43.6346551,10.29642
43.6316766,10.2985657
43.6301188,10.299097
43.6293161,10.2993259
43.63176,10.2987523
43.6302394,10.301239
43.6293514,10.2980604
43.6312758,10.2976665
43.6294284,10.2954573
43.6274743,10.2953893
43.6274356,10.2966452
43.6308425,10.2967255
43.6312221,10.291757
43.631161,10.2940308
43.6311432,10.2951612
43.6295119,10.2938131
43.6311593,10.2942053
43.6329736,10.2940253
43.6350386,10.2936616
43.6246987,10.2952981
43.6274355,10.2919244
43.6274076,10.2938096
43.6246817,10.2927597
43.6248162,10.2915009
43.6262766,10.2925697
43.5820639,10.3131195
43.5910182,10.2993071
43.7185074,10.4007923
43.718771,10.4103025
43.6594188,10.353902
43.6591782,10.3504859
43.6773498,10.2783456
43.6773406,10.2791354
43.6751806,10.2787805
43.676244,10.2792993
43.6763071,10.2781814
43.6762544,10.2746205
43.6764034,10.2737902
43.6761404,10.276928
43.6751959,10.2707097
43.6754332,10.2715011
43.6754748,10.2720329
43.6751591,10.2742598
43.6765734,10.2719026
43.674337,10.2721954
43.6765599,10.2729471
43.6740688,10.271369
43.6765624,10.2699081
43.674218,10.2739223
43.6740868,10.2735354
43.6737152,10.2737776
43.6735117,10.2758141
43.673332,10.2752832
43.6729934,10.2741913
43.6701205,10.2771443
43.6719105,10.2761244
43.6706775,10.2755362
43.6712635,10.2774656
43.6710128,10.2766248
43.6697897,10.2760517
43.6585621,10.2838793
43.6600028,10.2830756
43.6626488,10.2815034
43.6654998,10.2798286
43.6663872,10.2793127
43.6672751,10.2787973
43.6640657,10.2806669
43.6657109,10.2771659
43.6660405,10.2782287
43.5529339,10.3301253
43.553716,10.3272782
43.5591016,10.3238921
43.5584846,10.3242154
43.55253,10.3282893
43.5519574,10.3283401
43.5513162,10.3274949
43.5502539,10.3310171
43.5524895,10.3273948
43.552059,10.3301885
43.5521079,10.3315146
43.5534716,10.3291545
43.5533338,10.3273167
43.5536502,10.3313791
43.5537633,10.3328086
43.552965,10.3307713
43.5535944,10.3307083
43.5514142,10.3295974
43.5501961,10.3297033
43.5501666,10.3290646
43.5513649,10.3286145
43.5492718,10.3291808
43.5398706,10.3310811
43.5389311,10.3343689
43.5387942,10.3347879
43.538815,10.334475
43.5391257,10.3344496
43.5391545,10.334808
43.5389652,10.3349406
43.5396017,10.3352712
43.5408229,10.3349428
43.5446031,10.3363227
43.5448768,10.3359447
43.5489213,10.3348582
43.5528264,10.3348449
43.5528234,10.3347016
43.5531089,10.334184
43.5530364,10.3324826
43.5488243,10.3328341
43.54887,10.3337776
43.5515736,10.3326155
43.541615,10.3250734
43.5413894,10.3256428
43.5416069,10.3286824
43.5394854,10.3293348
43.541711,10.3301806
43.5533282,10.3338294
43.5538257,10.3337947
43.5298316,10.3417547
43.5290256,10.3394662
43.5273732,10.332507
43.5271078,10.3327219
43.5407818,10.3128884
43.5400212,10.3101862
43.554438,10.3044121
43.5541505,10.3041068
43.5544245,10.3046022
43.5546033,10.304873
43.5527287,10.3071523
43.5549028,10.3088039
43.5544356,10.3084451
43.5531833,10.307505
43.5502268,10.3303632
43.5513498,10.328212
43.5528598,10.3285556
43.5544683,10.3050927
43.5526126,10.3301491
43.5526434,10.3308038
43.5520818,10.330856
43.5514883,10.3309168
43.5504128,10.3346213
43.5527553,10.3336933
43.5514515,10.3302441
43.5501109,10.3275981
43.5503686,10.3336272
43.5503274,10.3327177
43.5527034,10.332517
43.5516099,10.3335371
43.5516646,10.3345877
43.5516263,10.3338623
43.5561187,10.3098092
43.559393,10.314801
43.5530162,10.3195131
43.5528544,10.319586
43.5533922,10.3062611
43.5534632,10.3353442
43.5538643,10.3355969
43.5538111,10.3351838
43.5060863,10.3200761
43.538797,10.327713
43.5405348,10.3256542
43.5405083,10.326044
43.5364356,10.3298192
43.5340275,10.3242859
43.5401891,10.3264037
43.5545599,10.335881
43.5615272,10.3364946
43.5489234,10.3317916
43.5487824,10.3316727
43.5487195,10.3318212
43.5487964,10.3319409
43.536288,10.3329564
43.6603596,10.284035
43.5506074,10.3087694
43.5499024,10.309237
43.5496953,10.3097505
43.5476628,10.3044265
43.5478357,10.3087497
43.5431774,10.3142315
43.5518639,10.3079641
43.5551115,10.3079678
43.5558545,10.3083742
43.5556148,10.3092041
43.5533546,10.3271572
43.5356081,10.3278982
43.5379489,10.3260462
43.5398157,10.325597
43.5188276,10.3159401
43.516923,10.3194547
43.5166515,10.3168032
43.5169948,10.3207621
43.5401151,10.3212273
43.7109779,10.3916112
43.7106691,10.3915753
43.7100245,10.3913583
43.532137,10.3423923
43.5332186,10.3423807
43.5360806,10.3418975
43.5420947,10.3384861
43.5247166,10.3458021
43.549337,10.3394055
43.5494926,10.3383472
43.5620491,10.3383094
43.5622798,10.3419755
43.5539309,10.3298152
43.5556452,10.3295598
43.5540486,10.3312075
43.5563838,10.3293152
43.5562837,10.327033
43.5593915,10.3290321
43.5612947,10.3356441
43.5606279,10.3335859
43.5631378,10.3307493
43.5609671,10.3345258
43.555726,10.3333866
43.5541892,10.3330702
43.5623575,10.3311597
43.5598114,10.3308242
43.5613408,10.331699
43.5609444,10.3302909
43.5622067,10.342267
43.5616727,10.3424645
43.5616986,10.3329803
43.5232213,10.3372899
43.5248606,10.3321717
43.5235361,10.3424427
43.5360873,10.3368765
43.5357932,10.3419426
43.5437332,10.3337372
43.5440928,10.3320615
43.544256,10.3320214
43.5443457,10.3319984
43.5407702,10.3287841
43.5405738,10.3260459
43.5439053,10.3284905
43.5429598,10.3260767
43.5424573,10.3281622
43.543711,10.3290984
43.5425377,10.3275971
43.5434175,10.3198021
43.5435412,10.3210553
43.5448923,10.3201629
43.531679,10.317749
43.5338657,10.3162173
43.5332309,10.314322
43.5321581,10.3137413
43.5323416,10.3143032
43.5291879,10.3123746
43.5334011,10.3094042
43.537346,10.3089328
43.538084,10.3021341
43.5376685,10.3035378
43.5380636,10.3132279
43.531021,10.3151318
43.5444775,10.3133431
43.5451078,10.3149886
43.5443834,10.3164446
43.5467597,10.3187155
43.5472427,10.3186003
43.5439595,10.3255441
43.547317,10.3259163
43.5478539,10.3256409
43.5478479,10.3259146
43.5251014,10.34118
43.5233791,10.3371617
43.5231911,10.3371554
43.52319,10.3372163
43.5241372,10.3394598
43.5234808,10.3411978
43.5463402,10.3291731
43.5474704,10.3283745
43.5478546,10.3281036
43.5531036,10.3243212
43.5536594,10.3271249
43.5431303,10.3375879
43.5423845,10.3349676
43.5454739,10.3277881
43.5443613,10.3317921
43.5443065,10.3317472
43.5441835,10.3318576
43.5441898,10.3319411
43.5654576,10.3909519
43.5582458,10.3309464
43.5582997,10.3324159
43.5607484,10.3295924
43.5596445,10.3301692
43.5563342,10.3282973
43.5574841,10.3269086
43.5567848,10.3324849
43.5573936,10.3304723
43.5569358,10.3336605
43.5475375,10.3337011
43.5598705,10.3123972
43.569772,10.3148295
43.5602156,10.3269871
43.5592013,10.3282388
43.5619335,10.3288639
43.5605735,10.328976
43.5627104,10.3324268
43.5581149,10.3228523
43.5641318,10.3420651
43.564045,10.3455933
43.564124,10.3423899
43.5709218,10.3463074
43.5710015,10.3461384
43.5690555,10.340153
43.5693544,10.3410625
43.5696586,10.346448
43.5680145,10.3461935
43.5665618,10.3418764
43.5584988,10.330922
43.558249,10.329117
43.5599376,10.3203931
43.5599636,10.3216941
43.5598885,10.3218584
43.5579532,10.3261775
43.5579469,10.3267556
43.558672,10.3253352
43.5589893,10.3258507
43.5587529,10.3266729
43.5595999,10.3260457
43.5592091,10.3265718
43.5611425,10.330991
43.5600144,10.3316031
43.5487374,10.3307445
43.5477106,10.330832
43.5298185,10.3071848
43.531181,10.3109998
43.5300776,10.3062614
43.5375781,10.3049662
43.5219041,10.4061858
43.5315392,10.3431628
43.57495,10.3390531
43.5735659,10.34183
43.571209,10.3405135
43.5741181,10.3408753
43.5749616,10.3437424
43.5325694,10.3058651
43.5277483,10.3151311
43.5276109,10.3130094
43.5265218,10.3130326
43.5258453,10.3134246
43.5261749,10.310444
43.5097734,10.3212302
43.5063239,10.3220268
43.5083672,10.3215507
43.5082859,10.3208401
43.5082404,10.3215785
43.7147292,10.3988979
43.7146889,10.3969861
43.7140844,10.3977181
43.7147452,10.3974614
43.7140633,10.3975722
43.7156532,10.3982661
43.7141139,10.3982709
43.71478,10.3985469
43.7147596,10.3976168
43.7147739,10.3980333
43.7147766,10.3982877
43.5891604,10.3559914
43.5901979,10.3569317
43.5907347,10.3567191
43.5941212,10.3544271
43.5943688,10.3510392
43.5946931,10.3511955
43.5953126,10.3514658
43.5966723,10.3807095
43.5972788,10.4054562
43.5702339,10.342258
43.5533617,10.3105796
43.5251165,10.3456261
43.5240364,10.3434824
43.5278203,10.3404389
43.5282534,10.3414237
43.5253934,10.3423927
43.5263955,10.3448011
43.5266035,10.3446232
43.5255573,10.3422544
43.5264615,10.3449897
43.526601,10.3450143
43.5266915,10.3448311
43.5265406,10.3446112
43.536995,10.3293939
43.5375046,10.3305835
43.5378618,10.3309878
43.5383547,10.328171
43.5375147,10.3313241
43.5364006,10.3312457
43.5369252,10.3312876
43.5372319,10.3299463
43.5399729,10.3288947
43.5398543,10.3279767
43.5390506,10.3283076
43.5436061,10.3293461
43.5446553,10.330156
43.5237972,10.3436628
43.5271106,10.3331781
43.5501471,10.3188746
43.5463436,10.3151872
43.5532233,10.3115953
43.5538398,10.3102598
43.55172,10.3060941
43.552424,10.3067448
43.5517767,10.3065538
43.5517328,10.314492
43.551134,10.3134906
43.5506971,10.314003
43.5532613,10.3083301
43.5538038,10.3079725
43.5523606,10.3272515
43.5523664,10.3274036
43.5576694,10.3163202
43.5585054,10.3158597
43.5607369,10.3157798
43.5599947,10.3157437
43.526018,10.3157064
43.5263588,10.3196142
43.5268452,10.3202822
43.5238491,10.3214973
43.5315724,10.3178321
43.5209968,10.3169185
43.5220545,10.3187373
43.5217088,10.3189512
43.5230174,10.3214443
43.5235342,10.3211756
43.5735828,10.3355702
43.5668678,10.3381579
43.5682889,10.3406897
43.5680792,10.3354603
43.5668129,10.3354612
43.5676342,10.3397918
43.5644855,10.340642
43.5644681,10.3420839
43.5462418,10.3206116
43.5461315,10.3242755
43.5462707,10.3259232
43.5465604,10.327766
43.5444388,10.3241587
43.5445819,10.3203732
43.5440078,10.3190347
43.543355,10.3191614
43.5485638,10.3173373
43.5467597,10.3207884
43.5443565,10.3256778
43.5470297,10.3259145
43.5471378,10.3277107
43.5534864,10.3251337
43.5558204,10.3247705
43.5561855,10.3269133
43.5462483,10.3182171
43.5469784,10.3167691
43.5454381,10.314337
43.6554137,10.3505791
43.5398577,10.3149238
43.5312374,10.3166734
43.5295229,10.3179511
43.5290942,10.3163214
43.5286962,10.3146917
43.5305307,10.3152462
43.5301296,10.311737
43.5305787,10.3130254
43.5306425,10.3133586
43.5308096,10.3154957
43.5321102,10.3192049
43.5344171,10.3157403
43.5286729,10.3095941
43.5301385,10.3110801
43.5302864,10.3116355
43.5237558,10.3182336
43.5231048,10.3163771
43.5248062,10.3245199
43.5285298,10.3236797
43.5288885,10.3235693
43.5253257,10.3249262
43.5278504,10.3239453
43.5244977,10.3252754
43.5254135,10.3274702
43.5267558,10.3291622
43.5260576,10.3294535
43.5229198,10.3295024
43.5226854,10.3293062
43.5261779,10.3294604
43.5262886,10.32973
43.5266345,10.3294677
43.5363286,10.31896
43.535441,10.3186502
43.535164,10.3178645
43.5357918,10.3174665
43.5360514,10.3183501
43.5359555,10.3184047
43.536153,10.3190802
43.505869,10.3369834
43.5043211,10.3382112
43.5032434,10.3388451
43.5015126,10.3407342
43.4999856,10.3423113
43.4991227,10.3479194
43.4979809,10.3497541
43.4978443,10.349905
43.4964152,10.3517874
43.4930896,10.3494746
43.4909893,10.3457579
43.5033089,10.3279219
43.5108875,10.3344259
43.5353383,10.3196312
43.5362481,10.3222595
43.5338862,10.3186949
43.5273591,10.3218387
43.5245476,10.3230319
43.5523426,10.3154928
43.5514752,10.3164631
43.5512285,10.3167367
43.5507756,10.3172322
43.5502372,10.3133406
43.5493733,10.3125925
43.5482922,10.3188575
43.5479153,10.3176786
43.5492188,10.3113472
43.5488245,10.3121181
43.5492027,10.31245
43.5490021,10.3128859
43.5504383,10.3143232
43.5481765,10.3123726
43.5420369,10.3150174
43.5422031,10.3163826
43.5948194,10.3512456
43.5939419,10.3546595
43.5944557,10.3525262
43.5935413,10.3550126
43.5931659,10.3547311
43.5909321,10.3543763
43.5902198,10.3539269
43.5921449,10.3560939
43.5922024,10.3573939
43.5910375,10.3508319
43.5929724,10.3496018
43.5925308,10.3506891
43.5921459,10.3522155
43.5923246,10.3514653
43.5927998,10.3500075
43.5934417,10.3511184
43.5890502,10.3558049
43.5880881,10.3566754
43.5888728,10.3555696
43.5891334,10.3554459
43.5880767,10.3576491
43.5915851,10.3486957
43.5895101,10.3552403
43.5874013,10.3560922
43.5870439,10.3559783
43.5868777,10.3557892
43.5865464,10.3546174
43.5858969,10.3542042
43.5875524,10.3572846
43.5872388,10.3557504
43.5875825,10.3540752
43.5929117,10.3556601
43.5886598,10.353764
43.587547,10.3481695
43.5910713,10.3507007
43.5895634,10.3492391
43.5913847,10.3494799
43.5912358,10.3500625
43.5852785,10.3485095
43.5859694,10.3474873
43.586175,10.3466253
43.5867622,10.3478512
43.5870973,10.3464395
43.5929713,10.3493073
43.5931014,10.3494418
43.5942129,10.3508842
43.5874281,10.3482545
43.5914019,10.3494127
43.5888667,10.3539786
43.5885133,10.3540059
43.5942468,10.3513192
43.5927613,10.3500977
43.5886323,10.3542875
43.5892738,10.3542319
43.5892661,10.3539646
43.6808496,10.4198287
43.5815978,10.3549509
43.5553138,10.3993573
43.5267553,10.3103082
43.5269623,10.3118098
43.5282477,10.3110284
43.5254725,10.3106186
43.5263792,10.3119562
43.5256702,10.3121185
43.5625833,10.3265683
43.5615599,10.3284729
43.5623891,10.326922
43.5614112,10.3270235
43.5773441,10.3698675
43.5814675,10.3525004
43.5435681,10.3213371
43.5556355,10.3176833
43.5534468,10.3193192
43.5543357,10.3250053
43.5540052,10.3228479
43.5557215,10.3226596
43.5541615,10.3238932
43.55577,10.3236789
43.5533909,10.3240063
43.5532004,10.3234738
43.5533466,10.3234541
43.5362532,10.319015
43.5370646,10.3218476
43.5359439,10.3213664
43.5244527,10.3225725
43.526815,10.3270907
43.5267241,10.3243836
43.5828595,10.3054425
43.5840507,10.307985
43.5867831,10.3183827
43.5870452,10.3192101
43.5872017,10.3234384
43.5241464,10.3353614
43.5256075,10.335333
43.5252848,10.334083
43.523973,10.334637
43.526275,10.3368733
43.528195,10.335487
43.5432139,10.3307654
43.5453376,10.329476
43.5288014,10.3431947
43.5292308,10.344371
43.5578079,10.3216737
43.5568013,10.3221845
43.5557026,10.3223317
43.5556731,10.3219167
43.55389,10.3220853
43.5580696,10.3226781
43.5612841,10.3189153
43.5561127,10.3108639
43.5586666,10.3100604
43.5575183,10.3091641
43.5580611,10.3104617
43.775122,10.401704
43.7459723,10.3733007
43.7496358,10.3652056
43.5495029,10.3327749
43.5495832,10.3347528
43.5495384,10.3337101
43.5358451,10.3141423
43.5350714,10.3150449
43.5269679,10.3384853
43.5278876,10.3377434
43.5401331,10.3409446
43.5395791,10.3193704
43.5381154,10.3223236
43.5375717,10.320473
43.521343,10.3246754
43.5210976,10.3241841
43.5213429,10.3243534
43.5213299,10.3240758
43.5236871,10.3253056
43.5192437,10.3240706
43.5191666,10.3227799
43.5181091,10.3228894
43.5171108,10.3229585
43.5180012,10.3236321
43.5186262,10.3228361
43.5183134,10.3205942
43.5183416,10.3209528
43.519029,10.3208467
43.518856,10.3188948
43.5153245,10.3197463
43.5152379,10.3187831
43.5160333,10.3186336
43.5161134,10.3196077
43.5161806,10.3209018
43.5153717,10.3230358
43.5162521,10.3230006
43.5163,10.3244987
43.5156253,10.3247484
43.5156952,10.3250767
43.5163936,10.3195593
43.5161375,10.3199257
43.515856,10.3196486
43.5164845,10.3280011
43.5159602,10.3262866
43.5172775,10.3260275
43.5175781,10.3247375
43.5187352,10.3291669
43.5190006,10.3204839
43.5528895,10.3157001
43.552567,10.3158472
43.5531364,10.3151513
43.5525404,10.3155719
43.5556512,10.3169066
43.555468,10.3160506
43.5532147,10.3177635
43.5528828,10.3155408
43.5530328,10.3145593
43.5535482,10.3137547
43.5531625,10.3143484
43.5540304,10.3144223
43.5644359,10.3282663
43.549148,10.317892
43.5507563,10.316039
43.5503144,10.3165609
43.5592389,10.3246396
43.5657831,10.3244978
43.5127441,10.3345165
43.5130689,10.3348344
43.5132986,10.3344825
43.5131051,10.3340883
43.5125057,10.3341045
43.5107276,10.3334362
43.4575663,10.3682206
43.4612698,10.363362
43.4583005,10.3668913
43.457482,10.3682377
43.7211591,10.4132669
43.5537315,10.3324076
43.5476372,10.3344635
43.5526685,10.3272229
43.5515521,10.3127069
43.5512013,10.3129331
43.5521012,10.3085742
43.5533299,10.3185285
43.5127619,10.3346028
43.5125801,10.3350132
43.5122933,10.3350861
43.5139779,10.3390961
43.5147779,10.3393244
43.5137467,10.3469545
43.5179692,10.3460978
43.4999363,10.3312041
43.4976884,10.3447405
43.6590562,10.2801014
43.6593486,10.2808496
43.4974767,10.3244501
43.4975176,10.3251862
43.5424179,10.3181625
43.5432799,10.3184317
43.5424759,10.3186125
43.5448188,10.3190398
43.545567,10.3175499
43.5497384,10.3109384
43.7758732,10.3399788
43.559895,10.3402163
43.561699,10.3400066
43.5617025,10.3401383
43.562263,10.3412223
43.5613518,10.3414957
43.5615771,10.3413346
43.552049,10.3191544
43.5512228,10.3178939
43.5526788,10.3171441
43.5806128,10.353227
43.6109075,10.3566327
43.5841121,10.3479894
43.6049972,10.3569399
43.5816629,10.3435963
43.5815808,10.3460115
43.5815839,10.3465466
43.5815937,10.3473044
43.5815345,10.3478109
43.5814343,10.3485805
43.5814393,10.3504177
43.5814398,10.3506188
43.5814599,10.3521586
43.580063,10.3520011
43.582634,10.3523953
43.5805126,10.3503056
43.5826421,10.3486182
43.5827565,10.3483769
43.583534,10.3484326
43.5810708,10.3476282
43.5807804,10.3452085
43.5797688,10.3453818
43.5792887,10.3448959
43.5788532,10.3444662
43.5789112,10.3456087
43.578626,10.3463162
43.5774637,10.3484882
43.5772006,10.3456434
43.579601,10.3472713
43.5789839,10.3490153
43.579901,10.3473387
43.5857345,10.3464155
43.5863927,10.3467262
43.583844,10.3528964
43.588396,10.3474465
43.5813386,10.355041
43.5886325,10.3473316
43.5892702,10.3472727
43.6621684,10.3695167
43.5921932,10.3486892
43.5348847,10.3092475
43.5351204,10.310099
43.5373549,10.309754
43.5373394,10.3083664
43.5401842,10.3069116
43.5305194,10.3091556
43.5296552,10.3097288
43.5299062,10.3104226
43.5307732,10.3098443
43.5441474,10.3046719
43.5191204,10.3373884
43.4980385,10.3527068
43.4979196,10.3499097
43.509639,10.4316682
43.4624178,10.3670794
43.4653572,10.3660355
43.465364,10.3658253
43.4659536,10.3658293
43.458659,10.3672129
43.5968064,10.3525175
43.5966829,10.3519031
43.598032,10.3524046
43.598688,10.3526477
43.5980503,10.3516874
43.5538126,10.3089304
43.5373262,10.3066354
43.5395835,10.3166891
43.5401533,10.3190195
43.5807443,10.3493748
43.5798323,10.3483689
43.5171029,10.3378101
43.5173419,10.3420282
43.5180648,10.3417295
43.5211725,10.4076639
43.5220209,10.4076619
43.5372524,10.3335661
43.5366422,10.3334846
43.5362657,10.3338869
43.5362955,10.3331503
43.71494,10.3994507
43.5209412,10.3225643
43.5202292,10.3201434
43.519668,10.3204562
43.5190074,10.3205714
43.5199449,10.3191708
43.519585,10.317978
43.5187835,10.3181239
43.5207857,10.3197332
43.5206828,10.3193997
43.5345505,10.3201803
43.5351893,10.3217977
43.5383725,10.3200344
43.538026,10.3188098
43.5387286,10.318429
43.5386254,10.3184847
43.5389706,10.3197085
43.5395009,10.3215584
43.5392264,10.3181565
43.5389002,10.3218867
43.5542389,10.3430444
43.5561104,10.3430131
43.5562615,10.3428853
43.5553781,10.341098
43.5540845,10.3429106
43.5542006,10.3428596
43.554857,10.3412605
43.5567353,10.342275
43.557377,10.3422491
43.5599228,10.3412064
43.5603241,10.3411773
43.5915598,10.3483657
43.562815,10.3542558
43.5624202,10.3509008
43.5745151,10.3455713
43.5729757,10.3479079
43.5742586,10.3455644
43.5743179,10.3460323
43.5826841,10.3563751
43.5345028,10.3200628
43.5446692,10.3391726
43.722343,10.401046
43.5951109,10.4052769
43.594947,10.400485
43.5948695,10.3925477
43.5947451,10.3924387
43.5935744,10.3932369
43.5960706,10.3501278
43.611654,10.3568492
43.6115911,10.3596646
43.6997745,10.3890264
43.7100676,10.3843741
43.5914749,10.3329211
43.5982635,10.3515679
43.5979585,10.3513653
43.5977509,10.3511228
43.5977822,10.3573685
43.5918458,10.3484932
43.5931364,10.3491298
43.5936457,10.3491676
43.5621343,10.3424754
43.579893,10.3425437
43.5900495,10.2995518
43.6024026,10.2931609
43.6056954,10.2924457
43.6060448,10.2955698
43.6071082,10.2921416
43.6080383,10.2941672
43.6130456,10.2932346
43.6130806,10.2933107
43.6092364,10.2938684
43.6149632,10.2933994
43.6149462,10.2945313
43.6150159,10.2911464
43.6149891,10.2922915
43.6102638,10.2925881
43.6125809,10.2922103
43.6757326,10.2795206
43.6753896,10.278996
43.6749542,10.2785868
43.6750242,10.2749823
43.6608618,10.2825261
43.6654882,10.276363
43.6674944,10.2761252
43.666599,10.2766455
43.6675361,10.279681
43.6666571,10.2802098
43.6651662,10.2787406
43.6642542,10.2812882
43.6623163,10.2804087
43.6621449,10.2798568
43.660838,10.2806048
43.6605306,10.281429
43.6399262,10.2917615
43.5975462,10.4074417
43.5982674,10.4072724
43.5982033,10.4064249
43.598281,10.4074803
43.5983403,10.4101625
43.59895,10.4073811
43.5989248,10.4066195
43.5979011,10.4101026
43.5958257,10.400532
43.5958131,10.3995262
43.6013223,10.4018321
43.6018481,10.402344
43.6064245,10.4075928
43.6064313,10.407859
43.5969156,10.3916357
43.6008195,10.3943451
43.6082959,10.4075977
43.6102175,10.4087924
43.6096664,10.4072324
43.6097394,10.4100969
43.6096692,10.4100905
43.6095089,10.4048091
43.6020183,10.4056618
43.5276308,10.3474441
43.5267281,10.348209
43.5268591,10.3480958
43.5270806,10.3461667
43.5344561,10.3470637
43.5316004,10.3499262
43.5577736,10.3347534
43.5578758,10.3338651
43.5168186,10.3184919
43.515064,10.3171366
43.5961512,10.4060123
43.597288,10.4056128
43.5988492,10.4060145
43.6006677,10.405839
43.5972719,10.4052879
43.5987317,10.4053372
43.5970318,10.406656
43.5977765,10.4090413
43.5962754,10.4088616
43.5978918,10.4100138
43.5353589,10.3051682
43.5348508,10.3032592
43.5343828,10.301445
43.5370382,10.3019649
43.5424974,10.3255579
43.5429113,10.3484268
43.544543,10.3449628
43.5395815,10.3489529
43.5406749,10.353495
43.5393519,10.3541648
43.5418444,10.3576016
43.5541884,10.3497923
43.5538322,10.3444096
43.5539289,10.3583652
43.5568953,10.3407782
43.5247481,10.3369205
43.5258867,10.3359834
43.5250335,10.3375477
43.5261632,10.3366338
43.5253058,10.3381839
43.5256072,10.3389084
43.5294305,10.340446
43.5259965,10.343279
43.5267566,10.3379852
43.4999009,10.3535961
43.4909638,10.3583179
43.4909133,10.3583098
43.4638218,10.3578773
43.4572125,10.3678596
43.5366815,10.3373155
43.5379607,10.3369675
43.5429623,10.3322333
43.5511727,10.3084373
43.5499545,10.3043445
43.5508484,10.307372
43.5495515,10.3082345
43.5491415,10.3092805
43.549,10.3086026
43.5509082,10.3075701
43.5518169,10.3070561
43.5497368,10.3063031
43.5504022,10.3058723
43.7482423,10.3646237
43.5476725,10.3121482
43.5491247,10.3167129
43.5481082,10.3168902
43.5470467,10.3125602
43.5445802,10.3135004
43.7792741,10.3384636
43.5473412,10.3123657
43.5477377,10.3135582
43.5491124,10.3236471
43.5479277,10.3235762
43.5450179,10.3170216
43.5472034,10.313472
43.5481401,10.313636
43.5450375,10.3363261
43.5473763,10.3364677
43.5462172,10.3362317
43.5485262,10.3068594
43.5478647,10.3253377
43.5515972,10.3081682
43.5513132,10.3073336
43.7101803,10.4076876
43.548101,10.3392691
43.547862,10.3391856
43.5567835,10.3420224
43.5569222,10.3419591
43.7685832,10.3404268
43.7666456,10.3440026
43.7671451,10.3404876
43.7672667,10.3396441
43.7684986,10.3409129
43.7705978,10.3416252
43.7706886,10.3410641
43.7693836,10.3406607
43.7696179,10.3391882
43.550217,10.3146265
43.5499832,10.3148802
43.5547689,10.3093823
43.7374111,10.4116999
43.6960503,10.3840787
43.6962972,10.3950534
43.6962807,10.3949426
43.6961437,10.3951175
43.696001,10.3950678
43.6961349,10.394946
43.6955709,10.3876372
43.5638905,10.3184115
43.5621154,10.3167864
43.5543446,10.3148417
43.5538898,10.316735
43.5535281,10.3170926
43.5541179,10.3158036
43.5554595,10.317821
43.5554548,10.3172823
43.5449208,10.3059798
43.5540791,10.3233454
43.5463075,10.3077276
43.5413968,10.3259186
43.5308058,10.3333346
43.5406575,10.3271441
43.540238,10.3272072
43.5403705,10.328834
43.5630117,10.3272204
43.5594377,10.3342047
43.5595867,10.3329684
43.5590699,10.3329185
43.5579228,10.333441
43.5572478,10.3324507
43.5599483,10.3328544
43.5145412,10.3325399
43.5529947,10.3314338
43.5526683,10.3314663
43.551519,10.3315651
43.5502832,10.3316767
43.553678,10.32929
43.5220029,10.32198
43.5214476,10.3177343
43.5198525,10.3188399
43.5191471,10.3164524
43.5186694,10.3169652
43.5175082,10.31719
43.5174528,10.3166502
43.5176236,10.3183469
43.5166984,10.3173344
43.5190458,10.3163304
43.5535342,10.3437333
43.5460538,10.3302525
43.7251449,10.4062079
43.714321,10.4024946
43.7139339,10.4034194
43.7316987,10.3925651
43.7317556,10.3915994
43.7276184,10.3893834
43.7248635,10.3913021
43.5725969,10.33125
43.5693931,10.3341876
43.5695003,10.3327606
43.7172511,10.4043432
43.7159183,10.4059247
43.7183748,10.4015048
43.5696104,10.3230311
43.5839335,10.3068416
43.5855509,10.3152026
43.5696141,10.3233449
43.5697639,10.3230252
43.5485844,10.305627
43.5490482,10.3067841
43.5328412,10.3058675
43.53254,10.3025298
43.5326189,10.3033473
43.5323777,10.3033873
43.5325411,10.3054517
43.5328051,10.3054043
43.532779,10.3050405
43.533372,10.3049411
43.5326979,10.3041089
43.5338114,10.3048794
43.5324438,10.3041522
43.5316159,10.3043535
43.5321445,10.303431
43.5322084,10.3041928
43.5320886,10.3028106
43.5309903,10.3061128
43.8176541,10.390111
43.5626042,10.3122808
43.5624502,10.3125235
43.570033,10.3158634
43.5629304,10.3096222
43.5612365,10.3073554
43.560973,10.3071592
43.5587111,10.3066322
43.5588692,10.3065582
43.5588143,10.30667
43.5557346,10.3205046
43.5565398,10.3203141
43.555682,10.3198744
43.5426454,10.30629
43.5446627,10.3052844
43.5447064,10.3049009
43.600203,10.3730943
43.6013837,10.3704526
43.6000562,10.3692402
43.5859793,10.3225736
43.5851545,10.3154001
43.5851088,10.3148813
43.7733354,10.4082827
43.7722764,10.4074598
43.7765222,10.4092818
43.7774437,10.4071164
43.4958942,10.3505378
43.4995132,10.3426589
43.4995845,10.342831
43.54784,10.3262811
43.5399085,10.3303371
43.5547899,10.331027
43.5548912,10.3323595
43.717302,10.4144197
43.7160942,10.4148433
43.548811,10.3068763
43.5484978,10.3075316
43.547904,10.3074708
43.5474746,10.3075213
43.5474399,10.3086521
43.4973372,10.344117
43.4956794,10.3457167
43.7780769,10.4020998
43.5481473,10.309711
43.5486296,10.3096573
43.5488681,10.3103351
43.5483796,10.3097074
43.5498613,10.3158697
43.5553368,10.3145628
43.5561164,10.3134499
43.5564664,10.312764
43.5564597,10.3123882
43.5592167,10.3124306
43.5596805,10.3145597
43.557113,10.3123963
43.7027528,10.3873399
43.554672,10.3136453
43.5359534,10.3788936
43.5273631,10.3750768
43.5271828,10.374861
43.527226,10.3743104
43.5565988,10.3558024
43.5565238,10.3134308
43.5553681,10.3100875
43.5489146,10.3746598
43.5556262,10.3626346
43.554006,10.3555127
43.5562736,10.3623364
43.5615099,10.3323109
43.562524,10.3317697
43.5605379,10.3185162
43.5651539,10.3184425
43.5651802,10.3184878
43.5620013,10.3230742
43.5765002,10.3423147
43.5766527,10.3422242
43.5765633,10.3424578
43.576469,10.3420983
43.5763046,10.3420579
43.5632522,10.3185084
43.5640822,10.3198077
43.5661466,10.3205641
43.5655565,10.3211073
43.5641316,10.3228081
43.5647332,10.3226842
43.5639651,10.3225717
43.5661256,10.3223752
43.5662562,10.3234327
43.5669419,10.322196
43.5593855,10.3102654
43.559037,10.3116825
43.5596186,10.3113064
43.5602628,10.3141529
43.5610178,10.3124249
43.5610323,10.3110004
43.5674172,10.3134751
43.5676269,10.3123443
43.5634316,10.3203529
43.5645187,10.3207058
43.564001,10.3211851
43.5650865,10.3201823
43.5649731,10.3216339
43.5644627,10.3220959
43.56598,10.322008
43.5665738,10.3214611
43.5225033,10.3344911
43.5225075,10.3347558
43.5224431,10.3346608
43.5226013,10.334738
43.5226399,10.3345797
43.7742055,10.398239
43.7742318,10.3981161
43.7745548,10.3967291
43.7732546,10.3975381
43.7711319,10.4014162
43.7718381,10.4032862
43.7738198,10.3992902
43.7742243,10.4031049
43.777173,10.3977954
43.7770148,10.3982318
43.7777627,10.3987994
43.7765128,10.4038553
43.7766784,10.4031102
43.7776555,10.4035386
43.7785073,10.3986245
43.7779912,10.3999901
43.7778881,10.402786
43.7730561,10.4041921
43.7773303,10.4042483
43.7755942,10.408549
43.7794208,10.4065044
43.7806002,10.4041197
43.7802371,10.4049216
43.780086,10.412287
43.7808067,10.4030666
43.7870202,10.4037994
43.7894832,10.4038986
43.7805986,10.4074782
43.7831465,10.4088142
43.7834276,10.4068068
43.7867199,10.4084507
43.7893431,10.4088202
43.7891995,10.4076293
43.7888872,10.4093434
43.7928922,10.403011
43.7916395,10.4083252
43.7934755,10.4064337
43.7926295,10.4051785
43.803788,10.404558
43.8040082,10.405504
43.7063021,10.4151773
43.5388949,10.3294623
43.5458963,10.3292994
43.5454999,10.3304453
43.5523131,10.3414513
43.5493953,10.339862
43.5492201,10.3395865
43.5494915,10.3398119
43.7104169,10.3899754
43.5266326,10.341389
43.5270624,10.3423954
43.5264438,10.3372543
43.7202563,10.3859112
43.4943385,10.3266406
43.4979016,10.3252139
43.4946425,10.3286113
43.4936378,10.3283643
43.4935768,10.3279656
43.4944963,10.3276997
43.4936888,10.3287189
43.495419,10.3288384
43.4952032,10.3274802
43.4966651,10.3291709
43.4981714,10.3297831
43.5178821,10.3259401
43.5294834,10.3133321
43.5183153,10.3275239
43.5590296,10.3393154
43.5621578,10.3386887
43.5407426,10.3187602
43.5412082,10.320704
43.7674875,10.3809659
43.7753319,10.3419144
43.77884,10.3423297
43.7969613,10.3143726
43.555679,10.3150233
43.5571537,10.3145087
43.5583677,10.3140835
43.554817,10.3227515
43.5548931,10.3237965
43.7236725,10.4079423
43.72367,10.4081384
43.5573594,10.3152447
43.5588148,10.314412
43.5581953,10.3147769
43.5509521,10.3122067
43.7167682,10.3693325
43.7153773,10.3766219
43.7155888,10.3716717
43.7146797,10.3742022
43.7163911,10.376926
43.7274809,10.3863607
43.7261532,10.3861294
43.725587,10.3873581
43.7263056,10.3872608
43.7275616,10.3870679
43.7262133,10.3865716
43.7287676,10.3859868
43.7287155,10.3855723
43.728923,10.3873905
43.7264514,10.3885711
43.7254725,10.3880204
43.7263743,10.387915
43.7273145,10.3883847
43.7276408,10.3877355
43.7281643,10.3882177
43.7277115,10.3883124
43.7281199,10.3876471
43.7277948,10.3892694
43.7290722,10.3884868
43.7297529,10.3880208
43.7255876,10.3886425
43.7259592,10.3904128
43.7236225,10.3808022
43.724069,10.3844292
43.4786684,10.3710505
43.479919,10.3692665
43.4910681,10.3511168
43.4907122,10.3583959
43.5048588,10.3493719
43.5113908,10.3486136
43.5082816,10.3526242
43.5252115,10.3649359
43.4900971,10.3289724
43.4905153,10.330345
43.4768462,10.3741381
43.5174676,10.3463224
43.5185763,10.3476681
43.5198705,10.3462805
43.5164006,10.3509681
43.5162821,10.3513508
43.8179477,10.3450465
43.801985,10.3126711
43.5281831,10.3659605
43.4813241,10.3793285
43.7576879,10.3882263
43.7360863,10.4146168
43.7371598,10.412971
43.5480778,10.3057582
43.5480317,10.305375
43.5479318,10.3067984
43.5490039,10.3055037
43.5489265,10.3064247
43.5494104,10.3053755
43.5493673,10.306541
43.5492527,10.3062064
43.5501671,10.3050822
43.5353979,10.3100821
43.5379389,10.3127059
43.5376808,10.312963
43.5184862,10.3478726
43.5279905,10.366185
43.5760079,10.3412276
43.576108,10.3416174
43.45955,10.368426
43.4591499,10.3688107
43.46007,10.36933
43.460216,10.369616
43.4604147,10.3700273
43.4626371,10.37042
43.4612076,10.371983
43.4616528,10.3728641
43.4628211,10.3716975
43.7648306,10.3409053
43.6394024,10.3936571
43.6396764,10.3974216
43.6405047,10.3966313
43.6731027,10.4097966
43.6697823,10.4200538
43.6487341,10.4146726
43.7240059,10.336463
43.7007907,10.3864102
43.7135182,10.4064703
43.713724,10.4059128
43.7199732,10.2814539
43.7200194,10.2821023
43.720395,10.2817972
43.7373684,10.2819442
43.688799,10.3170211
43.7212808,10.2989842
43.7376949,10.2844243
43.73936,10.2949294
43.5707089,10.3543268
43.570738,10.354664
43.570938,10.3547857
43.5439206,10.3251654
43.723107,10.4150306
43.5999715,10.3733287
43.599897,10.3738433
43.6017033,10.3726827
43.6027853,10.3753874
43.7475607,10.4194935
43.7206554,10.377935
43.5197775,10.3462516
43.5222601,10.3622733
43.5344802,10.3235452
43.5346052,10.3239399
43.5335788,10.324527
43.5371287,10.3386046
43.5429351,10.3371494
43.5439741,10.3368587
43.5437741,10.3364244
43.5410021,10.3385696
43.5410433,10.3384092
43.5612078,10.3078904
43.5542051,10.3329726
43.564968,10.3310193
43.5654781,10.3291513
43.5478584,10.3100719
43.548336,10.3132093
43.5488167,10.3133403
43.5479156,10.3151974
43.5484081,10.3144674
43.5485291,10.3148362
43.5497333,10.3145136
43.549664,10.3151442
43.5493928,10.3146118
43.549556,10.3141558
43.5495048,10.3137754
43.5496511,10.3134216
43.5487207,10.31438
43.5484924,10.3136936
43.5499643,10.3157471
43.5501601,10.3151452
43.5498153,10.3154492
43.7769677,10.4002349
43.7762133,10.3997346
43.5314654,10.3371296
43.5500316,10.3427628
43.5715545,10.3489485
43.5705799,10.3475555
43.5715867,10.3504282
43.5712119,10.3531339
43.5724536,10.3479017
43.5753956,10.3484404
43.572292,10.350659
43.5718134,10.3517664
43.4839602,10.3323408
43.4807784,10.3333715
43.4807816,10.3346551
43.5825975,10.354321
43.5820164,10.3554495
43.5829531,10.355221
43.5838405,10.3585701
43.5173898,10.3248282
43.5180413,10.32454
43.5198203,10.3226991
43.5198765,10.3234834
43.5210899,10.3231377
43.5288304,10.3121382
43.5186921,10.3293355
43.5229761,10.3330568
43.5248061,10.3350944
43.5234132,10.3377857
43.5249985,10.3358459
43.5220899,10.3388646
43.5223718,10.3395433
43.5226804,10.3402412
43.523231,10.3397848
43.5237065,10.3384686
43.525152,10.3262084
43.5269057,10.3255101
43.5305485,10.3045397
43.5312046,10.3033652
43.5325087,10.3050897
43.5411727,10.3017637
43.5416376,10.3022767
43.5421564,10.3041053
43.5424408,10.3041721
43.5352531,10.309238
43.5376441,10.3134297
43.5385935,10.3130087
43.5383828,10.31211
43.5385094,10.3130455
43.5381607,10.3136872
43.5386916,10.3134288
43.5382166,10.3136533
43.5407502,10.3178125
43.5414729,10.316663
43.5405874,10.3262501
43.5409777,10.3259836
43.5410563,10.327088
43.5414905,10.3270309
43.5420211,10.3233843
43.5416575,10.3249472
43.5256888,10.3291826
43.5256217,10.3295375
43.5271928,10.3285229
43.5274404,10.3286323
43.5265208,10.3310396
43.5376952,10.3288077
43.5381044,10.3312468
43.5381965,10.3300205
43.5402855,10.3277827
43.5411788,10.3287328
43.5390512,10.3303718
43.5401913,10.3305954
43.5400701,10.3304134
43.5400954,10.3304179
43.5399373,10.3306423
43.5400415,10.3308315
43.5404381,10.3303457
43.5518815,10.3041209
43.5512806,10.3161805
43.5521536,10.3151836
43.5525564,10.3157322
43.556206,10.3095683
43.5564513,10.3119127
43.5570283,10.3116494
43.5524041,10.3254188
43.5528775,10.3255361
43.5575173,10.3196166
43.5593877,10.3236898
43.6112526,10.3568369
43.509737,10.32058
43.5067932,10.3262
43.5132224,10.3265723
43.5140766,10.3259781
43.5483181,10.3101969
43.5487239,10.3099306
43.5463386,10.3092099
43.5468058,10.3106814
43.5518387,10.3074716
43.5525755,10.3069967
43.5551281,10.3089375
43.5553457,10.3080951
43.5832631,10.3246987
43.4931004,10.324941
43.4941491,10.3254211
43.4919367,10.325346
43.4918633,10.3268591
43.4897527,10.3285732
43.4914838,10.3254983
43.4902008,10.3278935
43.49285,10.3286103
43.4897322,10.3286209
43.4934475,10.3271262
43.4925615,10.3276187
43.4911855,10.3272708
43.4921507,10.3278417
43.4927326,10.3281995
43.4922744,10.3265919
43.4897676,10.3291549
43.4908117,10.3259918
43.493268,10.3259809
43.5045421,10.3204398
43.501672,10.3265782
43.5047207,10.3203971
43.5029922,10.3242919
43.5044142,10.3219255
43.5015942,10.324626
43.500773,10.3228211
43.5017428,10.3263892
43.5025606,10.3224134
43.5047239,10.3218495
43.501881,10.3262874
43.5049003,10.3218103
43.5020249,10.3268852
43.5009065,10.3242087
43.5014198,10.3263701
43.4999319,10.3230771
43.504489,10.3260013
43.7158011,10.4003727
43.7101457,10.4060984
43.7183043,10.4051625
43.7181463,10.4058108
43.718083,10.4052543
43.7157123,10.3985373
43.715194,10.3968328
43.715567,10.3979147
43.7157697,10.3988833
43.5529262,10.3108567
43.5505787,10.3126474
43.5386973,10.3134601
43.5155151,10.3269369
43.5161061,10.3267963
43.5171724,10.3241764
43.5137964,10.3191231
43.5512912,10.3119775
43.5490904,10.3109722
43.548752,10.3113954
43.5484056,10.3115809
43.5521848,10.3113515
43.607044,10.3168572
43.7238918,10.4059973
43.5588989,10.3390107
43.5586889,10.3390304
43.5424941,10.3269505
43.5425071,10.3257366
43.5485885,10.3277216
43.5531254,10.3100012
43.552809,10.3131049
43.5529954,10.3121707
43.5527756,10.3115539
43.5523657,10.3118231
43.5525889,10.3124383
43.5227785,10.3237416
43.5213706,10.3242711
43.5269659,10.332667
43.5238388,10.3233918
43.5216002,10.3241256
43.524347,10.321992
43.5203273,10.3185391
43.5266399,10.332285
43.5289653,10.3102345
43.5598992,10.340622
43.5575162,10.3275809
43.5657009,10.3195875
43.556381,10.3157709
43.557572,10.3207603
43.5561165,10.3148739
43.5566442,10.3210061
43.5566821,10.3168536
43.5635596,10.3215885
43.5567473,10.3146474
43.5556944,10.3212585
43.5556078,10.3177043
43.5569069,10.3154839
43.545202,10.3080057
43.5472635,10.3184942
43.5436285,10.3071061
43.5444898,10.3092894
43.5441332,10.3055428
43.5408845,10.3158073
43.5387421,10.3136261
43.5401903,10.3139855
43.540533,10.31284
43.55726,10.332943
43.5176927,10.3191076
43.4969716,10.324312
43.5075169,10.3420001
43.4975389,10.3550125
43.4952511,10.3261238
43.496009,10.3422749
43.4970781,10.3252005
43.5046335,10.341904
43.4978802,10.3552224
43.4971186,10.3404184
43.5024535,10.3224375
43.4978098,10.323759
43.5015661,10.321149
43.4978235,10.3241017
43.4951474,10.3553486
43.499289,10.3237921
43.4978423,10.3244152
43.4981564,10.3238036
43.5180451,10.3182586
43.4974377,10.3239497
43.497132,10.3367247
43.4974339,10.3260594
43.4984807,10.3242216
43.5022733,10.320978
43.509047,10.3416994
43.4970027,10.3245078
43.5072102,10.3411044
43.4947007,10.3555246
43.4982789,10.3252451
43.4946537,10.3546522
43.4966551,10.3245403
43.5067676,10.3363944
43.4988998,10.3229658
43.5178277,10.3229123
43.5028648,10.3349963
43.5104296,10.3408528
43.5003788,10.3567842
43.5021646,10.3400628
43.502127,10.3385386
43.4975905,10.3552987
43.5024435,10.3372665
43.4983124,10.3376582
43.4987307,10.3220283
43.5177275,10.3206746
43.4926271,10.3568267
43.5014978,10.3394038
43.4998026,10.3488441
43.4974052,10.3251834
43.5017535,10.3226062
43.5017419,10.3391969
43.4946707,10.3557693
43.4986873,10.3243606
43.5000147,10.3253778
43.5005516,10.3545973
43.5107995,10.3382204
43.5021604,10.3367958
43.4982097,10.3240721
43.4948179,10.3250054
43.4976434,10.3552847
43.5080907,10.34375
43.4987162,10.3252909
43.5471011,10.3586738
43.54995,10.3635835
43.5372526,10.3508306
43.5369173,10.3496412
43.566823,10.3385223
43.723301,10.3908541
43.5650563,10.3367092
43.5645134,10.3354665
43.5590195,10.3402185
43.5678515,10.3267863
43.5668096,10.3359613
43.5677255,10.3324876
43.5667904,10.3334607
43.5618352,10.3375811
43.558828,10.3419541
43.5683638,10.3271173
43.5445595,10.3319289
43.5359486,10.3391607
43.5384999,10.3344332
43.5462929,10.3119873
43.7042292,10.4039866
43.7069388,10.4090051
43.7063596,10.400322
43.703982,10.4045701
43.7088575,10.4076282
43.7083675,10.4077692
43.7083902,10.4079281
43.7162298,10.4117975
43.7037228,10.4031125
43.7088719,10.4077754
43.7092591,10.4005465
43.7083021,10.4075128
43.7034088,10.4042449
43.7095547,10.4075497
43.7155282,10.4124847
43.5392201,10.3273477
43.5497875,10.306269
43.5503066,10.3077281
43.5402605,10.3259992
43.5515804,10.3117918
43.5502112,10.3077896
43.5526058,10.3110627
43.5460853,10.3387008
43.5852378,10.311956
43.5848593,10.3120933
43.6253832,10.3601566
43.7087762,10.3851526
43.670665,10.3482035
43.7030244,10.3722251
43.6275194,10.3537485
43.6834098,10.3578581
43.6690842,10.3573378
43.7061572,10.3752812
43.6378364,10.3887148
43.6856371,10.3663727
43.67039,10.3477798
43.6900983,10.3673278
43.7100454,10.384068
43.6832234,10.3585982
43.708289,10.3836464
43.6023185,10.3588332
43.7100562,10.3830978
43.6709712,10.3481405
43.6868137,10.3623173
43.7026382,10.3672394
43.6930119,10.3669205
43.6895349,10.3672461
43.7005712,10.3698054
43.6860132,10.3635366
43.6888125,10.3678095
43.6869935,10.3649241
43.7100706,10.3845113
43.6028546,10.358992
43.7034218,10.3694677
43.5562293,10.309085
43.56183,10.3329112
43.556106,10.3094705
43.5302042,10.3421819
43.5276889,10.3438767
43.5299013,10.3423115
43.524645,10.3449161
43.8199517,10.4168557
43.8209359,10.4196043
43.8193958,10.4150105
43.5515395,10.3079806
43.57433,10.3491312
43.5748801,10.3494839
43.5707055,10.3548635
43.5735276,10.3536246
43.5529595,10.3406739
43.570374,10.3551051
43.5439474,10.3137047
43.5446757,10.3158475
43.5518987,10.3121229
43.5517758,10.3116232
43.5538811,10.3041683
43.5526392,10.3050788
43.5515707,10.3048582
43.5521995,10.3058984
43.5521476,10.3051437
43.6273632,10.2912222
43.5500752,10.3047944
43.5480413,10.313119
43.5472277,10.3103605
43.546959,10.315775
43.595726,10.3487047
43.5965168,10.3504686
43.5959021,10.3589641
43.5955397,10.3504986
43.5949789,10.3461398
43.5391111,10.33408
43.5399506,10.3305667
43.5352602,10.3083827
43.5343679,10.3127528
43.5333185,10.3094502
43.5326616,10.3068853
43.5860514,10.3210349
43.5856574,10.3250746
43.5854961,10.3243983
43.571023,10.3242721
43.5716938,10.3255064
43.5611869,10.3084384
43.5228434,10.3277412
43.5252656,10.3267653
43.4979222,10.3254281
43.506503,10.3234243
43.4975683,10.3251919
43.4984321,10.3261009
43.4975754,10.3254381
43.4991677,10.3302508
43.496558,10.3267215
43.5063078,10.3218694
43.4980185,10.327229
43.4952543,10.323541
43.5461763,10.3066182
43.5463242,10.3070712
43.5458419,10.3059306
43.5463411,10.3065643
43.5465098,10.3086204
43.546783,10.305373
43.5469361,10.3056985
43.5470174,10.3064101
43.5458538,10.3063232
43.5348061,10.3168894
43.5320058,10.3042301
43.5372027,10.3156957
43.5373806,10.3164897
43.5425147,10.3247204
43.5412191,10.3053435
43.5413139,10.3053266
43.5320844,10.3051652
43.5377721,10.3179544
43.5384836,10.3151446
43.5394994,10.3149788
43.5336637,10.3181906
43.5391103,10.3151387
43.5334119,10.3176361
43.528115,10.3140506
43.541802,10.3241496
43.5396794,10.3138408
43.5385364,10.3153905
43.5393362,10.3159209
43.5423635,10.3051424
43.4906491,10.3460775
43.492548,10.3474753
43.4930116,10.3452722
43.4942378,10.3496127
43.5169072,10.319267
43.5036377,10.3221019
43.5018292,10.322589
43.5179296,10.317115
43.5144308,10.3189337
43.5178749,10.3165636
43.506473,10.3262047
43.5098537,10.3225973
43.5145047,10.3197512
43.5034709,10.3206959
43.5101005,10.3259547
43.538895,10.3114114
43.5414845,10.3068416
43.5376319,10.3113841
43.5348478,10.3209526
43.5386273,10.3106931
43.5335875,10.3132459
43.5356118,10.3204085
43.5384654,10.3102487
43.531525,10.3041405
43.5309859,10.3041474
43.5313801,10.3037879
43.5307828,10.3037337
43.5311006,10.3043799
43.4981733,10.3303449
43.5307468,10.3467781
43.5278088,10.3478021
43.5277573,10.3455912
43.5304687,10.3470857
43.5296513,10.345538
43.5307304,10.346298
43.5294635,10.3456951
43.5206656,10.3553165
43.5305745,10.3466487
43.528987,10.3437094
43.5204438,10.3561885
43.5204438,10.3556638
43.7092233,10.4062473
43.5534496,10.3153539
43.5502973,10.3153509
43.5488479,10.314753
43.5465948,10.3057802
43.5444903,10.3063609
43.5428505,10.3494648
43.5471464,10.3567842
43.5425659,10.3523984
43.5471834,10.355266
43.5444618,10.3541011
43.5441682,10.3521952
43.536169,10.3107185
43.5359763,10.3098258
43.5421286,10.307857
43.536406,10.311078
43.537482,10.3107339
43.5363406,10.3106576
43.5392028,10.3019804
43.5394305,10.3029778
43.5362719,10.3111385
43.5363378,10.3107667
43.5364354,10.3112117
43.5419442,10.3066178
43.7172079,10.3823852
43.7174896,10.3819402
43.6763262,10.3122722
43.6769564,10.3059427
43.7196868,10.4018689
43.6185094,10.305146
43.6700678,10.2986913
43.6484047,10.3808153
43.540024,10.3143725
43.5400596,10.3154873
43.5403683,10.3152764
43.5390526,10.3040929
43.537641,10.3043117
43.5408471,10.3182268
43.5408326,10.3149695
43.5218145,10.3193112
43.5219702,10.3198528
43.8014516,10.3982025
43.7838282,10.3874014
43.6761474,10.2757812
43.6762307,10.2760449
43.6760242,10.2756684
43.6760726,10.2759903
43.6761074,10.2759673
43.5955067,10.391397
43.5625366,10.3478175
43.5684597,10.4177646
43.7388599,10.3827784
43.7725911,10.3698531
43.7708186,10.3681577
43.7518394,10.3668211
43.751231,10.3679402
43.7710315,10.3677082
43.7508211,10.367521
43.7762221,10.3605009
43.7527166,10.3678679
43.7514466,10.3664118
43.7742401,10.3754287
43.7487636,10.3708897
43.771772,10.3665342
43.7730629,10.3677797
43.676961,10.3489819
43.6775742,10.3469312
43.7026076,10.3863819
43.736241,10.3912301
43.7428968,10.373615
43.7360301,10.3894497
43.7425067,10.3733749
43.710432,10.3909326
43.697941,10.3886914
43.6978874,10.4026197
43.7006473,10.3999408
43.6976469,10.3955198
43.7010904,10.3986796
43.7018297,10.3990381
43.7011412,10.3980406
43.7086028,10.4001103
43.698766,10.3975609
43.6989388,10.3973374
43.7222751,10.3698174
43.7116564,10.3699522
43.7739178,10.3897086
43.7359566,10.3673927
43.7105534,10.3705539
43.7096261,10.3736655
43.7721,10.3907272
43.7617126,10.3434018
43.7072803,10.3913603
43.710609,10.385795
43.7115703,10.3891956
43.6792822,10.2836829
43.7102473,10.4052287
43.7006304,10.4043955
43.7048417,10.3948284
43.7102234,10.3976575
43.7104436,10.4050747
43.7011646,10.404793
43.7610489,10.3905933
43.775803,10.3515511
43.7813424,10.335817
43.7888456,10.3398728
43.7861881,10.3367154
43.7820044,10.3342938
43.7877505,10.3738862
43.7810123,10.358932
43.7818104,10.3826513
43.7832455,10.391723
43.7855179,10.3831533
43.7816634,10.3924413
43.7825569,10.3914973
43.782676,10.3912383
43.7817353,10.389005
43.7841195,10.3788684
43.783248,10.3890453
43.7866866,10.3741396
43.7860282,10.3806386
43.782128,10.3896092
43.7838142,10.3785803
43.7912551,10.36666
43.7839234,10.3852243
43.7811128,10.3818862
43.7198206,10.3989136
43.7177853,10.3879695
43.7207913,10.389332
43.7205101,10.3895106
43.7176282,10.3884503
43.7728441,10.2743686
43.7164052,10.4042502
43.7162818,10.4021489
43.7165177,10.4071814
43.7165645,10.4074882
43.7168576,10.4072909
43.8150628,10.4013362
43.813589,10.3847403
43.8135141,10.404019
43.8123222,10.4009922
43.8098413,10.4011485
43.8121256,10.4017163
43.8113233,10.4011753
43.81031,10.4008063
43.8144744,10.4062587
43.812853,10.4002229
43.8145371,10.4013882
43.8108239,10.4000973
43.809656,10.3950185
43.8153732,10.4011538
43.7851848,10.3654987
43.7849115,10.3625658
43.7804989,10.3940697
43.7868092,10.3646085
43.7877188,10.3651424
43.7858001,10.3678789
43.78522,10.3693674
43.7837387,10.3619735
43.7847487,10.3684459
43.7865559,10.365403
43.7752913,10.3718185
43.7848774,10.3668432
43.7906562,10.3675506
43.7842446,10.3665239
43.784936,10.3670827
43.7799673,10.3940921
43.7248767,10.3909624
43.7236889,10.3919032
43.7268357,10.3899044
43.7275134,10.3863031
43.698118,10.4116651
43.7060646,10.3946705
43.6993893,10.4046212
43.7312431,10.3938074
43.7308881,10.3935784
43.7310736,10.3926798
43.7311544,10.3926683
43.7293209,10.3924255
43.7312211,10.393524
43.7311365,10.3935361
43.729379,10.3918908
43.7292577,10.3929496
43.7672207,10.3300195
43.7814007,10.3847251
43.7814729,10.3831198
43.7667477,10.3432176
43.7668617,10.3424337
43.7811087,10.3855077
43.7819766,10.3824132
43.7700402,10.3392936
43.7817388,10.3835206
43.7670522,10.3303051
43.7661733,10.3416429
43.7818008,10.3933519
43.7823022,10.387007
43.7673742,10.3299449
43.7704887,10.3422997
43.7703163,10.3409468
43.7669391,10.329812
43.7672385,10.329835
43.7670061,10.3300928
43.7693003,10.3412374
43.7845797,10.3806577
43.7670401,10.3296884
43.7820148,10.3927492
43.7839307,10.3804095
43.7822599,10.3929065
43.7692082,10.3419147
43.7683715,10.341643
43.7698111,10.3407956
43.7838059,10.3809219
43.7671776,10.3297193
43.782456,10.3854533
43.7822054,10.3851622
43.768169,10.3428057
43.7671469,10.3301054
43.5537814,10.3441213
43.5461788,10.3314886
43.5377875,10.3415974
43.5384725,10.3402698
43.5373016,10.3405841
43.5373659,10.3417015
43.5366397,10.3452398
43.5384814,10.3403878
43.5374225,10.3413906
43.5265959,10.3506391
43.5396786,10.3402011
43.5372456,10.3399575
43.5473563,10.3479211
43.5373529,10.3411895
43.5251135,10.3333483
43.5400146,10.3411117
43.5367341,10.3418034
43.5373795,10.3414206
43.5389737,10.3401
43.537858,10.3404952
43.5374381,10.3416813
43.5346604,10.3472914
43.5326045,10.3531838
43.5391412,10.3400746
43.5378083,10.339867
43.5378423,10.3402919
43.5280771,10.3657572
43.5396132,10.3489349
43.5391752,10.3470932
43.5519132,10.3497808
43.5392457,10.3474301
43.5403748,10.3451915
43.5431114,10.3580822
43.5456378,10.3606123
43.5434168,10.344921
43.5456442,10.3610541
43.5424716,10.3531361
43.5383368,10.3518739
43.545237,10.3422096
43.5456251,10.358416
43.5424766,10.3542065
43.5456709,10.3563818
43.5437034,10.3615423
43.5995392,10.4104425
43.5325247,10.3052741
43.532793,10.3052341
43.497904,10.3445956
43.4984786,10.3451222
43.5059196,10.3379667
43.5061064,10.3378667
43.7803876,10.4013006
43.7862474,10.3633765
43.775594,10.3983552
43.7850637,10.3620485
43.7869713,10.3641917
43.7751438,10.3987702
43.7877398,10.3651668
43.6975579,10.4057908
43.6975105,10.406014
43.5457095,10.3071114
43.547242,10.3056285
43.548115,10.3045844
43.5422915,10.3042157
43.5439895,10.3040363
43.5470016,10.31127
43.5424578,10.3038695
43.5440734,10.3040452
43.5465889,10.3073706
43.546135,10.308082
43.5471568,10.3117812
43.8159936,10.4170226
43.8170076,10.414814
43.7939208,10.4219729
43.6774368,10.2796479
43.5741321,10.3142291
43.5781012,10.3124923
43.5734984,10.3133589
43.5745072,10.31416
43.5782726,10.3124664
43.5775655,10.3124
43.6273316,10.2919198
43.627318,10.2926135
43.627298,10.2938065
43.523022,10.3390278
43.5229534,10.3390802
43.5555673,10.3054979
43.5849808,10.3126728
43.5856171,10.3154635
43.586006,10.3147474
43.5851126,10.3120969
43.5853671,10.312553
43.5275378,10.3842397
43.5912822,10.4062808
43.5339576,10.3047811
43.5352225,10.3047322
43.5346828,10.3055056
43.5339761,10.3048402
43.5340286,10.305681
43.5345225,10.3048036
43.7758673,10.3991802
43.7779787,10.398236
43.7752926,10.3988633
43.7784612,10.3985612
43.7774518,10.3996096
43.7728322,10.408316
43.772382,10.4079693
43.7725109,10.407642
43.5610131,10.3099789
43.5609701,10.3100806
43.7776125,10.4010552
43.7779283,10.4099818
43.7784542,10.4023205
43.7785222,10.4025384
43.7785533,10.4024746
43.7699946,10.4114816
43.7829018,10.4073991
43.7803661,10.4088325
43.5194797,10.3172151
43.5195254,10.3176528
43.5210344,10.3170142
43.5187576,10.3160409
43.5190135,10.3156238
43.5257108,10.3158027
43.5231183,10.316478
43.5196204,10.3173625
43.5191532,10.3164592
43.529139,10.3172854
43.5309028,10.3159491
43.5121957,10.3618068
43.5403626,10.3044022
43.7320138,10.375088
43.7303041,10.3762403
43.7244201,10.3724106
43.7317105,10.3727092
43.7254884,10.3742355
43.7228811,10.3747189
43.5314811,10.3409418
43.5315457,10.3406011
43.5317069,10.3405542
43.5317728,10.3410571
43.5318416,10.3409524
43.531836,10.3406831
43.5320403,10.3407559
43.5330745,10.336908
43.533074,10.3402839
43.5331345,10.3414608
43.5332646,10.340192
43.5760851,10.3419867
43.57616,10.341807
43.5761838,10.34175
43.5762579,10.3415798
43.5763849,10.3412963
43.5788419,10.3412763
43.5761456,10.3418417
43.5761739,10.3418383
43.5763581,10.3419227
43.5522196,10.3133447
43.552554,10.3134414
43.7104056,10.3976239
43.7100604,10.3978375
43.7102761,10.3978116
43.7101046,10.3976611
43.7101578,10.3979428
43.7100117,10.3983765
43.7244612,10.4099984
43.7247793,10.4097534
43.7116939,10.3914344
43.7113277,10.3915202
43.7116244,10.3911222
43.7116177,10.3913932
43.7115885,10.3915664
43.7116877,10.3914239
43.7116399,10.3915887
43.7115841,10.3914188
43.7118658,10.3913265
43.709305,10.409637
43.7094131,10.4096586
43.7094047,10.4095097
43.7099159,10.4100523
43.7100201,10.4100537
43.7100623,10.4100893
43.7098825,10.4104047
43.7081211,10.4134188
43.6839551,10.4223673
43.7099846,10.4076886
43.5765896,10.3421992
43.5766136,10.3424635
43.7986636,10.4106205
43.7977906,10.4089364
43.7978834,10.408695
43.8031126,10.4044599
43.8029477,10.40339
43.7984463,10.4074444
43.7988698,10.4100056
43.5623409,10.3406282
43.5628136,10.3406484
43.5628136,10.3408164
43.5651596,10.3406634
43.5651818,10.3392557
43.6685586,10.275504
43.7046419,10.4127117
43.7045085,10.4127401
43.7008475,10.4121786
43.7043194,10.4127424
43.7045641,10.4130957
43.7040651,10.4110088
43.7045459,10.4125465
43.7042519,10.4110742
43.7044936,10.4126046
43.7956639,10.4040548
43.788306,10.4040764
43.7877729,10.4039259
43.7874948,10.4045018
43.7874491,10.4046131
43.787359,10.4045536
43.7873881,10.4044379
43.7890009,10.4073979
43.7045637,10.4098123
43.6730232,10.2726285
43.6741816,10.2730252
43.67532,10.2734141
43.5776318,10.312195
43.7140821,10.3906849
43.5395299,10.3167263
43.7909382,10.4106357
43.7142079,10.4087332
43.7141015,10.4091749
43.7163529,10.4060264
43.717044,10.4127301
43.7171241,10.4122341
43.7171145,10.4125039
43.712363,10.3911523
43.7102697,10.4055923
43.575253,10.3537922
43.5585725,10.3142336
43.5573287,10.3133633
43.5851892,10.3456061
43.8026026,10.4031116
43.8044936,10.3973832
43.8033844,10.3895863
43.8019189,10.4203605
43.8048962,10.4196219
43.6785555,10.3287327
43.4848165,10.3318396
43.4858981,10.3331223
43.4969323,10.3471427
43.5152684,10.3533646
43.489997,10.3605099
43.4965716,10.3448557
43.5058768,10.3601773
43.4960498,10.3469579
43.5165074,10.3580488
43.4856932,10.3341644
43.4966705,10.3474863
43.5166571,10.3570508
43.4874976,10.3323467
43.4900196,10.3601934
43.5198127,10.3389334
43.538108,10.3284379
43.5029935,10.328236
43.5221158,10.3348306
43.5077808,10.3361511
43.5123568,10.3274962
43.5193794,10.3374501
43.5139163,10.3267244
43.5136377,10.320313
43.5153961,10.3256207
43.5136682,10.3283217
43.5168893,10.3421044
43.5321436,10.328704
43.5173284,10.3407782
43.5038127,10.3328375
43.5142308,10.3195146
43.5140976,10.339127
43.5179165,10.3343372
43.5219516,10.33464
43.5139886,10.3400527
43.5367692,10.3270318
43.5154707,10.3251751
43.5381079,10.3161062
43.5384625,10.3174919
43.5534166,10.3191213
43.5288498,10.3591187
43.5153041,10.3669251
43.519717,10.3730383
43.4864799,10.3630109
43.4858797,10.3645986
43.4856438,10.3647778
43.4870365,10.3634952
43.4871897,10.3635292
43.4872102,10.3632443
43.4863846,10.3636856
43.4855419,10.3629921
43.8074517,10.4172586
43.5353671,10.316056
43.5354269,10.3176955
43.5573447,10.3124011
43.5581412,10.3107995
43.5585038,10.3124112
43.7244631,10.4088158
43.7245464,10.4087455
43.7246694,10.408787
43.7237548,10.4081285
43.7247228,10.4089552
43.6287564,10.2916345
43.6286644,10.2916573
43.7731364,10.4202461
43.7766139,10.4061537
43.7823938,10.4082361
43.7108914,10.3976716
43.7107974,10.397674
43.7109198,10.3977389
43.7400227,10.3849446
43.7399112,10.3840044
43.7201503,10.4118366
43.720174,10.4116533
43.720105,10.4118345
43.5584339,10.3124126
43.549402,10.3389427
43.5491806,10.3403021
43.5492183,10.3396545
43.5567861,10.3416318
43.5569987,10.3424053
43.5570382,10.3423572
43.5570727,10.342134
43.525238,10.3228496
43.5253629,10.3237189
43.5422854,10.3270063
43.5473176,10.3186112
43.5476166,10.3180924
43.5507345,10.3203599
43.5507772,10.3194795
43.5564792,10.3161114
43.5574514,10.3155684
43.5614406,10.3124522
43.5622173,10.3103672
43.5624643,10.3104601
43.562836,10.3280725
43.5634271,10.3270792
43.5635605,10.3278449
43.5643076,10.3275961
43.5656986,10.3271244
43.565793,10.3270906
43.5659117,10.3277671
43.574966,10.3416313
43.5757984,10.3426677
43.5764034,10.326501
43.5766196,10.3098936
43.5781423,10.3317231
43.5806183,10.3293118
43.5827132,10.3333779
43.5525094,10.3094576
43.5603231,10.3144072
43.5604328,10.314884
43.5368678,10.3260769
43.5371026,10.3266681
43.5458872,10.3322222
43.5515744,10.3045844
43.5521798,10.3042381
43.552269,10.3051223
43.5584027,10.3119541
43.5618436,10.3113881
43.5553339,10.3131069
43.5553669,10.3146027
43.5561117,10.3130539
43.5106799,10.3481476
43.5420944,10.3023021
43.5561343,10.3428229
43.5612575,10.3355181
43.5621167,10.3397547
43.5622597,10.3421575
43.5622801,10.3397549
43.5551789,10.3327446
43.5552594,10.3336169
43.5609326,10.3168352
43.5631704,10.3176346
43.5631667,10.3167601
43.563172,10.3185209
43.5635482,10.3176244
43.5646148,10.3227061
43.564742,10.3237927
43.5648437,10.3237685
43.5654162,10.3225264
43.46738,10.3654113
43.5639935,10.3226295
43.547204,10.3052808
43.5490555,10.3046488
43.5541077,10.3415166
43.5545139,10.3420915
43.5558014,10.3420732
43.5544869,10.3050719
43.5475476,10.3339505
43.5628377,10.3262777
43.5497635,10.3048824
43.5505522,10.3046597
43.5492113,10.3113108
43.5512679,10.3133398
43.556634,10.3140374
43.5569715,10.3158343
43.5572402,10.3144737
43.4896258,10.3597921
43.4904487,10.3618994
43.4976257,10.3550673
43.5471138,10.3104894
43.5352383,10.3478963
43.5373735,10.3417767
43.5374505,10.3426243
43.5398001,10.3404845
43.5401797,10.3400195
43.5406747,10.3421145
43.5621766,10.329103
43.5628058,10.3278916
43.5931354,10.2990811
43.5911968,10.2977366
43.5915742,10.2994541
43.720388,10.4118864
43.512197,10.3270217
43.512277,10.3266723
43.6658974,10.2777964
43.6659717,10.2780287
43.6668785,10.2774937
43.667241,10.2769483
43.6702466,10.2892964
43.6796262,10.346147
43.6771677,10.3486518
43.6769487,10.3499929
43.6771798,10.3469934
43.5593429,10.325674
43.7097358,10.391503
43.7095373,10.3974846
43.7164602,10.3739075
43.7167792,10.3758125
43.7155544,10.3762307
43.7162028,10.3738059
43.7158762,10.3754182
43.7155961,10.3693936
43.7150467,10.3749949
43.7152556,10.3732853
43.7148132,10.3708351
43.7124716,10.3745423
43.7126609,10.3748578
43.7116588,10.371989
43.7113273,10.3711463
43.7119553,10.3726417
43.7087882,10.3663527
43.7116865,10.3720816
43.7115628,10.3721533
43.7121385,10.3754884
43.7081306,10.3801522
43.7086687,10.3801492
43.7087433,10.3796072
43.7079311,10.3796347
43.7152304,10.3729471
43.5157003,10.3208153
43.5157162,10.3211127
43.5376892,10.3204089
43.540765,10.3427418
43.5407961,10.3425115
43.5386196,10.3452145
43.5387507,10.3454396
43.5389057,10.3454607
43.5317735,10.3194005
43.5318597,10.318789
43.5400131,10.3409687
43.5401475,10.341107
43.4643833,10.3640611
43.4623419,10.3649742
43.5484225,10.3025418
43.5124592,10.3335551
43.512856,10.3341433
43.4968723,10.3247322
43.4970236,10.3246285
43.4991215,10.3315588
43.5500297,10.3385053
43.550051,10.338371
43.4675526,10.3617334
43.4750302,10.3311634
43.5092081,10.3344845
43.5095844,10.3332737
43.510738,10.3333047
43.518616,10.3462817
43.529146,10.34829
43.538268,10.3122944
43.5384923,10.3125847
43.5275083,10.3497997
43.5694001,10.3642652
43.5694602,10.3632453
43.5695233,10.3645397
43.5696343,10.3645108
43.569646,10.364565
43.5696828,10.3645278
43.5697136,10.3644291
43.5697412,10.3649707
43.5771437,10.3395712
43.5774086,10.3393136
43.5242057,10.3226547
43.5243721,10.3225929
43.5375081,10.3438746
43.5375999,10.3437578
43.5376703,10.343925
43.5387412,10.3456342
43.5192685,10.3895215
43.7788104,10.3390379
43.5623381,10.3425577
43.5529075,10.319824
43.5658206,10.3277979
43.5478528,10.3245471
43.5484485,10.3251043
43.5485058,10.3247488
43.5488703,10.3248613
43.5703517,10.3158433
43.5712701,10.3173412
43.5717184,10.3170718
43.558702,10.3404689
43.5363143,10.3327013
43.5382108,10.3318246
43.5394566,10.3303791
43.5395402,10.3314624
43.5396868,10.3316964
43.5397882,10.3313412
43.5165684,10.328512
43.5287926,10.3486168
43.5359934,10.3367428
43.5361021,10.3366283
43.5361705,10.3367901
43.5401292,10.3307782
43.5402993,10.3307574
43.5416699,10.3305148
43.5423933,10.3304798
43.7107544,10.3982692
43.5361666,10.3488599
43.532918,10.3058572
43.5365588,10.3048895
43.5368555,10.3097546
43.536861,10.310511
43.5386796,10.3081742
43.5487068,10.3256869
43.5241681,10.3213845
43.5414747,10.3077235
43.5470218,10.3243128
43.5739405,10.3342107
43.5743195,10.3353938
43.7228292,10.3922295
43.5775265,10.3435145
43.5724569,10.3308865
43.5477947,10.3235459
43.5479355,10.3235162
43.5614518,10.3198605
43.5628748,10.3196868
43.8108022,10.3946562
43.5555859,10.3318727
43.5572069,10.3337249
43.5586948,10.3340571
43.5587623,10.3334814
43.5588265,10.3329588
43.559026,10.330883
43.5590419,10.3313187
43.5590639,10.3324035
43.5593254,10.3329432
43.5594819,10.3338346
43.5597827,10.3275139
43.5598838,10.3323736
43.5599443,10.3277632
43.5602695,10.3338047
43.5604027,10.3328969
43.5615384,10.336288
43.561829,10.3361706
43.5657165,10.3282852
43.5658588,10.3305546
43.5660184,10.3305175
43.566162,10.3295342
43.5662024,10.329556
43.5662178,10.3298891
43.5663387,10.3296295
43.5664637,10.3287091
43.5670286,10.3307381
43.5715918,10.325971
43.5717854,10.3259443
43.7388081,10.4120149
43.6915346,10.3431555
43.7109078,10.3726403
43.583232,10.3443279
43.5833614,10.3447587
43.5834082,10.3444125
43.5241667,10.3389849
43.5244822,10.3397098
43.5248055,10.3404671
43.5250764,10.3392493
43.5253949,10.3400063
43.5258188,10.3406028
43.7265133,10.411809
43.7260668,10.402529
43.7256729,10.404097
43.7257832,10.4040169
43.7256124,10.4039323
43.7257365,10.4038585
43.7950317,10.4138038
43.7031076,10.4085914
43.7003669,10.4094033
43.7013593,10.4081381
43.7215392,10.3873239
43.7101934,10.4094075
43.6921925,10.394032
43.7493579,10.3877009
43.7578332,10.3878138
43.7499764,10.3875324
43.7574855,10.388115
43.7374043,10.4008003
43.7388618,10.4011462
43.7388697,10.4008912
43.7573741,10.3882149
43.7371725,10.3981963
43.7577112,10.3882927
43.7374047,10.4009817
43.738256,10.3999218
43.7496001,10.3870302
43.7768756,10.4023177
43.7760464,10.4007451
43.7769328,10.4125592
43.7961192,10.4164112
43.7787331,10.4144353
43.7771315,10.4014649
43.7783473,10.4142061
43.7784047,10.4168407
43.7777189,10.4076801
43.7966168,10.4135004
43.7779653,10.4077394
43.7784387,10.4139028
43.787213,10.4220067
43.7775534,10.4101216
43.7783868,10.4140531
43.7782366,10.4021891
43.7766175,10.4126922
43.7783351,10.4027703
43.7770476,10.4130368
43.7777269,10.4072968
43.7756397,10.4175416
43.7778616,10.4003514
43.7762975,10.4150033
43.7963313,10.4226847
43.8035442,10.4201475
43.8116884,10.412033
43.8069066,10.4111612
43.817098,10.4158704
43.8086165,10.4132883
43.8044456,10.4197949
43.813643,10.4128101
43.8140774,10.4129924
43.7826945,10.3811238
43.7827657,10.4066472
43.7781756,10.3919758
43.7813312,10.4047892
43.7752809,10.3511319
43.7812272,10.3877417
43.7828204,10.406944
43.7814382,10.405413
43.7845423,10.3720312
43.7813919,10.3978323
43.7805226,10.3839851
43.7795827,10.3866493
43.7832598,10.3773244
43.7788595,10.393371
43.7812768,10.4068555
43.7803985,10.3849608
43.7808776,10.3954393
43.7795745,10.3870195
43.7800888,10.3859464
43.7812764,10.4031917
43.7811504,10.4060378
43.7818777,10.4074028
43.7821284,10.4156297
43.7840137,10.3781045
43.7809514,10.3862946
43.7835134,10.3814228
43.7795448,10.400253
43.7799649,10.3996784
43.7803008,10.3873403
43.780731,10.4048707
43.7802098,10.3955175
43.7816912,10.4145669
43.7823325,10.4143872
43.7797356,10.4104423
43.7798358,10.4128928
43.7795296,10.4133532
43.7801321,10.4112614
43.7888093,10.4148319
43.7817268,10.4030464
43.7902097,10.4218382
43.794823,10.4223901
43.7886656,10.422929
43.7698006,10.3413846
43.7664042,10.3353597
43.7636692,10.3380559
43.7642643,10.3380209
43.7675783,10.3337896
43.7666276,10.3408705
43.7658807,10.3415567
43.7625231,10.3385109
43.7641751,10.3380136
43.7697006,10.3420607
43.7663762,10.3431241
43.7677279,10.3437778
43.7654064,10.3413697
43.7600761,10.3385959
43.7642327,10.3396873
43.7661818,10.3369719
43.7643672,10.3389203
43.7686883,10.3452335
43.766672,10.3335004
43.7546185,10.3469706
43.7653664,10.3381236
43.7642971,10.3393457
43.7673489,10.3365691
43.7651863,10.341806
43.7662773,10.3362455
43.7681872,10.3373809
43.7650236,10.3394573
43.7708846,10.3398755
43.7657004,10.3395091
43.76707,10.3409859
43.7520756,10.3582868
43.766352,10.335724
43.7684176,10.3413779
43.8026681,10.2661348
43.7769731,10.2801808
43.7755795,10.2840918
43.777371,10.2800629
43.7774919,10.2800225
43.7197477,10.2782807
43.7845571,10.3683534
43.7886359,10.3667024
43.7896092,10.36574
43.788155,10.3633421
43.7887765,10.3664305
43.78857,10.3631996
43.7846827,10.363454
43.7882068,10.3655983
43.7890172,10.3659924
43.7837563,10.3629617
43.7862756,10.3686717
43.7883419,10.3636955
43.7899108,10.36674
43.7892143,10.3660957
43.7897583,10.3654637
43.7838327,10.3689853
43.7893865,10.3650963
43.7889209,10.3659674
43.7842923,10.368195
43.7897234,10.3658634
43.7886042,10.3641843
43.7859788,10.3693914
43.785419,10.3669148
43.7854528,10.3675717
43.7399337,10.3885306
43.7393192,10.3886712
43.7451178,10.3699
43.8206923,10.4101469
43.7941838,10.4221317
43.8048038,10.4196544
43.8190932,10.414841
43.8092078,10.4009679
43.8134604,10.4019188
43.8094943,10.4012683
43.809972,10.4011999
43.8116758,10.401416
43.8140917,10.4028515
43.8138075,10.402613
43.814347,10.4020211
43.8138007,10.4034461
43.8110114,10.4009057
43.8143997,10.4086848
43.8150758,10.4075388
43.810128,10.4022125
43.8129844,10.40286
43.8117819,10.4014816
43.8096169,10.4010965
43.8149559,10.4075307
43.8136402,10.4024727
43.8113892,10.4022044
43.8119953,10.4007804
43.8108408,10.401375
43.81451,10.4037145
43.8095635,10.4010894
43.8100685,10.4008267
43.8099356,10.4010538
43.7090851,10.3981901
43.7007895,10.4120337
43.7008912,10.4120307
43.7007752,10.4121027
43.7008812,10.4120176
43.7008925,10.4121452
43.8193225,10.4143931
43.819612,10.4142757
43.5495937,10.3212156
43.6340383,10.3037387
43.5436146,10.3159518
43.5455631,10.3343047
43.5456503,10.3340962
43.5466305,10.3289092
43.5472236,10.3300671
43.5473035,10.3301282
43.551022,10.3130598
43.5512927,10.3133271
43.582398,10.3496791
43.5299029,10.3424462
43.5300539,10.3428296
43.5306545,10.3456746
43.5309018,10.3427322
43.5312637,10.342067
43.5312973,10.3426226
43.5313933,10.3456316
43.5315652,10.3455052
43.5315843,10.3390042
43.5316991,10.3418013
43.5317689,10.3426398
43.5318154,10.3425692
43.700557,10.408869
43.5224479,10.3257988
43.5241583,10.3297297
43.5247132,10.3285233
43.5271098,10.3219575
43.5703112,10.3157305
43.5714359,10.3170272
43.5235989,10.3376358
43.5238904,10.338331
43.5249187,10.3413285
43.5261883,10.3403157
43.5287649,10.3382255
43.5406716,10.338208
43.5349507,10.309445
43.5350281,10.3092366
43.5350946,10.3103409
43.5385114,10.3158707
43.5131258,10.3184134
43.5133421,10.3187164
43.5133657,10.3184875
43.5527704,10.3187863
43.5528414,10.3187522
43.5755011,10.3344025
43.5492467,10.3048114
43.5492618,10.3047531
43.5492177,10.3046086
43.5697831,10.3424007
43.5917881,10.3484812
43.5755652,10.3432114
43.5700544,10.3421842
43.5759785,10.342241
43.5699563,10.3421788
43.5695215,10.3415828
43.5753291,10.3437616
43.547396,10.3136034
43.5474596,10.3135182
43.5041921,10.3430861
43.5493354,10.3098225
43.5494196,10.310055
43.4881601,10.3643532
43.4973956,10.3227202
43.4804685,10.3345812
43.4632016,10.3677895
43.4658159,10.3637342
43.4663695,10.3632086
43.4668836,10.3650494
43.7473152,10.3661849
43.5762914,10.386354
43.5840047,10.3968951
43.5841129,10.3973835
43.7481168,10.3679202
43.747231,10.3678508
43.7475431,10.3672998
43.7470019,10.3667155
43.7550055,10.3656107
43.5384703,10.328029
43.5376478,10.3277787
43.537694,10.3268731
43.5382579,10.3275367
43.5373701,10.3264767
43.5387552,10.3271806
43.5385986,10.3278861
43.5391038,10.327455
43.5393754,10.3280765
43.536414,10.3326837
43.5178393,10.3432805
43.5178585,10.343745
43.5179405,10.3435555
43.5180204,10.3434499
43.5522307,10.3099913
43.5533384,10.3135343
43.504054,10.3444031
43.5705652,10.3546522
43.4923985,10.3438433
43.4926145,10.3480862
43.5107493,10.330316
43.5112693,10.3323849
43.5421534,10.3300361
43.6583296,10.280522
43.6587648,10.2821282
43.7314343,10.4074691
43.7312094,10.4082184
43.5320725,10.319287
43.5273263,10.336049
43.5272227,10.3394129
43.5272419,10.3394724
43.5254464,10.3348479
43.5273925,10.3393805
43.5273154,10.3392787
43.5277899,10.3370994
43.5273809,10.3394576
43.5272451,10.3393155
43.5273673,10.3393117
43.6994134,10.4012021
43.6995201,10.4013166
43.5196475,10.3462116
43.6989092,10.3957719
43.6988875,10.3966856
43.5178452,10.3434598
43.5171321,10.3444469
43.5178723,10.3440263
43.7740785,10.4089316
43.7740334,10.401733
43.7727113,10.4017451
43.7702162,10.4089693
43.7738994,10.4050911
43.7746312,10.402154
43.7724692,10.4010422
43.7006904,10.4123242
43.7008255,10.4118088
43.7714538,10.3748354
43.7727331,10.3694631
43.7736707,10.3815409
43.7611184,10.3673386
43.7755166,10.3754687
43.7727984,10.3916233
43.7720934,10.3762972
43.7730153,10.3742855
43.7721641,10.3739519
43.7735507,10.3922149
43.7723664,10.3612843
43.7630517,10.3650856
43.7618491,10.3645083
43.7727984,10.392546
43.7783101,10.3688836
43.7613037,10.3764857
43.774017,10.3739233
43.7594485,10.3663945
43.7600713,10.3666692
43.7736351,10.3608533
43.7595568,10.3554862
43.712949,10.3753437
43.7141217,10.3754443
43.720545,10.3779345
43.4904511,10.3376283
43.5014195,10.351551
43.5095381,10.3437596
43.5101659,10.3403063
43.5107943,10.3429666
43.5108878,10.3405195
43.4969633,10.3438606
43.5243049,10.3442625
43.5248816,10.3437941
43.5250812,10.3436224
43.5253904,10.3443431
43.5257024,10.3431187
43.5260061,10.3438291
43.5366747,10.3383521
43.5367035,10.338677
43.5367233,10.3397162
43.5370109,10.3386256
43.5370542,10.3391402
43.5370974,10.3396591
43.5371722,10.3391157
43.5372189,10.3396377
43.6970847,10.4063517
43.5161111,10.3195635
43.5215069,10.3239845
43.5272487,10.3391377
43.5276441,10.3419244
43.582451,10.3060414
43.5827354,10.3063047
43.7871422,10.3404746
43.7701696,10.343793
43.7883333,10.3465622
43.7863377,10.3662271
43.78703,10.3667056
43.7881554,10.3655563
43.7874599,10.365799
43.7871733,10.3625562
43.7909971,10.4090983
43.7894304,10.3405527
43.7901565,10.3448747
43.7883088,10.3412737
43.7875238,10.3620949
43.7941535,10.3795571
43.7852712,10.3394857
43.7873228,10.3626493
43.7846416,10.385896
43.7875206,10.3627726
43.79013,10.408835
43.7886864,10.3425499
43.7863608,10.3855305
43.5364861,10.3198068
43.8081633,10.3857992
43.8098848,10.4009116
43.5637697,10.3361219
43.5631485,10.3366704
43.7711729,10.2791445
43.8286677,10.4207126
43.8287504,10.4206563
43.7244051,10.4084819
43.7248799,10.4086442
43.7007309,10.3860112
43.5459153,10.3394435
43.5498531,10.3433453
43.7789305,10.4002636
43.778897,10.3992799
43.7091017,10.3852846
43.7098589,10.3857531
43.7091862,10.3852553
43.7814247,10.4022829
43.7104511,10.3876947
43.7193788,10.3886093
43.6782174,10.3494364
43.6787469,10.3504956
43.6797549,10.3500182
43.6867,10.3657591
43.6781132,10.3503168
43.6804744,10.3500458
43.6875106,10.3656352
43.6789411,10.2775048
43.6921228,10.3508462
43.6775457,10.2773853
43.6867089,10.3512657
43.6791322,10.2777817
43.6770373,10.2769782
43.6761155,10.2754024
43.6761019,10.2756945
43.6783788,10.3278081
43.6789201,10.2777058
43.686827,10.3439056
43.6787599,10.2775916
43.7097773,10.3880747
43.7105225,10.3878796
43.7106441,10.3874578
43.7095809,10.3811909
43.7096162,10.3810848
43.7096003,10.3814692
43.709741,10.3815421
43.6366774,10.3534011
43.7077201,10.3830417
43.7054316,10.3833326
43.7037093,10.3866003
43.7099768,10.4097753
43.7147628,10.4036323
43.715532,10.4002761
43.708599,10.3852367
43.7085892,10.3845302
43.7188258,10.4108548
43.7190226,10.4107156
43.6965309,10.388056
43.6959367,10.3876166
43.7163738,10.4048837
43.7163871,10.4046659
43.7175239,10.4038089
43.7197413,10.4055933
43.7219085,10.4021025
43.5582276,10.3348522
43.5582914,10.3372464
43.570835,10.3304776
43.5713084,10.3330297
43.5219914,10.4072619
43.6855839,10.3825627
43.4596529,10.3697577
43.5499903,10.3099407
43.7791481,10.3977896
43.766791,10.3298681
43.7671156,10.3295083
43.7924648,10.4051568
43.7927011,10.4061447
43.792035,10.4092561
43.5490672,10.3046278
43.5490871,10.3044557
43.5372748,10.3226563
43.7570112,10.358278
43.5167902,10.3417909
43.7147428,10.399847
43.7138861,10.3964708
43.7145502,10.3962007
43.7148721,10.3999374
43.7139388,10.3968286
43.7146116,10.3965151
43.566657,10.3285976
43.5179517,10.3239633
43.5596591,10.3201135
43.4591029,10.3667797
43.4597643,10.3670704
43.4596368,10.367511
43.7192012,10.4155531
43.7383393,10.4124425
43.7379051,10.4131234
43.7767738,10.4131501
43.7768407,10.4128846
43.5466415,10.3164549
43.5467015,10.315529
43.5471248,10.314662
43.708645,10.3854394
43.708879,10.3854353
43.5367476,10.3409811
43.5373388,10.3410402
43.5176093,10.3247916
43.5176313,10.3248914
43.5176854,10.3248527
43.5372026,10.3193124
43.5226687,10.3295572
43.5372468,10.3336329
43.5377367,10.3337443
43.7777116,10.3834354
43.527699,10.3496026
43.7758144,10.3324771
43.7150635,10.4068852
43.5748268,10.3435316
43.5751849,10.3435183
43.5753715,10.3436689
43.5565811,10.3206226
43.6264171,10.2916099
43.627139,10.2916389
43.6276404,10.2916629
43.6288868,10.2924348
43.6298657,10.2917092
43.6413355,10.355806
43.6414662,10.3552643
43.6421194,10.3567817
43.6551387,10.3512907
43.655524,10.3513235
43.5186162,10.328696
43.5194886,10.3282504
43.540619,10.3055154
43.5412242,10.3092407
43.5420959,10.3104697
43.5422678,10.3116014
43.5220315,10.320945
43.5221651,10.3254846
43.522491,10.3206655
43.5229919,10.3180922
43.5230583,10.3184515
43.5231817,10.3191197
43.5233802,10.3193783
43.5234359,10.317692
43.5235442,10.3182666
43.5239517,10.3191599
43.5242945,10.3213464
43.5243469,10.3214163
43.5243618,10.32123
43.5244257,10.3212948
43.5248194,10.3250751
43.5249089,10.3251432
43.5249402,10.3249742
43.5249621,10.3250389
43.5255031,10.3185601
43.5287674,10.3238948
43.7097076,10.3741076
43.7096068,10.3741267
43.7765923,10.3937558
43.6962537,10.3951353
43.696164,10.3949123
43.5834288,10.3265606
43.5214771,10.317782
43.5216952,10.3176835
43.5276448,10.3270694
43.5277615,10.327302
43.5278675,10.3269774
43.5278833,10.3272301
43.5281295,10.3270978
43.5402469,10.3263346
43.5403695,10.326058
43.540365,10.3261922
43.5403877,10.326048
43.5404395,10.3261973
43.5404412,10.3259284
43.540464,10.3261053
43.5405973,10.3263824
43.5341489,10.3192763
43.5342109,10.319414
43.5379342,10.3153866
43.5380645,10.3159588
43.5219979,10.3348852
43.5251816,10.3445067
43.5192185,10.3458658
43.4595933,10.3702503
43.5364849,10.3038608
43.5157788,10.3209501
43.4974364,10.3236558
43.4975974,10.3260387
43.497608,10.323779
43.5380624,10.3224938
43.538049,10.3226395
43.5290116,10.3267807
43.5283828,10.3271466
43.5289491,10.3271714
43.5287307,10.3275088
43.5287841,10.3294903
43.5285707,10.3273293
43.5287453,10.3298664
43.5285962,10.3298219
43.5285948,10.3270825
43.5286728,10.3294575
43.5288352,10.3269875
43.5288959,10.327433
43.5800915,10.3485159
43.5805303,10.348731
43.5807009,10.3480132
43.5814362,10.3484758
43.5828294,10.3478135
43.5900804,10.3569847
43.5900582,10.3568543
43.5264995,10.3132952
43.5438672,10.3330052
43.7137318,10.3766618
43.6018138,10.3569093
43.6021755,10.3526562
43.7144085,10.3803885
43.5298393,10.3140241
43.5298531,10.3141608
43.5299104,10.3141992
43.5299387,10.3139533
43.5300122,10.314079
43.7126213,10.4020419
43.7127069,10.4021017
43.4908669,10.3582125
43.4921017,10.3576957
43.4927745,10.3545367
43.4929229,10.3557904
43.4946986,10.3567067
43.49771,10.3448714
43.4977683,10.3447582
43.52761,10.3629003
43.5283742,10.3610146
43.726409,10.38408
43.7240416,10.3842133
43.7101835,10.3971401
43.4959479,10.3529168
43.4960301,10.3511712
43.5569064,10.3400548
43.5624689,10.3439873
43.5640991,10.3434289
43.5641035,10.3388457
43.5646322,10.3358053
43.5655709,10.3355064
43.8025914,10.4203069
43.8042592,10.4048451
43.8072526,10.4177244
43.803808,10.4051953
43.7808216,10.426551
43.7810265,10.3898788
43.779929,10.3907505
43.7811548,10.3855368
43.7819149,10.3902476
43.779697,10.3890213
43.7823961,10.3839316
43.7828007,10.3873656
43.7843613,10.3827085
43.7816933,10.3853926
43.7827835,10.3887963
43.7818513,10.3884199
43.7858392,10.3820665
43.785024,10.3817768
43.7852914,10.3839047
43.7851326,10.3844962
43.7851503,10.3810915
43.7855719,10.3827212
43.7848929,10.3824675
43.785932,10.3813667
43.7854959,10.3804598
43.7850924,10.382542
43.7852266,10.3818524
43.7853575,10.3811644
43.7771807,10.3877253
43.7782061,10.3914871
43.5367331,10.3390192
43.7030585,10.4023734
43.5984584,10.3812004
43.5306798,10.3047558
43.5308594,10.305136
43.5309015,10.3054371
43.552268,10.3060016
43.5522686,10.3052768
43.5514617,10.3043379
43.5032435,10.3278133
43.5052999,10.3260932
43.5227346,10.3699138
43.692999,10.3600462
43.7169982,10.3821377
43.7171741,10.3818856
43.7277588,10.3952289
43.7243786,10.4083981
43.73654,10.400879
43.7363229,10.4017538
43.6992489,10.4039738
43.6991628,10.4044088
43.7120938,10.39992
43.7121988,10.3994308
43.5441036,10.3320501
43.5240528,10.3251464
43.7326825,10.391648
43.733032,10.3932709
43.7315306,10.3934811
43.7334497,10.3920421
43.7323151,10.3930899
43.7326585,10.3922772
43.7331067,10.3937979
43.732062,10.3933554
43.7329755,10.3928958
43.7322113,10.3924114
43.7122354,10.3711698
43.7110345,10.3723901
43.7089309,10.385549
43.7824234,10.4026323
43.7789066,10.4148485
43.7257525,10.3895582
43.5268247,10.3716379
43.5270456,10.3737149
43.5271357,10.3708449
43.527244,10.3742628
43.5274221,10.3656942
43.52752,10.370855
43.5275564,10.3712654
43.5438978,10.3315087
43.547293,10.313478
43.7377689,10.3341837
43.748063,10.3340777
43.7193682,10.3751644
43.7389745,10.4121398
43.7385824,10.4115434
43.7385653,10.408123
43.5367246,10.3389177
43.5598299,10.3308958
43.5463764,10.3044771
43.6075526,10.407654
43.6072488,10.4075623
43.6072552,10.4078082
43.7364484,10.4144994
43.6962294,10.3946928
43.6951836,10.3874726
43.7171591,10.3820873
43.5373375,10.3080405
43.7127407,10.4051185
43.5587776,10.3388189
43.7618857,10.3976017
43.5307213,10.3156322
43.5308371,10.3157957
43.5309318,10.31528
43.5309326,10.3157016
43.6391857,10.3547743
43.5390477,10.3092774
43.5808287,10.3009502
43.5806701,10.3010868
43.5807242,10.3011198
43.5809309,10.3007672
43.578693,10.3003104
43.5793191,10.3005582
43.5786429,10.3005013
43.5804186,10.3007555
43.644017,10.2888538
43.643951,10.2890039
43.6438717,10.2889291
43.5853108,10.3142351
43.5849701,10.3151199
43.5847918,10.3148398
43.5888188,10.3254594
43.5854509,10.345856
43.5853286,10.3453671
43.5851917,10.3456616
43.5849479,10.3465493
43.585542,10.3457409
43.5835006,10.344454
43.5734962,10.3543536
43.4591048,10.3645389
43.4595585,10.3631223
43.7105329,10.4094261
43.4946784,10.349402
43.5749544,10.3494843
43.5741324,10.3514626
43.5742333,10.3511865
43.5746897,10.349985
43.6754719,10.2725757
43.810672,10.4002367
43.8109036,10.4008432
43.8131142,10.4031335
43.5372806,10.3080423
43.8129985,10.4028896
43.8126085,10.4034703
43.5695698,10.3342193
43.5698022,10.334261
43.4810171,10.365003
43.4812888,10.3654856
43.4814284,10.3661291
43.4815781,10.3664511
43.4815879,10.3663308
43.4816229,10.365897
43.4824407,10.3670822
43.4869968,10.3666223
43.7730943,10.3674268
43.7744724,10.3686979
43.7740996,10.3675701
43.7741768,10.3688381
43.7722992,10.3670469
43.7725644,10.3673013
43.702053,10.4131855
43.721496,10.3744892
43.7228704,10.374634
43.7064377,10.4082865
43.7063774,10.4083299
43.7062136,10.4088123
43.7060672,10.4086171
43.6833561,10.3541031
43.6875049,10.3543405
43.5561237,10.3126014
43.5561227,10.3124239
43.5561853,10.3125623
43.5527976,10.3185767
43.7235273,10.3799663
43.5485126,10.3026959
43.7578314,10.3693087
43.7615265,10.3636973
43.7609031,10.3630437
43.6790781,10.2774415
43.6789938,10.2774511
43.6790131,10.2772049
43.6790618,10.2779956
43.6771513,10.2772764
43.6772321,10.2771145
43.6773744,10.2772283
43.6773065,10.277411
43.5625399,10.3463973
43.5625957,10.3457181
43.8237905,10.304282
43.7944139,10.267876
43.7941786,10.2679132
43.7943883,10.2678801
43.7650874,10.3407096
43.7818326,10.4033699
43.822401,10.3041227
43.8227385,10.3044254
43.8226429,10.303971
43.7172173,10.4011256
43.5724368,10.3445397
43.7126318,10.4013184
43.490182,10.3379879
43.7716542,10.4069765
43.7715251,10.4068761
43.7198444,10.375613
43.7202392,10.3755477
43.7202064,10.3751697
43.7210756,10.3750265
43.7219484,10.3748484
43.693032,10.3578707
43.6856552,10.3564377
43.6859341,10.3564636
43.6961474,10.3832593
43.6962553,10.3876685
43.6962194,10.3880813
43.6962206,10.3869277
43.6958987,10.387165
43.7003649,10.3997977
43.7012219,10.3976644
43.6988979,10.4041036
43.6991264,10.404518
43.69912,10.4042833
43.6990325,10.4042535
43.7004625,10.3968994
43.6990097,10.404546
43.7005779,10.3970716
43.6989784,10.40429
43.7002425,10.3967625
43.7737254,10.3923911
43.7752537,10.3981725
43.7759001,10.3985171
43.4617137,10.368152
43.584123,10.3063367
43.5852076,10.3147741
43.5838202,10.305503
43.597729,10.4008408
43.5974877,10.4007485
43.5971725,10.4017488
43.5970732,10.4012824
43.5971185,10.4000284
43.5968822,10.4007218
43.5972368,10.4004368
43.5970598,10.4004639
43.5966818,10.4008045
43.5968723,10.4009711
43.5972671,10.4012928
43.597491,10.4009732
43.5152028,10.3197699
43.5128648,10.3622701
43.5196228,10.3890007
43.5197718,10.3894766
43.5200881,10.3887718
43.510668,10.3210232
43.7136976,10.3899272
43.71376,10.3901178
43.7132434,10.3883616
43.7138466,10.3900148
43.7136836,10.3899608
43.7133895,10.388994
43.713808,10.3899028
43.7159079,10.4034616
43.5307859,10.3427436
43.7410059,10.3799115
43.6811542,10.3520318
43.6971946,10.3662138
43.6957438,10.3627485
43.6652244,10.3712187
43.6909672,10.385255
43.6913755,10.3841516
43.69113,10.3853673
43.5272348,10.3725918
43.5276346,10.3725786
43.5066737,10.3262052
43.5478921,10.3058902
43.6957446,10.3837675
43.6960734,10.385467
43.6961396,10.3848702
43.6960988,10.3848483
43.7494263,10.3675697
43.7153082,10.4001725
43.7792124,10.364638
43.7110627,10.3974556
43.6708601,10.3821899
43.5966882,10.4089341
43.5590093,10.3115666
43.6504713,10.3789079
43.562208,10.3396553
43.5622112,10.3397688
43.562231,10.33978
43.5622426,10.3396392
43.5622688,10.3398845
43.7549596,10.3763705
43.6614282,10.280921
43.6617673,10.2820052
43.6619866,10.2826843
43.5518997,10.3078343
43.5519446,10.3080029
43.5519793,10.3078842
43.4611181,10.365983
43.4611525,10.3659494
43.4611835,10.3660144
43.4674438,10.3617886
43.4674529,10.3618789
43.8223858,10.3041884
43.8224787,10.3044804
43.8227515,10.3040793
43.4611551,10.3625516
43.4612143,10.361027
43.6824362,10.3569234
43.7690101,10.3405447
43.7684866,10.3409816
43.767818,10.3448255
43.4923405,10.3285051
43.5481527,10.310882
43.5484909,10.3106766
43.4996679,10.330203
43.4997323,10.3296427
43.7233742,10.3788825
43.7905433,10.3438071
43.7543243,10.3944492
43.6865967,10.3436952
43.6864194,10.3434278
43.6860787,10.344093
43.6861742,10.3437966
43.5277173,10.3272849
43.5286549,10.3300849
43.528747,10.329222
43.5288889,10.3279059
43.5311766,10.3317507
43.5313864,10.3315016
43.5314554,10.3317637
43.5314686,10.3313106
43.5315437,10.330929
43.5316729,10.3312777
43.5317445,10.3282905
43.5317847,10.3286377
43.5318742,10.3283306
43.5318807,10.3277954
43.531987,10.328255
43.532024,10.3279356
43.5320297,10.3313488
43.5321357,10.3318906
43.5322329,10.3317793
43.5322378,10.331503
43.5325601,10.332085
43.5322463,10.3310452
43.5485163,10.3025585
43.5244839,10.3285572
43.5245657,10.3287807
43.5248348,10.3283601
43.5927419,10.2969082
43.5923228,10.2949596
43.5931226,10.2943381
43.5935202,10.2964889
43.7496597,10.3876178
43.7496051,10.3872826
43.7496741,10.3872953
43.7730039,10.3951793
43.704378,10.3809547
43.7213803,10.4037574
43.6262625,10.2929244
43.7003651,10.412957
43.7001647,10.4129151
43.7000573,10.4116282
43.6999266,10.4130775
43.7002238,10.4126492
43.6998748,10.4127699
43.7167846,10.3817791
43.5613432,10.3358173
43.583871,10.346272
43.6002155,10.3657455
43.7275098,10.3908783
43.72751,10.3908064
43.7276138,10.3908807
43.7276146,10.3908059
43.7170261,10.3817903
43.7099432,10.4093941
43.7077547,10.3801595
43.5843368,10.3083693
43.7230013,10.3979656
43.5883352,10.3475398
43.5882439,10.346821
43.5870677,10.3462604
43.5872258,10.3463314
43.5886906,10.3470293
43.5697462,10.3646201
43.7237364,10.4083325
43.7090768,10.3852925
43.7088597,10.3852536
43.7163498,10.394785
43.710087,10.397681
43.716134,10.4059785
43.7126129,10.3744383
43.7126077,10.3746205
43.7125151,10.3746299
43.7125182,10.3744207
43.7241439,10.3844142
43.717175,10.3820533
43.7105205,10.3902463
43.7198819,10.3973556
43.710857,10.3978584
43.719645,10.4123914
43.6944872,10.3617994
43.7274992,10.3924968
43.7039065,10.4057659
43.6522416,10.3647722
43.7770076,10.3324417
43.7771973,10.3327456
43.7773752,10.3322848
43.7771848,10.3321877
43.7169239,10.382003
43.7169223,10.3819549
43.7170145,10.3821466
43.5418871,10.3028014
43.7005358,10.4078772
43.7005579,10.4080266
43.7004474,10.4079312
43.6905408,10.3852672
43.6913402,10.3856593
43.6911267,10.3850251
43.7158286,10.3996151
43.7096039,10.3741141
43.7005456,10.396441
43.5595298,10.3401043
43.7392388,10.4108898
43.7100763,10.4074312
43.7100731,10.4077585
43.7071366,10.3759597
43.7098332,10.4101614
43.5612126,10.3069294
43.5637461,10.307598
43.5326998,10.3290951
43.5589087,10.3111367
43.5486088,10.3046979
43.7222385,10.3977108
43.7225026,10.3984423
43.7177719,10.4003999
43.71474,10.4066505
43.717028,10.400556
43.7275004,10.3926384
43.6988171,10.3971262
43.6989419,10.4057907
43.699189,10.3964062
43.504161,10.3435046
43.5613722,10.3360248
43.5614625,10.3358708
43.5616709,10.3359952
43.5325316,10.3289956
43.7754471,10.3737678
43.774802,10.3738206
43.7752099,10.3742381
43.7752489,10.3754664
43.7752369,10.375087
43.7748618,10.375037
43.7752128,10.3729659
43.7720744,10.3708031
43.772703,10.3713595
43.7854068,10.4080227
43.7904909,10.4098496
43.7801884,10.3924839
43.7803361,10.3921233
43.7121085,10.4053668
43.7121945,10.4056426
43.696846,10.3816552
43.6963289,10.3868699
43.6977948,10.3886411
43.6961664,10.3861196
43.7033858,10.3867201
43.7816726,10.3980067
43.6133406,10.2911294
43.6645755,10.2784352
43.7112909,10.3972953
43.5440181,10.3136559
43.7101255,10.3842032
43.7079472,10.3835819
43.7090825,10.3860129
43.6900291,10.3683775
43.6416629,10.3535718
43.7101049,10.4068736
43.5949532,10.2957273
43.5972766,10.2980045
43.7151934,10.4026675
43.6999022,10.3972716
43.699494,10.4019544
43.6996071,10.4006371
43.6993916,10.4014884
43.6995112,10.4014131
43.699584,10.4008888
43.718237,10.4041182
43.7183733,10.405778
43.6976467,10.4107008
43.6983377,10.4107905
43.7115942,10.3832613
43.7112644,10.3797429
43.7110873,10.3795123
43.7111388,10.3798726
43.7112835,10.379913
43.7111932,10.3802509
43.7201895,10.3860759
43.7203304,10.3859752
43.7202455,10.3861228
43.7189718,10.3899712
43.7167774,10.3822354
43.7147919,10.4091612
43.7147773,10.3983352
43.7702118,10.340917
43.7697748,10.343731
43.7664002,10.3422391
43.7664821,10.3417505
43.7649179,10.3416357
43.7250187,10.3921458
43.7104126,10.3956763
43.7103804,10.3958791
43.7385529,10.3817279
43.7101402,10.3974346
43.7101843,10.3976376
43.7161622,10.3805973
43.7166687,10.3814232
43.7164036,10.3809924
43.7163233,10.3810874
43.6994656,10.4123648
43.6994135,10.4120911
43.7087956,10.3995296
43.7024371,10.4006441
43.7024039,10.4004737
43.7022719,10.4005844
43.7006514,10.3960439
43.5499716,10.3107821
43.5499045,10.3114022
43.550568,10.3110905
43.5509156,10.3108946
43.517096,10.3420863
43.5173367,10.3419515
43.5467241,10.3046143
43.5466751,10.3044719
43.5465329,10.3046421
43.7338627,10.4005594
43.7333204,10.40197
43.7325659,10.4127526
43.5614286,10.3362439
43.5616329,10.3362282
43.6763556,10.2775424
43.5230797,10.3373483
43.6963303,10.3841571
43.6964111,10.3838475
43.6963117,10.38368
43.6961092,10.3836927
43.7017193,10.3881479
43.7018005,10.3880801
43.6995521,10.3890146
43.6994448,10.3892976
43.6993992,10.389038
43.6993705,10.389171
43.699537,10.3890018
43.6996036,10.3891571
43.6960285,10.3840082
43.6998332,10.3889362
43.6948612,10.3833625
43.6946689,10.3834779
43.6947074,10.3833028
43.6945762,10.3838047
43.6951293,10.3835435
43.6922293,10.3811642
43.6923171,10.3811432
43.6923151,10.3809212
43.6589004,10.2801918
43.6590126,10.280223
43.675121,10.2742745
43.6977639,10.3963935
43.5319615,10.3308067
43.7022893,10.4006562
43.6996622,10.3973903
43.6996511,10.4001167
43.6704398,10.3482499
43.7125348,10.3832525
43.7332834,10.4005268
43.7810316,10.3898365
43.5775508,10.351129
43.5777638,10.3517523
43.5792721,10.3512716
43.6348412,10.3032987
43.6689351,10.2787514
43.628439,10.3808386
43.7115362,10.3720467
43.5531616,10.312208
43.5233521,10.3370939
43.5266097,10.3133063
43.5309106,10.3155401
43.5490422,10.3047751
43.5491404,10.3048867
43.5491608,10.3045781
43.6792355,10.2743861
43.6790687,10.275531
43.6790117,10.2756568
43.6790027,10.2755206
43.6790867,10.2752011
43.6790165,10.2778164
43.6773587,10.277351
43.7166556,10.3730897
43.7165903,10.3730115
43.7009826,10.3975193
43.5997473,10.3573073
43.5275699,10.3274294
43.527641,10.327141
43.5277392,10.326935
43.527806,10.3267476
43.5278979,10.3270335
43.527903,10.3271812
43.5325468,10.3290214
43.5294255,10.3657156
43.5305197,10.3750327
43.7160013,10.4144087
43.6014194,10.2947646
43.6121448,10.2911734
43.6121849,10.2913292
43.6122787,10.2911881
43.6302484,10.2951329
43.630254,10.2953993
43.6303005,10.2953398
43.7245615,10.408427
43.7125141,10.4117476
43.5385168,10.3157426
43.6788401,10.2779771
43.7625695,10.3836739
43.723566,10.3422064
43.6084024,10.2918607
43.6084806,10.2926371
43.4582213,10.3687336
43.7778449,10.3313593
43.7780836,10.3311302
43.7779442,10.3308293
43.7777826,10.3313343
43.6055518,10.3559541
43.6052183,10.3539378
43.6057849,10.3578684
43.6054194,10.3537185
43.6050688,10.3570552
43.6055238,10.3540935
43.6052759,10.3532974
43.6050229,10.3542514
43.6047301,10.3532888
43.6050686,10.3533253
43.6851762,10.3561387
43.6860723,10.3529256
43.693094,10.3580839
43.6241034,10.2948695
43.5516171,10.3052496
43.5516376,10.3042241
43.5514159,10.3042681
43.6990384,10.3964463
43.6989517,10.3964723
43.6989039,10.3964173
43.698906,10.396296
43.6990017,10.3962437
43.6990613,10.3963214
43.6989193,10.395863
43.6274838,10.2899003
43.6273864,10.2898996
43.5532548,10.3047751
43.5461071,10.3129891
43.5461054,10.3156768
43.547729,10.3107847
43.547918,10.3112624
43.5477166,10.3113649
43.5481024,10.3107498
43.5484264,10.310501
43.5474821,10.3115609
43.5467023,10.3114692
43.5478424,10.3054064
43.5467139,10.3046472
43.5467121,10.3048043
43.5479717,10.3131003
43.5466196,10.3047265
43.5468625,10.304443
43.5465777,10.304469
43.5493967,10.3045389
43.5489151,10.3046814
43.5489422,10.3110699
43.536792,10.3209028
43.7002539,10.3969199
43.7001387,10.3971258
43.6999597,10.3969448
43.6999629,10.3968807
43.7000954,10.3967234
43.7001846,10.3967537
43.7084675,10.3813092
43.7070627,10.3818081
43.5562808,10.3269047
43.6061593,10.4077474
43.5948622,10.3923086
43.599539,10.3736151
43.7142115,10.3761865
43.5273154,10.3226129
43.7002499,10.39696
43.6998458,10.3977331
43.6989328,10.3959904
43.7000333,10.397102
43.6999203,10.3966264
43.7059063,10.3918809
43.7066593,10.3919385
43.7041834,10.3917471
43.6948155,10.3835508
43.7127147,10.3834042
43.7126168,10.3834915
43.4874917,10.3634759
43.4874537,10.3636304
43.535987,10.3185191
43.5713191,10.3465058
43.5020549,10.3371519
43.5032325,10.3338952
43.5033006,10.3339569
43.5518071,10.3102834
43.7828939,10.3400673
43.6979133,10.404511
43.5311683,10.3161911
43.7780657,10.3316599
43.7783316,10.3304629
43.7780384,10.331276
43.6948121,10.3830105
43.7051511,10.3910673
43.6137291,10.2946905
43.7682759,10.3812191
43.7681094,10.3831258
43.7953626,10.4225459
43.5855585,10.3455638
43.6948433,10.3833252
43.6947784,10.383567
43.5641181,10.3374988
43.698946,10.3890202
43.7075127,10.3801164
43.7075618,10.3803819
43.7077659,10.3803649
43.7076485,10.3802665
43.7076465,10.3805559
43.7076196,10.3805461
43.7388435,10.3968409
43.709454,10.4076755
43.7094572,10.407542
43.7564889,10.3880983
43.7651037,10.3416669
43.5987992,10.4047805
43.5989653,10.4077426
43.7294845,10.3849729
43.7169741,10.3810274
43.7164172,10.3802868
43.7172792,10.3814272
43.7165865,10.3815245
43.5618011,10.3374844
43.5675361,10.3323916
43.5677095,10.3324795
43.5641176,10.3373942
43.7155415,10.4071138
43.7116867,10.4056007
43.5422589,10.3043646
43.7143869,10.4098712
43.6447464,10.3841142
43.7250066,10.4039369
43.5278094,10.3102277
43.4914112,10.3280662
43.7099467,10.3857056
43.7099231,10.3859045
43.7099965,10.3857876
43.673425,10.3477385
43.6732411,10.3477519
43.6997076,10.3991678
43.7072459,10.383737
43.6057483,10.3531459
43.5416997,10.3020963
43.7166748,10.3970962
43.7077612,10.3807488
43.707766,10.3804577
43.7075128,10.3806183
43.7112742,10.3975996
43.7707409,10.4289548
43.725675,10.3804488
43.5141521,10.3269754
43.692982,10.3669262
43.6928182,10.3662372
43.7741105,10.3924422
43.7740066,10.3927307
43.7737937,10.3925839
43.7742232,10.3928802
43.5820201,10.3127304
43.5817598,10.313161
43.5821417,10.3129148
43.582342,10.3130832
43.786138,10.3654738
43.7146323,10.4098329
43.7146047,10.409607
43.7107834,10.3712628
43.7194295,10.4001359
43.7193552,10.4003227
43.5258506,10.3137425
43.5265454,10.3131877
43.5269151,10.3134195
43.7779996,10.3341386
43.5704658,10.3236778
43.7128548,10.3837198
43.7128646,10.3835056
43.7131841,10.3836418
43.7127267,10.3838018
43.5492652,10.3049874
43.7049177,10.405815
43.5109907,10.3405923
43.5116914,10.3405836
43.5113802,10.3397924
43.5108589,10.3411898
43.5103653,10.3408244
43.5110263,10.340422
43.5407237,10.313186
43.5466224,10.305409
43.5532727,10.3271686
43.5252916,10.3771752
43.5261924,10.3800014
43.5545766,10.3357695
43.5546245,10.3358938
43.7989295,10.4092079
43.7599853,10.366394
43.7598581,10.3665752
43.7592597,10.3639851
43.7716731,10.3689842
43.5264404,10.3294677
43.4819786,10.3719172
43.726953,10.3898216
43.7269892,10.3899212
43.7272148,10.3896482
43.5188293,10.3162098
43.5188707,10.3162134
43.5189559,10.3161027
43.5189444,10.3160048
43.5527262,10.3097805
43.7076624,10.3802664
43.5449577,10.3399601
43.5458726,10.3396341
43.7510249,10.3285527
43.7862771,10.3870682
43.5380982,10.3463704
43.5378672,10.3460473
43.5372726,10.3470317
43.5374004,10.346799
43.5379274,10.3449616
43.5382353,10.345457
43.7914372,10.408548
43.7911673,10.4080689
43.5216798,10.3221724
43.5218377,10.3226769
43.4820272,10.3672568
43.4875347,10.3655832
43.7823728,10.4044568
43.7830345,10.4042348
43.5283267,10.3097968
43.5283935,10.3099558
43.5277253,10.3101814
43.527719,10.3099997
43.5965545,10.4080964
43.5965223,10.4080976
43.544933,10.3434155
43.5448415,10.3434397
43.612284,10.2912461
43.612216,10.2913341
43.612227,10.2914524
43.6301437,10.2951483
43.6301308,10.295368
43.6064044,10.3568291
43.6050008,10.3538063
43.6049606,10.3536897
43.5516013,10.3040806
43.5514358,10.3040898
43.5516084,10.3043082
43.5625133,10.3420138
43.5622996,10.342121
43.7773984,10.3325903
43.7771413,10.3322044
43.4978675,10.3501749
43.4977297,10.3500612
43.5173461,10.3420694
43.527325,10.3750105
43.5612727,10.3413707
43.5176703,10.3246963
43.5176479,10.3248933
43.5176725,10.3247851
43.5940846,10.3527823
43.5939758,10.352565
43.5757053,10.3431836
43.8120857,10.4007094
43.7409444,10.3735162
43.6054208,10.3535041
43.6066771,10.3569271
43.605241,10.353933
43.7094666,10.3681369
43.7122596,10.3734302
43.70312,10.3868979
43.7030282,10.3866498
43.7030231,10.3869906
43.7141223,10.4050073
43.7382527,10.4010754
43.7374068,10.4004495
43.7736031,10.407692
43.725801,10.4021757
43.7443122,10.3712585
43.5328452,10.328906
43.5326698,10.3290976
43.5273561,10.3101599
43.6658283,10.2809617
43.6244162,10.2947978
43.6242373,10.2947479
43.6242327,10.2943662
43.6242475,10.2947189
43.6243496,10.2946664
43.6245425,10.2950242
43.6243655,10.2949022
43.6242823,10.2949015
43.6118013,10.2912388
43.6121389,10.2912699
43.5619517,10.3433409
43.5623074,10.3487626
43.5621273,10.3492346
43.5620725,10.3489109
43.5619508,10.3491184
43.7327494,10.3908733
43.7163478,10.3946534
43.716231,10.39474
43.7223336,10.3979114
43.7129035,10.4095649
43.7131067,10.4093811
43.7182364,10.4011224
43.7795809,10.3708031
43.7092773,10.4062169
43.7099665,10.4075549
43.7136953,10.4108394
43.6350224,10.2974619
43.5322676,10.3319096
43.5316453,10.3195515
43.595287,10.3512284
43.6599817,10.2830213
43.5808253,10.3009364
43.5806812,10.3008737
43.5807285,10.3008519
43.8175199,10.4149797
43.583257,10.3524155
43.5845088,10.357909
43.5768928,10.3422332
43.5766849,10.3423848
43.5455936,10.3276651
43.5355146,10.3234653
43.7816051,10.3975388
43.7815129,10.3975968
43.7814957,10.3976486
43.7815301,10.3977908
43.7815854,10.3978232
43.7816733,10.3977759
43.5288362,10.3237118
43.5286171,10.3236857
43.6735228,10.3479825
43.7235176,10.3792715
43.7233282,10.3793315
43.7233514,10.3792852
43.723361,10.3795358
43.7235251,10.3795283
43.7235423,10.3793085
43.7238172,10.3793316
43.7749172,10.3927504
43.7750513,10.3928411
43.5839188,10.3058222
43.7117176,10.3843681
43.7235802,10.3990513
43.6844264,10.3574804
43.7767809,10.3321523
43.7776986,10.3310366
43.7775907,10.3312509
43.696073,10.3837357
43.8157765,10.3985463
43.7028875,10.3868538
43.7030986,10.3866956
43.7125938,10.3836005
43.71182,10.3843569
43.7117932,10.3842803
43.6891619,10.3671066
43.689214,10.3664198
43.5428692,10.3306604
43.5429466,10.3306553
43.5430441,10.3307781
43.5430515,10.330836
43.5429966,10.330991
43.5427768,10.3308425
43.5367075,10.3451712
43.7787779,10.4024179
43.7228531,10.3898198
43.722951,10.3897496
43.7071557,10.3754857
43.7073042,10.375768
43.7074004,10.3758826
43.7072959,10.375806
43.7074219,10.3757796
43.5425341,10.3305761
43.5431718,10.3303831
43.543279,10.3310867
43.7770467,10.4050712
43.7763066,10.4044176
43.5833543,10.3515089
43.7167129,10.3973467
43.5016241,10.338824
43.7001394,10.4121529
43.7004685,10.411758
43.6998341,10.4125362
43.7001848,10.4124222
43.7350614,10.4007065
43.5438849,10.328636
43.543838,10.3285684
43.6789119,10.349381
43.6735077,10.3480648
43.6732164,10.3481455
43.673326,10.3482131
43.7263628,10.402554
43.6973815,10.3846954
43.696658,10.3850981
43.699428,10.3887808
43.6994109,10.3890229
43.5450188,10.329231
43.5449612,10.3292553
43.5450055,10.3291121
43.6966538,10.3847148
43.6968526,10.3848016
43.6969383,10.3842919
43.7895933,10.4071586
43.7726821,10.3457233
43.6402153,10.3533557
43.5963836,10.4098302
43.5972315,10.4076737
43.5976554,10.4081753
43.5966242,10.4085261
43.5972603,10.409035
43.6497855,10.3851871
43.6499342,10.3857141
43.7531659,10.3994548
43.7156812,10.3762886
43.7154829,10.3764099
43.5716192,10.3169128
43.5714193,10.3159983
43.5715888,10.3161541
43.527582,10.313018
43.7202751,10.3759609
43.5619361,10.3433555
43.6454371,10.2924405
43.5259683,10.3157237
43.7075599,10.3804337
43.7079233,10.3801526
43.707777,10.3802555
43.7228368,10.3895119
43.7739754,10.3897397
43.5174003,10.3249993
43.7091073,10.3978399
43.7090751,10.3983198
43.6969741,10.3847142
43.6991145,10.3884993
43.6925568,10.3810335
43.6908955,10.3855166
43.6909486,10.3852655
43.6911234,10.3853455
43.6910389,10.3855995
43.7428355,10.3737181
43.553104,10.3243754
43.5515069,10.3215024
43.5513838,10.3214369
43.5514578,10.3211731
43.5418155,10.3057069
43.5232401,10.3163427
43.5232536,10.3164436
43.5232564,10.316761
43.7181507,10.3895351
43.5275064,10.3392362
43.5274681,10.3396138
43.5273517,10.3394978
43.5271171,10.339553
43.5823864,10.3542841
43.5873759,10.3583087
43.5868949,10.3582117
43.5906326,10.3587063
43.5914307,10.3586686
43.5838258,10.3058024
43.7081571,10.3679277
43.7099228,10.4107655
43.7164088,10.3882581
43.7160043,10.3879857
43.5364396,10.301701
43.7300381,10.374033
43.7098647,10.3858641
43.7338591,10.4006171
43.7107882,10.3910819
43.7110818,10.3909465
43.5274035,10.3284868
43.5239443,10.3396204
43.7099858,10.4095842
43.5406551,10.3128633
43.5408948,10.3127463
43.5409491,10.3129135
43.5248307,10.3249863
43.5406322,10.3131822
43.7235406,10.3795037
43.722948,10.3796959
43.723414,10.3795715
43.5346967,10.3292979
43.7041158,10.4104337
43.5593595,10.3243017
43.7042106,10.4105709
43.7520404,10.3578086
43.7518218,10.3583611
43.553734,10.3297516
43.553744,10.3298978
43.5537074,10.3296474
43.5537357,10.329978
43.4978062,10.3235708
43.5450897,10.2989956
43.6037863,10.2961694
43.5097614,10.334142
43.6985413,10.4130301
43.6453224,10.292415
43.6453753,10.2923132
43.6876176,10.4134468
43.7096396,10.4049165
43.7203276,10.4125612
43.6997225,10.3890662
43.5990404,10.3915207
43.759228,10.3498184
43.628805,10.2918622
43.5565502,10.3569934
43.5095218,10.3336698
43.5098368,10.3338786
43.5106408,10.3334083
43.7328741,10.3922158
43.5529881,10.3208493
43.5530698,10.3218464
43.5635149,10.3099552
43.5639405,10.3101969
43.5625024,10.3124412
43.5624445,10.3121577
43.5626672,10.3123158
43.5625805,10.312545
43.5173612,10.3377573
43.5174974,10.3377322
43.7203436,10.4107126
43.5484202,10.3097019
43.7133007,10.3885672
43.7134379,10.3887647
43.7134557,10.3888398
43.7134086,10.3888064
43.5401893,10.3306093
43.5715748,10.3168973
43.5324926,10.3292817
43.5329217,10.3291924
43.5886318,10.3469157
43.5888273,10.347013
43.5952315,10.3514179
43.5546434,10.3049316
43.5095137,10.3341588
43.5094374,10.3340338
43.7405785,10.3736628
43.5529055,10.319563
43.7443008,10.3713876
43.6676655,10.3416548
43.6929697,10.3683475
43.7442941,10.3715496
43.7404356,10.373541
43.7405717,10.373405
43.7407898,10.3733905
43.7407993,10.3736497
43.7442206,10.3713045
43.743998,10.3717682
43.7267641,10.3898525
43.7650754,10.3411312
43.7649427,10.3415972
43.5239648,10.3393069
43.524867,10.3457404
43.5246545,10.3455797
43.56172,10.3371614
43.5173896,10.3249521
43.5049246,10.3408505
43.651651,10.656595
43.6331939,10.6035377
43.6257216,10.5283124
43.6157132,10.4465482
43.6120761,10.441093
43.6246144,10.5289892
43.6236073,10.5287
43.6193523,10.5276655
43.5906834,10.529521
43.546839,10.5324153
43.5438944,10.5254904
43.5438858,10.5264958
43.5379731,10.5265415
43.4959044,10.515509
43.4626543,10.4858364
43.4553506,10.4762113
43.454745,10.4757896
43.6342239,10.5790971
43.6364796,10.5634301
43.6358718,10.5638629
43.6336768,10.5702572
43.6668364,10.5294344
43.6716826,10.4736547
43.6712733,10.4775841
43.6700892,10.4720014
43.6696708,10.471941
43.6694334,10.4723733
43.6700413,10.4729658
43.6702511,10.4725626
43.6790151,10.4794072
43.6807077,10.4787556
43.6805304,10.4784493
43.680619,10.4780979
43.680291,10.4780159
43.6782136,10.476453
43.6778001,10.4762568
43.6776128,10.47632
43.6774538,10.4761699
43.6774182,10.4759727
43.6775147,10.4757345
43.6776974,10.4756702
43.6778268,10.4757724
43.6778917,10.4760137
43.6770726,10.4756091
43.6754613,10.4739615
43.4594276,10.759671
43.491122,10.740421
43.4994028,10.721376
43.5447342,10.7149404
43.5594927,10.6927465
43.5649425,10.7389274
43.5651502,10.7392881
43.5805644,10.7036162
43.5804446,10.7040296
43.5807449,10.7045161
43.5803947,10.704583
43.58064,10.7046335
43.5815562,10.7039878
43.5795058,10.7047485
43.5805544,10.7262636
43.5803523,10.7269693
43.5732719,10.762061
43.5802774,10.7275739
43.5789385,10.7578454
43.6185696,10.6750371
43.6184633,10.6743432
43.618415,10.6733532
43.6282627,10.6603203
43.6540962,10.6612619
43.6535936,10.6566947
43.6536609,10.6552133
43.6054527,10.7754989
43.604952,10.7738153
43.6642406,10.8374168
43.6677943,10.8398057
43.677428,10.8454006
43.679459,10.8483149
43.6812781,10.846704
43.6521038,10.6442025
43.663735,10.6418292
43.666675,10.6421136
43.6668501,10.6422559
43.6707853,10.6428003
43.6707499,10.6428453
43.6830882,10.625664
43.7225916,10.6166904
43.6921849,10.435144
43.7066679,10.4358905
43.7070567,10.435419
43.7106628,10.4247239
43.7130799,10.4162781
43.7122327,10.4209367
43.7149696,10.4215871
43.7189215,10.4201363
43.7191697,10.4198384
43.7192625,10.4163357
43.721902,10.4174106
43.7227235,10.4158145
43.723137,10.4158263
43.7230887,10.4154196
43.7597267,10.4419065
43.7575979,10.4435936
43.7587543,10.4436873
43.7614811,10.443794
43.7635454,10.4444334
43.7638833,10.4445872
43.4488429,10.8368813
43.4544764,10.8304619
43.4541595,10.830239
43.4541155,10.8298213
43.4537474,10.8307682
43.456677,10.8297196
43.456914,10.8298782
43.7742247,10.4227676
43.7735499,10.4240867
43.7672432,10.4316458
43.7520837,10.4224977
43.7728811,10.4254385
43.775184,10.4251537
43.7668506,10.4392092
43.6173507,10.4433715
43.6256491,10.5283528
43.6524875,10.6582176
43.6283578,10.6601519
43.6280247,10.6603876
43.6278644,10.6597546
43.6192741,10.6740686
43.6006786,10.6947932
43.5753953,10.7535819
43.5769678,10.7541725
43.6049521,10.7720189
43.605097,10.7689652
43.6050723,10.7685789
43.6060304,10.7658555
43.6000427,10.7568204
43.6006775,10.7522413
43.6009406,10.7504574
43.5890542,10.7201407
43.5791698,10.7575402
43.5770313,10.7540473
43.5588389,10.7504424
43.5604315,10.7121541
43.6008418,10.6950831
43.6050453,10.7012733
43.6027404,10.698387
43.6237103,10.4649456
43.6209471,10.466361
43.6201076,10.46593
43.6199219,10.4649205
43.6201158,10.4645775
43.6199385,10.4642308
43.6195594,10.4646984
43.6184952,10.4675189
43.6113702,10.4723662
43.6103433,10.4726176
43.6093991,10.4730149
43.6084015,10.4735966
43.60072,10.4749859
43.5974499,10.473034
43.5934281,10.4720462
43.5891938,10.4710071
43.5880717,10.4708737
43.5873655,10.4709338
43.5732351,10.4759109
43.570429,10.4738112
43.5682408,10.4742575
43.5666281,10.47578
43.4601494,10.4698184
43.459251,10.4703269
43.4551883,10.4754037
43.473042,10.7633169
43.6137768,10.4433268
43.6030407,10.707136
43.6028065,10.7065948
43.6025287,10.7064166
43.6106098,10.4427512
43.6626399,10.633103
43.6627081,10.6308537
43.6627506,10.6296935
43.6632624,10.6291372
43.6644976,10.6293714
43.6646014,10.6285389
43.6649294,10.6260662
43.6649928,10.6255767
43.6652111,10.6238076
43.6691198,10.5929894
43.6703811,10.5828545
43.6718788,10.5818482
43.675755,10.583737
43.6813181,10.5840046
43.7500213,10.4716912
43.749087,10.4689902
43.7496738,10.4755019
43.7470655,10.4683815
43.7324589,10.4793695
43.7316533,10.4805589
43.722691,10.4991855
43.7227428,10.4996597
43.7225058,10.5006276
43.7175678,10.5102289
43.6995471,10.5158191
43.6966747,10.5187548
43.6898738,10.5310558
43.6891694,10.5341271
43.6871336,10.5428111
43.6881103,10.5835567
43.6850949,10.6001521
43.6854346,10.6193033
43.6843939,10.6655812
43.6944393,10.704682
43.6946705,10.706304
43.6944549,10.7068706
43.6936334,10.7066124
43.6946733,10.7073791
43.6949417,10.7080401
43.6990615,10.7417271
43.700344,10.7415803
43.7008271,10.7416247
43.7031841,10.7648206
43.7046201,10.76839
43.7095183,10.7702639
43.7109501,10.7838213
43.7119945,10.7852397
43.7046734,10.8273932
43.7039641,10.8282065
43.699455,10.8336572
43.6955881,10.8386135
43.6952068,10.8388929
43.6950641,10.839247
43.4861205,10.6423618
43.6919938,10.8789924
43.6919032,10.8660445
43.6926379,10.8550725
43.6928524,10.8515508
43.6910497,10.8331969
43.6908054,10.8324224
43.6902749,10.8306403
43.6901169,10.830101
43.6897685,10.8289035
43.6877986,10.8220975
43.6877567,10.8199862
43.6880136,10.8160103
43.6860512,10.7917632
43.6875982,10.784292
43.6870079,10.7833729
43.6850992,10.7771847
43.687784,10.7663802
43.6867308,10.7602352
43.6865671,10.7583989
43.6856656,10.7531388
43.6957296,10.8278842
43.6953021,10.8297155
43.6947653,10.8300077
43.6928522,10.8313912
43.6912419,10.8325829
43.6933892,10.8411631
43.6286535,10.7132082
43.6565483,10.6820706
43.6050666,10.7742404
43.6738307,10.7520291
43.6712872,10.7538479
43.6709214,10.7544572
43.6706445,10.7544723
43.6702219,10.7543404
43.6093647,10.7785133
43.6080797,10.7772075
43.6757028,10.7319868
43.6728787,10.7244239
43.6732579,10.7238486
43.6731417,10.7230053
43.6714353,10.7213991
43.6685967,10.7107565
43.6645987,10.6933908
43.6598346,10.6803156
43.6596648,10.6786952
43.6592639,10.674593
43.6602428,10.6388065
43.6540962,10.6350946
43.653788,10.6355927
43.6540463,10.6469377
43.654321,10.6542354
43.6552511,10.6565687
43.6627121,10.6863654
43.6538347,10.6350398
43.6541502,10.6351954
43.6263417,10.5303769
43.6262789,10.5304194
43.674716,10.5818352
43.6714448,10.5744072
43.6716652,10.5702385
43.6715144,10.5700526
43.664586,10.5421885
43.6439902,10.4492333
43.6206625,10.4638791
43.4538093,10.630782
43.5023565,10.6371809
43.5223686,10.6186619
43.5267079,10.6215745
43.5314854,10.619768
43.5810936,10.6294849
43.6199,10.6334253
43.6217899,10.6340395
43.6236796,10.6297875
43.6537005,10.6309917
43.6543354,10.6314864
43.7160837,10.7371313
43.7191031,10.7372375
43.7241738,10.7534154
43.7354152,10.7736408
43.6537221,10.6446213
43.6529184,10.644065
43.652825,10.6434214
43.6526329,10.6439845
43.6190115,10.6295044
43.6066294,10.63046
43.6100872,10.6436626
43.4978106,10.726169
43.4792618,10.7296469
43.4772726,10.7303485
43.4770537,10.7293524
43.4755254,10.7279349
43.4723601,10.7269456
43.4718957,10.7283112
43.4752497,10.7283988
43.476174,10.7288833
43.4674313,10.72138
43.4593789,10.7347445
43.4357614,10.7233634
43.434867,10.7250954
43.6103795,10.6438302
43.6187869,10.6291716
43.6187764,10.6296148
43.4751842,10.7269239
43.6098598,10.6231609
43.6097119,10.6428968
43.6119157,10.6427348
43.6072336,10.6324695
43.6076531,10.6323973
43.6070566,10.63045
43.6067012,10.6315504
43.6120745,10.6199597
43.5248228,10.5541369
43.5244521,10.5537703
43.4727329,10.565104
43.4726428,10.5651244
43.4724498,10.565114
43.4677631,10.5565078
43.4603584,10.5625963
43.6666919,10.6411553
43.6668873,10.6440529
43.6667429,10.6471
43.6896578,10.5836172
43.6993809,10.5840191
43.7054279,10.5710913
43.701582,10.5822112
43.7019848,10.5834434
43.6918888,10.790357
43.69128,10.7901994
43.6908712,10.790049
43.6906767,10.7904349
43.690823,10.7908516
43.691023,10.7909299
43.6913056,10.7906808
43.6934586,10.7894387
43.6908003,10.7913133
43.6897972,10.8048153
43.6957165,10.7890223
43.6630642,10.6142143
43.6632306,10.6140446
43.6632692,10.6140994
43.6632331,10.614306
43.663443,10.614442
43.6680893,10.6141356
43.6656743,10.6186087
43.6658338,10.6185462
43.6657646,10.6180548
43.665606,10.6180715
43.6878411,10.4815296
43.6878219,10.4815425
43.6878068,10.4817273
43.6879443,10.481583
43.6889447,10.4780557
43.6893356,10.4775314
43.689415,10.4719929
43.6897794,10.4702348
43.7034233,10.498537
43.7012302,10.4967659
43.6931804,10.4890658
43.6984244,10.4943926
43.7030186,10.4981663
43.7221768,10.4901586
43.7232484,10.4707943
43.7233306,10.4661937
43.7243675,10.4636117
43.7260118,10.4637374
43.7222686,10.4691982
43.721843,10.4693567
43.7106061,10.4756593
43.7100389,10.4743818
43.7086761,10.4749206
43.7098138,10.4855117
43.7260836,10.4556267
43.7123735,10.4425958
43.7121069,10.4419507
43.7118283,10.4417802
43.7118133,10.4423733
43.7105382,10.4412651
43.7078885,10.4372975
43.7077117,10.4372005
43.707717,10.4376935
43.7065936,10.4351931
43.7066431,10.4358764
43.7075284,10.4368829
43.7065035,10.4405588
43.6954326,10.4369212
43.6957068,10.4371676
43.6953983,10.4367443
43.6958958,10.4372389
43.6965185,10.4352998
43.6927707,10.4349983
43.6915003,10.4350698
43.6921098,10.4342906
43.6898616,10.437543
43.6896554,10.4378551
43.6875229,10.4364852
43.6742655,10.6153367
43.6775959,10.615237
43.6608614,10.6338371
43.6600159,10.6335056
43.6581741,10.6327765
43.6575372,10.6325152
43.6556047,10.6317494
43.6546664,10.6313749
43.6605369,10.6364246
43.6603673,10.6377753
43.6576847,10.635482
43.6594049,10.6360636
43.6575509,10.6361719
43.6581311,10.636505
43.6591226,10.6370628
43.6596811,10.6373886
43.6587197,10.6384546
43.657118,10.6373393
43.6554948,10.6362664
43.6621225,10.6309385
43.6618143,10.6332757
43.6598836,10.6306775
43.6612201,10.6309374
43.6544094,10.6311374
43.6543895,10.63141
43.6540048,10.6312664
43.6592428,10.6289473
43.6593409,10.6315577
43.6586157,10.6288005
43.6575292,10.6316042
43.6574757,10.6286535
43.6554504,10.6324623
43.6560551,10.6286649
43.6557469,10.6310211
43.6563186,10.6265791
43.6561124,10.6281842
43.6554536,10.6285472
43.655219,10.6308428
43.6613667,10.6341128
43.6548176,10.6324582
43.6572419,10.6369789
43.6595029,10.6386518
43.656524,10.6391385
43.6585743,10.6389276
43.6543599,10.6382051
43.6561955,10.6369291
43.6552648,10.6375132
43.6549563,10.637331
43.6546762,10.6371713
43.6582188,10.6272792
43.6557514,10.6263827
43.6597937,10.6289808
43.6576712,10.6260828
43.6576191,10.6255573
43.6541936,10.6258078
43.655543,10.6237014
43.6558521,10.6225031
43.6565452,10.6174174
43.6568096,10.6175288
43.6567449,10.6169246
43.6537736,10.6186995
43.6549646,10.6229071
43.656271,10.6180134
43.651948,10.6230156
43.6515943,10.6227673
43.676749,10.5449987
43.6766522,10.5454203
43.6688847,10.5411327
43.6712178,10.5417783
43.6853027,10.5461102
43.6777276,10.5473463
43.6779457,10.5510161
43.6757695,10.5468752
43.6752595,10.5513324
43.6762001,10.5514918
43.677885,10.5517401
43.6792143,10.5519613
43.6792502,10.5512154
43.6337684,10.6057933
43.6336679,10.6075867
43.637513,10.6012145
43.638148,10.6005735
43.6379647,10.6002656
43.6379013,10.6002439
43.6376899,10.6002905
43.6375578,10.6004219
43.6374427,10.6006648
43.6374188,10.6009284
43.6382517,10.5999152
43.6422035,10.593712
43.6507053,10.5883347
43.6617968,10.5819716
43.6667377,10.5781594
43.6671519,10.5766018
43.6667972,10.5757107
43.6651033,10.5731679
43.6624588,10.5642271
43.6672161,10.5623708
43.6680315,10.562121
43.6636751,10.5420041
43.6671062,10.5410549
43.6686437,10.5409555
43.6642672,10.5418175
43.6706298,10.5799458
43.6707984,10.5748699
43.6714429,10.5741496
43.6712134,10.5739947
43.674575,10.5641394
43.6755713,10.5585644
43.6758663,10.555695
43.6760705,10.5538912
43.6769693,10.5439657
43.6771579,10.5439249
43.6770595,10.5438089
43.6771543,10.5437007
43.6814722,10.5218183
43.6827603,10.5137482
43.6832317,10.5103809
43.6833549,10.5096672
43.6862419,10.4919663
43.686636,10.4893528
43.6878082,10.4825629
43.6930434,10.4886684
43.6930618,10.4879496
43.692894,10.4881114
43.687792,10.4816988
43.6835842,10.480082
43.6834085,10.4801803
43.6832078,10.4799402
43.6832493,10.4796917
43.6836238,10.4797587
43.6875984,10.4815325
43.6839405,10.4799691
43.6791379,10.4799638
43.685792,10.4861645
43.6851204,10.4858576
43.6831614,10.4852415
43.6831599,10.4844751
43.6820965,10.4835559
43.6828952,10.4813091
43.6823418,10.4809313
43.6796012,10.4799531
43.6862875,10.4789652
43.6818483,10.4772517
43.6812931,10.4779817
43.6965681,10.4962334
43.6897101,10.5127951
43.6863203,10.5214794
43.6849873,10.5245995
43.6820313,10.5259308
43.6909752,10.4920663
43.692059,10.4893156
43.6924885,10.4883362
43.6903325,10.4916093
43.6897241,10.4911879
43.6889326,10.490825
43.6876493,10.4904196
43.6886191,10.491688
43.6877736,10.4897197
43.6885829,10.489987
43.6890897,10.4901507
43.6899022,10.4904132
43.6884475,10.4922079
43.6893552,10.4889842
43.6903379,10.4885492
43.6901614,10.4892896
43.6879858,10.4884651
43.6883034,10.4844338
43.6888543,10.4887927
43.6752206,10.5517001
43.675143,10.5526646
43.675039,10.5538459
43.6736795,10.5537915
43.6737081,10.5532689
43.6556125,10.6197353
43.6479054,10.6162336
43.6445819,10.6130253
43.6438224,10.6100798
43.6436875,10.6094259
43.6410359,10.6007372
43.6450653,10.6129113
43.644577,10.614561
43.6444105,10.6138691
43.6428114,10.6149134
43.6499156,10.6123534
43.6507591,10.630174
43.6507732,10.6296974
43.6504245,10.6297938
43.6513249,10.62968
43.6526942,10.628211
43.6531119,10.6280509
43.6532962,10.6280658
43.653511,10.627778
43.6533133,10.6272638
43.653198,10.627245
43.6529467,10.6274859
43.6529188,10.6276737
43.6557703,10.6337614
43.6555066,10.6349964
43.6558157,10.6351968
43.6541218,10.63151
43.654118,10.6309883
43.6548531,10.62636
43.6553321,10.6258875
43.655883,10.6256892
43.665623,10.620592
43.6621577,10.6383254
43.662241,10.6379429
43.6624655,10.6373781
43.6625832,10.6345187
43.6643417,10.6306662
43.6642174,10.6317001
43.6640766,10.6328184
43.6626835,10.6317287
43.6627026,10.631054
43.662006,10.6317873
43.6631106,10.6317416
43.6630878,10.6331143
43.6640318,10.6331663
43.6639494,10.6338081
43.6643812,10.6346438
43.6644124,10.6339649
43.6650667,10.6329254
43.6626141,10.6337314
43.6633069,10.6328077
43.6635768,10.6320674
43.6631072,10.6320622
43.6644474,10.6328591
43.6839228,10.611335
43.6869543,10.6239519
43.6861128,10.6211156
43.6966421,10.4831662
43.7219681,10.4423279
43.7216229,10.4418688
43.72353,10.4350709
43.7210127,10.4223492
43.7256178,10.4494446
43.7266276,10.4463235
43.7300947,10.4370686
43.7339311,10.4253055
43.7289918,10.4210222
43.7286878,10.4207235
43.7285407,10.4206071
43.7285726,10.4201851
43.7282512,10.4204608
43.7276356,10.42052
43.7260722,10.4206659
43.7257303,10.4206967
43.7250434,10.4206823
43.7243026,10.4205297
43.7236868,10.4200532
43.7231428,10.4155164
43.7285284,10.4202556
43.7228535,10.4153566
43.7228215,10.4159516
43.7227171,10.4155317
43.6934153,10.4530233
43.695319,10.4385774
43.69612,10.4367426
43.6996154,10.4254318
43.7036309,10.4149626
43.701315,10.4313401
43.7012855,10.4318334
43.7052131,10.4246956
43.7014627,10.4311677
43.7014236,10.4315484
43.7124159,10.4410925
43.7173453,10.4293925
43.7213403,10.4193679
43.7194305,10.4203079
43.7185364,10.4195035
43.7185349,10.4195966
43.7042533,10.4947578
43.7046811,10.4916539
43.7056826,10.4951353
43.7086969,10.4967545
43.706324,10.4923973
43.7214114,10.5133114
43.7216019,10.5133359
43.7247448,10.5153334
43.7297539,10.5183215
43.7320883,10.518749
43.7328978,10.5183702
43.7430795,10.5315908
43.7430977,10.5323417
43.7433096,10.5322744
43.7224557,10.5206357
43.7189821,10.5204058
43.7198136,10.523805
43.718681,10.524431
43.7199937,10.5358642
43.7359026,10.482571
43.7377071,10.4881717
43.6778859,10.4754546
43.6781103,10.474894
43.6771924,10.4741722
43.677903,10.4724193
43.6753621,10.470591
43.6733849,10.4760848
43.6729167,10.4755783
43.6731776,10.4753631
43.6762253,10.4734329
43.6751498,10.472491
43.6769466,10.4716789
43.6927756,10.4877189
43.6881895,10.4817412
43.6885028,10.4835276
43.6706,10.6432701
43.6675778,10.6458922
43.6672982,10.6459317
43.6668218,10.6455214
43.6668527,10.6466175
43.6666848,10.6464804
43.6667081,10.6463032
43.6638424,10.6237525
43.6649179,10.62402
43.668566,10.5811862
43.6696323,10.5814195
43.674876,10.5556473
43.6747179,10.5572407
43.6746299,10.5581336
43.6735513,10.5555752
43.6741266,10.5556147
43.6724047,10.5585668
43.6734103,10.5577161
43.6747844,10.5565579
43.6733345,10.5532398
43.6731932,10.5604634
43.6733071,10.559198
43.6733964,10.5579268
43.6761573,10.5527383
43.6736386,10.5543511
43.6741621,10.5543798
43.6749361,10.5550183
43.6759441,10.5550586
43.6747756,10.5516655
43.6734987,10.5563639
43.67415,10.5580587
43.6740653,10.558997
43.674034,10.5593273
43.6745347,10.5590897
43.6752272,10.5572993
43.6751693,10.5585488
43.6745933,10.5585103
43.6709672,10.5506831
43.6709647,10.5499936
43.6709136,10.5460916
43.6708928,10.5437884
43.6714978,10.549948
43.672201,10.5446098
43.6665109,10.6160612
43.6724178,10.5437259
43.6899156,10.4346449
43.6842008,10.4306319
43.6840748,10.4308713
43.6841208,10.4310514
43.6842978,10.4311392
43.6844115,10.4310483
43.6824186,10.4359854
43.6825793,10.4359319
43.6806281,10.4347135
43.6798758,10.4282707
43.6802747,10.4275111
43.6789253,10.428176
43.6683357,10.4340691
43.6443083,10.4490858
43.719402,10.4183272
43.7093547,10.42768
43.709391,10.4276708
43.7094326,10.4281673
43.7135645,10.4282923
43.7134808,10.42813
43.7135665,10.4279586
43.7083815,10.4272824
43.705156,10.4253302
43.708944,10.427641
43.6140383,10.6416445
43.6310388,10.6203879
43.6709209,10.5395089
43.6709016,10.5352
43.6708328,10.5338162
43.6630883,10.6303245
43.720675,10.4219168
43.7207502,10.4218438
43.7207631,10.4217716
43.670447,10.5115648
43.6716464,10.5019965
43.6736122,10.4855998
43.6656006,10.475182
43.6811068,10.4913603
43.6839654,10.4912651
43.6831189,10.4931204
43.6822175,10.4923962
43.6812845,10.491479
43.6776226,10.6147806
43.6772732,10.615248
43.6633144,10.5743129
43.665977,10.572615
43.6665582,10.5723587
43.6670416,10.5740955
43.6664925,10.5732533
43.6671103,10.5743531
43.6676821,10.575204
43.6673285,10.5763988
43.6678956,10.574478
43.7088539,10.4141986
43.6782693,10.5040993
43.6787368,10.5043257
43.680914,10.5068052
43.6807406,10.507652
43.6803505,10.5086565
43.6997185,10.49381
43.698806,10.4934744
43.7137633,10.4148855
43.7146843,10.4147348
43.7150042,10.4186158
43.6875327,10.5114413
43.6860116,10.5108104
43.6789778,10.5561957
43.6790555,10.5552444
43.6791911,10.5533917
43.6637504,10.6392411
43.6550627,10.5645547
43.6608721,10.5652027
43.653638,10.5576129
43.6556104,10.5574818
43.6562322,10.5575239
43.6545755,10.5503381
43.6550231,10.5530449
43.6676643,10.5404799
43.6191265,10.4655177
43.61936,10.4658963
43.6194384,10.4641282
43.6183593,10.4631312
43.6137461,10.4612045
43.6125856,10.4637049
43.6136249,10.4647596
43.6151137,10.4643466
43.6094113,10.4724255
43.6094812,10.4729586
43.6094975,10.4734927
43.609664,10.4734808
43.6104894,10.47307
43.609894,10.4727473
43.6077866,10.4691955
43.6027454,10.4723445
43.5884542,10.4707877
43.5884517,10.4709703
43.5886494,10.4709954
43.5886636,10.4707951
43.5531519,10.4769593
43.7033476,10.4146401
43.7033275,10.4161404
43.7019084,10.4172489
43.7017405,10.4163027
43.6993829,10.4247071
43.698311,10.4254969
43.6981119,10.4238894
43.6988974,10.4287141
43.6969751,10.4285237
43.696952,10.4291441
43.6970672,10.4346154
43.695491,10.4378836
43.6936897,10.4367133
43.6956263,10.4375973
43.6954855,10.4425583
43.6965824,10.4474516
43.6964987,10.4478209
43.6952464,10.4506746
43.6950299,10.4428034
43.6934785,10.4478259
43.69326,10.450469
43.6931471,10.4509374
43.6947695,10.4457212
43.6935986,10.4448701
43.6933007,10.4442654
43.6933735,10.4452962
43.6928965,10.4453068
43.696942,10.4480997
43.7064362,10.4503031
43.705671,10.4536806
43.7094973,10.4559523
43.7151033,10.4572027
43.7168578,10.4585575
43.7179154,10.4554906
43.7077319,10.46125
43.7088654,10.457993
43.7011017,10.4643145
43.6969631,10.4633464
43.6958635,10.4786821
43.6942863,10.4599002
43.6926659,10.4650931
43.6921971,10.4685608
43.6920457,10.4716661
43.6886602,10.4570413
43.6902641,10.4581779
43.6915167,10.4546635
43.6912171,10.4554136
43.6909563,10.4561135
43.6919727,10.4567396
43.6924705,10.4570471
43.6927789,10.4557903
43.6922094,10.4560257
43.6923708,10.4555414
43.6922601,10.4527759
43.6927656,10.4530741
43.6939669,10.4521325
43.695943,10.4511961
43.6853707,10.5105471
43.6849961,10.5120047
43.684762,10.5128818
43.6845772,10.5135588
43.6845007,10.5145454
43.6842788,10.5160518
43.6842177,10.5175774
43.6840124,10.5191575
43.6858701,10.5113085
43.686977,10.5133508
43.6861561,10.5155693
43.6866551,10.5131587
43.6858939,10.5145886
43.6834441,10.5128501
43.6829479,10.5125326
43.6865131,10.5149574
43.6843513,10.5151381
43.686626,10.520816
43.7232152,10.4266322
43.722826,10.4264863
43.7247159,10.4289304
43.7252169,10.4277987
43.7240152,10.4308166
43.7232697,10.432876
43.7237535,10.432453
43.7233382,10.4334501
43.7247217,10.4318498
43.7240777,10.433593
43.7235033,10.4347808
43.729683,10.437939
43.7211641,10.4293632
43.7230522,10.4306682
43.723578,10.4258012
43.7261359,10.4269617
43.7321481,10.4317109
43.7239318,10.4268228
43.7242911,10.4488362
43.7220077,10.4823494
43.7211535,10.4713152
43.7193156,10.4760782
43.7180749,10.4793543
43.7219896,10.4694876
43.7192325,10.4689583
43.7154329,10.474005
43.7149629,10.4146511
43.6849727,10.5195839
43.6833316,10.5189053
43.6848522,10.5208672
43.6848135,10.52028
43.6831431,10.5197248
43.6829856,10.5203666
43.6843246,10.5213515
43.6836935,10.5208982
43.6814627,10.5219693
43.6822662,10.5226177
43.6825138,10.5228297
43.682332,10.5240136
43.6884807,10.5249512
43.6836261,10.526454
43.6858804,10.5229737
43.6893782,10.524849
43.6850074,10.5373036
43.6878811,10.5398303
43.6878785,10.5353279
43.6874578,10.537009
43.686977,10.5390345
43.6854875,10.5359885
43.6867848,10.5458518
43.6820323,10.5664901
43.6820206,10.567432
43.6830825,10.5727885
43.6831414,10.5740819
43.6842159,10.5740178
43.6852527,10.5751196
43.6855091,10.5768992
43.6851087,10.5777905
43.7006816,10.5837941
43.6998211,10.5906772
43.6882407,10.5865714
43.6877512,10.5864925
43.7070444,10.6553666
43.7082284,10.6550115
43.7049737,10.6566973
43.6798974,10.4955529
43.6822704,10.495542
43.6816333,10.4970831
43.6819417,10.4973399
43.6850246,10.5003203
43.7108004,10.6215253
43.7109291,10.6194731
43.7125329,10.6192089
43.7095471,10.6196508
43.7293912,10.5797515
43.7289566,10.5833329
43.7269093,10.5891866
43.7268142,10.5895564
43.7264761,10.5901413
43.727147,10.6171522
43.8011262,10.6922737
43.7649968,10.437736
43.7643021,10.4390106
43.7750143,10.4235027
43.7744803,10.4243213
43.7630033,10.4421215
43.7641517,10.4387627
43.7571296,10.4323555
43.7594506,10.4366357
43.7590686,10.4374618
43.7610001,10.4398582
43.7614422,10.4392424
43.7626558,10.4374019
43.7648777,10.4372922
43.702685,10.4358896
43.6779579,10.4958942
43.6767576,10.4986194
43.6725463,10.4945949
43.6632967,10.5348635
43.6654981,10.5350981
43.6655015,10.536331
43.6655019,10.5372116
43.6654843,10.5388989
43.6658328,10.5389087
43.6660912,10.5409309
43.6674951,10.5389934
43.6672753,10.5372308
43.66622,10.5351007
43.6655062,10.5342476
43.6599927,10.5422937
43.657681,10.5505074
43.648239,10.546206
43.6551019,10.5729075
43.670372,10.5352112
43.678172,10.5454596
43.678202,10.5453392
43.67781,10.5464573
43.678439,10.5445324
43.6761385,10.5530849
43.6777491,10.5535079
43.6777734,10.553201
43.67321,10.5770226
43.671917,10.5781056
43.6729583,10.567874
43.6732678,10.572922
43.7152879,10.4371151
43.7136809,10.4431504
43.7201577,10.441015
43.7210865,10.4416906
43.720601,10.4413494
43.7178783,10.4453855
43.7189705,10.4408097
43.7198154,10.4414908
43.7159363,10.4445475
43.7182884,10.4402585
43.7184765,10.4397431
43.7203922,10.4418999
43.7208721,10.4422671
43.6694124,10.5789542
43.6695911,10.5807303
43.6699343,10.5809136
43.6696635,10.5791291
43.6699346,10.5792963
43.6704947,10.5793358
43.6695407,10.5797358
43.6688102,10.5785103
43.6691412,10.471956
43.6452981,10.4484686
43.6998502,10.5149731
43.7000041,10.515212
43.6997991,10.5155385
43.6996279,10.5154154
43.7002885,10.5148125
43.7001444,10.5154083
43.6986575,10.5155572
43.6981819,10.5160831
43.6974388,10.5169232
43.6972188,10.5171481
43.697825,10.514082
43.6970132,10.5097517
43.6959381,10.5116761
43.6964444,10.512765
43.6965564,10.5131536
43.69735,10.5146067
43.6965418,10.5155009
43.6963475,10.5167663
43.6969185,10.5160283
43.6952772,10.5133958
43.6978472,10.5176707
43.6966159,10.5144974
43.6964301,10.5129072
43.695832,10.5175487
43.6946294,10.515926
43.6954726,10.518659
43.69574,10.519203
43.6935617,10.521196
43.6941072,10.5185626
43.6953182,10.5195561
43.6952488,10.5173589
43.6957103,10.517734
43.6896891,10.5307313
43.690342,10.5279843
43.6871709,10.5287384
43.6891581,10.5304797
43.6869365,10.5345573
43.6887282,10.5360398
43.6861895,10.5339713
43.6862873,10.5417785
43.6894616,10.5454334
43.6867517,10.5461198
43.6870368,10.5461803
43.6873309,10.5482439
43.6948471,10.5051809
43.6930819,10.5050223
43.6951765,10.4998541
43.6926732,10.5082008
43.6918094,10.5077993
43.6919797,10.51463
43.692119,10.5129213
43.6912592,10.5164997
43.688732,10.5155515
43.6881717,10.5247852
43.6889053,10.4938178
43.6869252,10.4923652
43.6875496,10.4910173
43.6870697,10.4860667
43.6874923,10.4840446
43.659589,10.6038886
43.6665425,10.6044582
43.6674775,10.5969216
43.6671535,10.5995699
43.667122,10.5998378
43.6677166,10.596616
43.6675525,10.5963748
43.6679602,10.5929011
43.6679148,10.5922257
43.668412,10.5928361
43.6690695,10.5877001
43.6681784,10.5908463
43.6682501,10.5881244
43.7269684,10.5104808
43.7226343,10.4998928
43.7229047,10.5001239
43.7247479,10.4945874
43.7245753,10.4940979
43.6648046,10.6347119
43.6651624,10.634813
43.7543402,10.5483704
43.731324,10.5166526
43.7297894,10.5155305
43.7214603,10.5134452
43.7178687,10.428582
43.7175402,10.4285041
43.7176421,10.428052
43.7160941,10.4218849
43.7148114,10.4228087
43.7164557,10.4248442
43.7116317,10.4229077
43.7113073,10.4235972
43.7129854,10.4233443
43.7117881,10.4225044
43.7114588,10.4322692
43.7108999,10.4339549
43.7089422,10.4389695
43.7100349,10.4371732
43.7108667,10.4359187
43.7115261,10.4343604
43.7104749,10.4401255
43.7094866,10.4388234
43.7102004,10.4383973
43.7111023,10.43844
43.712181,10.4327651
43.7139498,10.4283113
43.7133641,10.4299388
43.7131326,10.4283091
43.7150048,10.4299359
43.7122841,10.432488
43.7152189,10.427466
43.7140078,10.4266922
43.7149298,10.4282908
43.714569,10.4246785
43.7128111,10.4210708
43.7117537,10.4312678
43.7118116,10.4296895
43.7115115,10.4283974
43.7125273,10.4318032
43.7108894,10.423683
43.7095321,10.423515
43.7074671,10.4217584
43.7071059,10.4180207
43.6951123,10.588167
43.6859611,10.5946009
43.6994045,10.5842851
43.6984428,10.5874616
43.7006389,10.5864391
43.7001695,10.5838213
43.6991558,10.5839831
43.6977199,10.5870909
43.6842657,10.608949
43.7013899,10.595621
43.6970019,10.6036678
43.6851161,10.5543802
43.6990292,10.5831949
43.685065,10.5531872
43.6862618,10.5480294
43.6856256,10.5507337
43.6859045,10.5500141
43.6840158,10.5590929
43.6986285,10.5836511
43.6653112,10.6230304
43.6664965,10.6206622
43.667531,10.6202322
43.6590729,10.6331283
43.7206217,10.4221891
43.7198619,10.4235076
43.7190711,10.4252271
43.7197753,10.4258947
43.720168,10.4249928
43.7214824,10.4230627
43.7203838,10.4241296
43.720209,10.4263083
43.7200543,10.4266631
43.7226767,10.4261307
43.7224585,10.4266478
43.721802,10.4265102
43.7214501,10.4261678
43.7210067,10.4257279
43.7206051,10.4253784
43.7227313,10.4270438
43.7218208,10.4236167
43.7222773,10.424445
43.7217952,10.4255647
43.7224188,10.4247093
43.7222021,10.4259761
43.7224768,10.4153078
43.7198928,10.4161922
43.7216468,10.4148634
43.7173793,10.4168491
43.6861244,10.4204622
43.6553476,10.4389407
43.6591616,10.4374041
43.6603312,10.4389355
43.6549772,10.4363559
43.6555926,10.436003
43.6578973,10.4379254
43.6522099,10.4379086
43.6700568,10.4333234
43.6808836,10.4404569
43.6873853,10.4433915
43.717337,10.6029306
43.6993431,10.5830783
43.699356,10.582709
43.6992787,10.5814491
43.6995632,10.5813948
43.7037205,10.5860528
43.7018515,10.5838017
43.7022242,10.5840573
43.7097753,10.5904579
43.709515,10.5902332
43.7078743,10.5875701
43.6835602,10.4366446
43.6854601,10.4379136
43.6859531,10.4334913
43.6846078,10.437347
43.682894,10.4403808
43.6840874,10.4370007
43.6813525,10.4393601
43.6809589,10.4404932
43.6790267,10.4393411
43.6796143,10.4376572
43.6816111,10.4345319
43.6814495,10.435256
43.6815015,10.4314191
43.6804192,10.4345714
43.6782547,10.4366906
43.6782932,10.4367171
43.6776736,10.4384787
43.6782056,10.4366578
43.6775874,10.4384303
43.6792556,10.4338022
43.6805393,10.4301242
43.6778727,10.4328917
43.6762766,10.437587
43.6765034,10.431981
43.6755439,10.4347322
43.6748942,10.4367142
43.6851469,10.4320525
43.6875226,10.4317897
43.6874155,10.4322443
43.6874276,10.4328192
43.6874006,10.4326181
43.6872408,10.4324945
43.6871014,10.4325697
43.6898085,10.4299703
43.6874553,10.4284324
43.688308,10.4285945
43.685302,10.4302937
43.6858514,10.4306382
43.6860372,10.4300595
43.6864459,10.4288233
43.6867764,10.4278239
43.6831414,10.4281792
43.6834842,10.4269175
43.6859044,10.4270026
43.6844013,10.427511
43.6840848,10.4302988
43.6921483,10.5809584
43.6934257,10.5822719
43.6927124,10.5815078
43.6947815,10.5837825
43.7006365,10.5867613
43.7005915,10.5865028
43.7219547,10.6240715
43.6484742,10.5961434
43.648466,10.5959866
43.6476159,10.5986813
43.6468123,10.5940847
43.6439842,10.5913157
43.648579,10.5962716
43.6483509,10.5965469
43.6267639,10.6176056
43.6256384,10.6201913
43.6234391,10.6271994
43.6231635,10.6277089
43.6242821,10.6280151
43.6243533,10.6297256
43.4643041,10.4167563
43.4784887,10.4311015
43.4788141,10.4313557
43.4826015,10.4412485
43.4851569,10.4663878
43.4834484,10.4401837
43.5016707,10.4644293
43.4983365,10.4972119
43.4964405,10.5038403
43.5271905,10.5272572
43.5293114,10.5392669
43.572547,10.5657602
43.5725822,10.5667484
43.5618041,10.5776791
43.5630649,10.5823056
43.5645765,10.5850617
43.5641338,10.5965202
43.5655265,10.6002589
43.5728672,10.5483127
43.5676417,10.5589031
43.5693732,10.5629962
43.5710442,10.5352315
43.588596,10.4742541
43.5880706,10.4755456
43.5878611,10.4773975
43.5692449,10.5171934
43.5260892,10.7026766
43.5729095,10.6343235
43.524875,10.6762982
43.7000929,10.5826545
43.6922537,10.5831215
43.7107339,10.5935622
43.7067115,10.6170381
43.7058954,10.6130594
43.674276,10.6160469
43.6715137,10.5949469
43.669221,10.5943331
43.6699036,10.5945167
43.6699969,10.5937936
43.7075279,10.5045329
43.7063241,10.5051044
43.7061366,10.505339
43.7060068,10.5050867
43.7057891,10.5042396
43.7053005,10.5037415
43.666192,10.6592401
43.6688618,10.6581476
43.6654017,10.6565555
43.663567,10.6481742
43.6635863,10.6473552
43.6636384,10.6455189
43.6684377,10.6121387
43.684496,10.576085
43.6839482,10.5757337
43.683169,10.5755392
43.6841374,10.576922
43.6844413,10.5681894
43.6843424,10.5696795
43.6856191,10.5689251
43.687555,10.5054846
43.6845746,10.5026225
43.6860566,10.5035398
43.6865202,10.5040325
43.6874845,10.5046584
43.6873366,10.5064612
43.6842854,10.5040401
43.6840935,10.5049102
43.6851589,10.5055455
43.6853841,10.5048597
43.6872468,10.5069961
43.6875842,10.5114593
43.6731564,10.5356814
43.6755967,10.529998
43.6752768,10.5307217
43.6743767,10.5263826
43.6742589,10.5281295
43.6753,10.5285522
43.6759057,10.5291958
43.6755767,10.5272983
43.6789955,10.5035321
43.6794337,10.5022603
43.679855,10.5012884
43.6825384,10.5033248
43.6774659,10.5256558
43.6795636,10.5203515
43.6776115,10.5188109
43.6782251,10.5174411
43.6794929,10.5182749
43.6798427,10.5173272
43.6785185,10.5164307
43.6794929,10.5120943
43.6783214,10.5013347
43.6765619,10.4996928
43.6751996,10.5002791
43.6720902,10.4984201
43.6557014,10.4917682
43.6684119,10.5015954
43.6707376,10.5290346
43.6724809,10.5285174
43.6740261,10.5300701
43.6728659,10.5277437
43.6724933,10.5277483
43.6751695,10.5306905
43.6905994,10.4948088
43.6910688,10.4973521
43.6903994,10.4961205
43.6875942,10.4991237
43.6888622,10.4972942
43.6896871,10.4961632
43.6899492,10.4958704
43.6882847,10.4969552
43.685766,10.4949337
43.6878937,10.4966641
43.6883186,10.4953775
43.6881597,10.4958641
43.6868448,10.4943811
43.6866432,10.494889
43.6661073,10.5431942
43.6661219,10.5420152
43.6679599,10.5470227
43.6664851,10.5445809
43.6694245,10.5456648
43.6672354,10.5446042
43.6668986,10.5445932
43.6691786,10.5426428
43.6689503,10.5433154
43.6672634,10.5410073
43.6668994,10.543116
43.6654459,10.5415721
43.6672198,10.5470095
43.6681781,10.5475635
43.6681754,10.5480564
43.6679578,10.5475613
43.667954,10.5446247
43.6694259,10.5475718
43.6109419,10.7060083
43.6188998,10.719963
43.6039972,10.7040335
43.4354702,10.7233321
43.4354592,10.7235571
43.4823235,10.8173094
43.4818072,10.830043
43.4815694,10.8303032
43.4816418,10.8398795
43.4845843,10.8405764
43.4674641,10.7742892
43.7025025,10.6227491
43.7018086,10.6199025
43.7102456,10.6204838
43.7109206,10.6199057
43.7104798,10.6197879
43.7104407,10.6201612
43.70034,10.623719
43.6949443,10.6252382
43.6937155,10.6256072
43.690392,10.6260435
43.6884176,10.6244979
43.6899611,10.6240414
43.6935373,10.6241052
43.6933848,10.6228127
43.6937519,10.6303806
43.7001385,10.622543
43.696988,10.6234169
43.6971566,10.6246149
43.6998677,10.6207051
43.7004982,10.6204488
43.7149816,10.4214819
43.7184087,10.4185456
43.6813095,10.4978722
43.5684895,10.4184063
43.5744538,10.4333675
43.5694069,10.4688825
43.5697107,10.4745172
43.5680281,10.4752908
43.5676637,10.4748671
43.588534,10.4737557
43.6295807,10.4957654
43.6292339,10.4934163
43.6240566,10.5000759
43.6093435,10.5184029
43.6079936,10.5337233
43.609584,10.5327741
43.6112939,10.5308669
43.6128722,10.5282961
43.633599,10.5298003
43.6382609,10.5301555
43.6567142,10.5534097
43.6517759,10.5543369
43.6399038,10.5414111
43.6754892,10.5137137
43.6581391,10.5056565
43.6799561,10.5173933
43.6813836,10.5181307
43.6758644,10.5173724
43.6761372,10.5175822
43.6767585,10.5163019
43.6667529,10.5205856
43.6753421,10.515575
43.6755919,10.5147602
43.6760299,10.5159404
43.6750062,10.5153934
43.6762149,10.5152786
43.6801875,10.4970819
43.6786076,10.5117152
43.6778326,10.5119567
43.6778777,10.5115436
43.6772678,10.5116668
43.6769783,10.5116118
43.6787344,10.5119197
43.678444,10.5118398
43.6780053,10.5117348
43.6772816,10.5115718
43.6769879,10.5115077
43.6766251,10.5114234
43.6777049,10.5117746
43.6779911,10.5118393
43.6784328,10.5119422
43.6787191,10.5120153
43.6794748,10.5121854
43.6747218,10.4765846
43.6791278,10.6105029
43.6791027,10.6109381
43.6860123,10.6075997
43.6844493,10.6069676
43.6861373,10.6083602
43.684851,10.6092332
43.6862461,10.6099583
43.686396,10.6124812
43.6857654,10.6143407
43.6847008,10.6138927
43.6841281,10.6135201
43.6848161,10.6124183
43.6851865,10.6131078
43.6855902,10.6129264
43.6848423,10.6217614
43.6852576,10.6215513
43.6850451,10.6234849
43.6856331,10.6233516
43.6866513,10.6231358
43.6839258,10.6203098
43.6836867,10.6198579
43.6833855,10.6192587
43.6837238,10.6233483
43.6852985,10.6190236
43.684534,10.6197501
43.6841707,10.6190244
43.6848105,10.6156966
43.6856819,10.6162284
43.6841206,10.6156177
43.6840063,10.615947
43.6835794,10.6131678
43.6850364,10.5972635
43.6849791,10.5981452
43.6852813,10.5982413
43.6842366,10.5968643
43.6843669,10.6078795
43.7626407,10.4404586
43.6895773,10.506379
43.6911634,10.4876842
43.6915665,10.4729135
43.6903698,10.4756864
43.6946887,10.4761661
43.6943404,10.4743676
43.6925435,10.4741178
43.6926979,10.4732344
43.6957451,10.4624626
43.6962117,10.4611041
43.6942832,10.4660084
43.6944897,10.4595966
43.6950561,10.4819509
43.6956511,10.4796343
43.6917664,10.48243
43.6922688,10.4798458
43.6910015,10.4809679
43.6907813,10.4787014
43.6725778,10.6135454
43.6716633,10.6129908
43.688518,10.5804311
43.6858684,10.5829967
43.6859774,10.5817675
43.6859974,10.5812005
43.6876865,10.5803577
43.6872429,10.580525
43.6871556,10.5826416
43.6873616,10.5826984
43.6872601,10.5834109
43.6859623,10.5823011
43.6871844,10.5819027
43.7110056,10.5001042
43.7106451,10.5038509
43.6775173,10.5421812
43.6768352,10.5409596
43.676673,10.5414814
43.6768283,10.539739
43.6839896,10.5615972
43.6857405,10.5436854
43.6860984,10.5450721
43.6868178,10.5456239
43.6882638,10.5449821
43.6870231,10.5440026
43.6853323,10.5492966
43.6850883,10.5502673
43.6849271,10.5508917
43.53831,10.4428498
43.5441216,10.4360333
43.5448963,10.4374775
43.5456068,10.4371094
43.5547005,10.4341363
43.5683437,10.4187647
43.5392687,10.4638738
43.5515915,10.5030432
43.5482502,10.4934943
43.5489487,10.4879561
43.6705807,10.6427556
43.6710161,10.6393019
43.6707641,10.6406328
43.6705853,10.6421911
43.6716025,10.6410856
43.6694576,10.6403274
43.6702051,10.6419518
43.6693942,10.6418989
43.6666404,10.6491341
43.6625398,10.6519366
43.6617353,10.647125
43.6900683,10.7853466
43.6899777,10.7852085
43.6898063,10.7851579
43.6801758,10.7942195
43.6812524,10.7943503
43.6901375,10.7862045
43.6898594,10.7858532
43.6819887,10.7984173
43.6895926,10.7855588
43.6783682,10.7931686
43.6911087,10.7895525
43.6900798,10.7856251
43.6884952,10.7922228
43.6900507,10.7857027
43.6888717,10.7907131
43.6806747,10.7993624
43.6888244,10.7910745
43.6801685,10.7978854
43.6889764,10.7900014
43.6851668,10.7936937
43.6816727,10.7996886
43.6811909,10.7995364
43.691174,10.7900677
43.6894015,10.7868243
43.6801119,10.7977107
43.6799602,10.7972498
43.6817943,10.7995838
43.6805627,10.7942751
43.6948849,10.7073344
43.6948349,10.7069601
43.6952612,10.7072311
43.6923728,10.7066546
43.6948848,10.70703
43.690702,10.704167
43.693364,10.7061932
43.6930966,10.7065073
43.6941325,10.7012354
43.6939729,10.7013085
43.6949655,10.6996398
43.694364,10.7007613
43.6996153,10.6907588
43.6969777,10.6961579
43.703555,10.6855171
43.7034058,10.6869939
43.6986326,10.6921663
43.6987838,10.6910874
43.7021753,10.6871124
43.7035222,10.6850909
43.7089019,10.6914545
43.7116124,10.6985416
43.709014,10.6917734
43.7426632,10.6928198
43.7491628,10.6984997
43.7565913,10.7029132
43.7547533,10.7022392
43.7520478,10.7009708
43.7302245,10.7299444
43.71792,10.7344288
43.6990935,10.7422662
43.7008027,10.7442104
43.6984647,10.7458103
43.6991685,10.7452977
43.7005681,10.7426875
43.6999715,10.7464874
43.6980112,10.744465
43.6999409,10.7431047
43.7006456,10.7430592
43.700659,10.743821
43.6978529,10.7462469
43.6973999,10.7449595
43.6980534,10.7446705
43.6974233,10.7465803
43.701137,10.7455261
43.7013236,10.7463567
43.6950459,10.7483139
43.6951099,10.7485109
43.6947703,10.7485272
43.6974127,10.7489596
43.697361,10.7486767
43.69746,10.7486183
43.6993798,10.74774
43.6977403,10.7485234
43.697164,10.7486887
43.6964746,10.751977
43.7006513,10.7500738
43.6889307,10.7442235
43.6873321,10.7396896
43.687225,10.7393498
43.6871138,10.7389696
43.6869425,10.7389167
43.686743,10.7391346
43.6847765,10.7353288
43.6866337,10.7387776
43.6848784,10.734717
43.6846945,10.7344378
43.684476,10.7345108
43.6843918,10.7347771
43.6847897,10.7350302
43.6840733,10.7342635
43.6790842,10.7247623
43.6803238,10.7275439
43.6761175,10.7340466
43.6767896,10.7329213
43.6750434,10.7428824
43.6759495,10.7408711
43.6755651,10.7405075
43.6744811,10.742218
43.6773338,10.6906165
43.676113,10.6844831
43.6754431,10.6818261
43.6754437,10.6733977
43.6761048,10.6909718
43.6753269,10.6848392
43.6744206,10.682312
43.6758922,10.6953594
43.6751964,10.6910126
43.6756745,10.6908997
43.6753289,10.692736
43.6712231,10.6737142
43.6672384,10.6763791
43.6787273,10.7239335
43.6787643,10.7241425
43.6785833,10.7244258
43.6780244,10.724135
43.6781144,10.7237485
43.6789028,10.7234073
43.6727585,10.7226851
43.6722072,10.7242608
43.6719534,10.7233735
43.6775864,10.7237684
43.6739117,10.7234435
43.6734405,10.7236096
43.6870152,10.6607463
43.6876382,10.6574651
43.6972747,10.6953906
43.6960249,10.6988255
43.7027713,10.6792847
43.7089652,10.6590592
43.7087959,10.6593583
43.7090374,10.6588448
43.710402,10.6215171
43.7140085,10.6221689
43.7139814,10.6233091
43.7147601,10.6266164
43.718702,10.6382811
43.7135637,10.6623737
43.7102408,10.6595911
43.724415,10.4937265
43.7041413,10.4310512
43.7054374,10.4313092
43.704839,10.4265274
43.7015747,10.4326118
43.7039702,10.4351831
43.7055375,10.4328571
43.7037548,10.435793
43.7037087,10.4359142
43.7033585,10.437253
43.7057881,10.4333026
43.7057879,10.4301634
43.7056222,10.4307178
43.7051017,10.4352564
43.7041362,10.4290003
43.7053439,10.4298517
43.7048442,10.4294998
43.7046453,10.4293606
43.7061561,10.4282318
43.7065021,10.4272873
43.7069674,10.4264141
43.7061437,10.4259345
43.7052939,10.4276378
43.7054437,10.427741
43.7055381,10.4270449
43.7068732,10.4287701
43.705103,10.4391683
43.7085937,10.4300664
43.7079829,10.4283831
43.7072454,10.4278343
43.7071412,10.428087
43.6883641,10.4862209
43.6870574,10.4857937
43.6884076,10.4854215
43.6896772,10.4860448
43.6900603,10.486191
43.69055,10.4863911
43.6889606,10.4837127
43.6890824,10.4831949
43.6887279,10.4846472
43.6883315,10.484502
43.6912383,10.4877223
43.6909612,10.4888382
43.6909635,10.4875916
43.6906899,10.4887154
43.6787117,10.4730442
43.6750848,10.4738185
43.6751428,10.4741114
43.6747971,10.4765276
43.6756703,10.467798
43.6769311,10.4776694
43.6774149,10.4765097
43.6762065,10.4775438
43.6763341,10.4772137
43.6771644,10.4778362
43.6789073,10.4783083
43.678584,10.4791562
43.6775225,10.4524672
43.6783944,10.4485821
43.6791287,10.4453449
43.6605499,10.4387963
43.6879221,10.4564817
43.6868694,10.4556152
43.6863967,10.4552418
43.6999002,10.5802291
43.6987647,10.5755607
43.7000182,10.5805747
43.6372593,10.6004312
43.6229687,10.6280254
43.6224679,10.6285547
43.6222775,10.6283658
43.6224216,10.628601
43.6212453,10.6300657
43.6199823,10.6270689
43.621973,10.6289726
43.621861,10.6290746
43.6206611,10.6336826
43.6208768,10.6308358
43.6319282,10.6048984
43.6318767,10.6052062
43.6319889,10.6054008
43.6323127,10.6052634
43.6235268,10.6270962
43.6232108,10.6266253
43.4990302,10.7209943
43.57713,10.8091549
43.6768968,10.5486145
43.6770484,10.5471895
43.6775977,10.54877
43.6779437,10.5453859
43.6776884,10.5543644
43.6792888,10.5505059
43.6808587,10.5506488
43.6779991,10.5503323
43.6808399,10.5514499
43.6792253,10.5517608
43.6803872,10.5528379
43.6792268,10.5527042
43.6792095,10.5531227
43.6804345,10.555483
43.6797712,10.5553637
43.6776982,10.55608
43.6798286,10.5553765
43.6758372,10.5558473
43.6775159,10.555677
43.6762722,10.5439779
43.6759706,10.5451503
43.6762261,10.5440606
43.6769382,10.5443895
43.6754136,10.5442579
43.6765858,10.5462854
43.6771341,10.5300261
43.6763307,10.5294194
43.6758336,10.5294613
43.6740664,10.5285405
43.6738548,10.530874
43.6757876,10.5373981
43.6706216,10.5222235
43.6816575,10.5167986
43.6807387,10.5177585
43.681005,10.5179536
43.6822015,10.5171018
43.6877291,10.5180988
43.6894384,10.4858853
43.6892296,10.4866882
43.6766066,10.4391647
43.6689841,10.4344552
43.6678751,10.4382223
43.6707913,10.4416529
43.6712103,10.4402954
43.6713187,10.439971
43.6724138,10.4365586
43.6739717,10.4361269
43.6735835,10.4372833
43.6857662,10.4577691
43.6855983,10.4684779
43.6882446,10.4585557
43.687413,10.4580335
43.6865734,10.4576475
43.6860524,10.4577223
43.6871836,10.4695165
43.6879778,10.4697299
43.6864131,10.4742156
43.6913676,10.4638298
43.6908555,10.4664866
43.6431241,10.592012
43.6321598,10.5852418
43.6313235,10.5848782
43.6304252,10.5844275
43.6244239,10.5797545
43.6242033,10.5792552
43.6237848,10.5788824
43.6236161,10.5792067
43.6236547,10.5794569
43.6239301,10.5796571
43.6240375,10.5796173
43.689974,10.5306088
43.6830121,10.5832055
43.6785179,10.5860588
43.6762379,10.5858286
43.6780346,10.5868939
43.6772198,10.5880102
43.6764286,10.5862527
43.6728875,10.5796094
43.672636,10.5800667
43.6723266,10.5806709
43.6736917,10.5808179
43.6735285,10.581467
43.674116,10.5791247
43.6742782,10.5812419
43.6717824,10.5802937
43.672677,10.5787792
43.6745984,10.575472
43.6721605,10.5586426
43.6709976,10.5414842
43.6556752,10.5799481
43.653983,10.5866745
43.6586172,10.5782619
43.6631685,10.5784402
43.7268768,10.4703329
43.7240035,10.4680466
43.7237581,10.4677623
43.7232716,10.4674128
43.7249683,10.4658955
43.7240531,10.4671092
43.7293137,10.4656286
43.725511,10.4728001
43.7241336,10.4700631
43.7232232,10.4694313
43.7239829,10.4688118
43.7236473,10.4697256
43.7278882,10.4225238
43.7270768,10.4218647
43.7288385,10.4224572
43.7299596,10.4233402
43.7273471,10.4212152
43.727277,10.4213839
43.7265327,10.4224149
43.7256555,10.4216657
43.7262456,10.4195702
43.7261079,10.4192333
43.5850822,10.5616795
43.6034248,10.5691
43.6015032,10.5681861
43.6046245,10.569591
43.605654,10.5699876
43.623418,10.5787796
43.584491,10.5670961
43.6067287,10.5706547
43.5887408,10.5603744
43.6142622,10.4387842
43.6580427,10.6334864
43.6561397,10.6319613
43.6559944,10.6326763
43.6540586,10.6356171
43.6558249,10.6335141
43.6578977,10.6343132
43.6556393,10.6343789
43.6643221,10.6379401
43.6643449,10.6364391
43.6643557,10.6358631
43.6647816,10.6358467
43.6651628,10.6358553
43.6647698,10.6364575
43.6647651,10.6369029
43.665158,10.6369069
43.665596,10.6369003
43.665685,10.6368936
43.6643388,10.636901
43.6657477,10.6379825
43.6651455,10.6379663
43.6647593,10.6379586
43.6651457,10.6397439
43.6658368,10.6386422
43.6651405,10.6388255
43.6642983,10.6388343
43.6943788,10.584031
43.6933435,10.5843914
43.6900707,10.5840563
43.6896524,10.5840547
43.696266,10.5851879
43.6903823,10.6189473
43.691329,10.6198446
43.6941042,10.6225501
43.6040536,10.5776172
43.6084307,10.6071535
43.6048733,10.592697
43.6050919,10.5895087
43.6045205,10.5803025
43.6025434,10.5646465
43.6066043,10.5408962
43.6030483,10.5792552
43.5998419,10.5660033
43.6000053,10.566748
43.6033805,10.580945
43.6072336,10.5681023
43.6054478,10.567466
43.6069955,10.5693658
43.607917,10.5696762
43.6050542,10.5697557
43.6047346,10.5706161
43.6042799,10.5694527
43.6357669,10.6000455
43.6382958,10.5961862
43.6410449,10.5906968
43.6316593,10.603731
43.6261775,10.6221608
43.6266403,10.6208814
43.6270823,10.619662
43.627802,10.6177402
43.6278222,10.6247543
43.6282666,10.6235327
43.6291521,10.6210983
43.629867,10.6191735
43.6306553,10.6221358
43.6304337,10.6234823
43.625785,10.620295
43.6303121,10.6251836
43.6262046,10.6220916
43.6128945,10.6326867
43.615248,10.6256653
43.6407298,10.6281107
43.626207,10.6295489
43.626413,10.6319167
43.625936,10.634394
43.6262438,10.6329389
43.6240854,10.6327294
43.6224713,10.6325403
43.6242877,10.6316669
43.6048959,10.5376372
43.6041264,10.5389424
43.6029516,10.540799
43.6014784,10.543304
43.6066064,10.5407782
43.6055797,10.5406581
43.6036625,10.5382424
43.603879,10.5372675
43.6047006,10.5350329
43.602677,10.5391099
43.6034993,10.5395097
43.6055544,10.5411021
43.6051881,10.5413179
43.6056928,10.5346205
43.6057137,10.5353138
43.6069571,10.5324785
43.6074154,10.5340511
43.6077113,10.5365153
43.6067605,10.5365825
43.6066139,10.5403435
43.6066186,10.5398776
43.6229265,10.5833719
43.622417,10.5827757
43.6236367,10.5800266
43.6253605,10.5793775
43.6268881,10.5809299
43.6249105,10.5802069
43.6309252,10.5850618
43.6284888,10.5834812
43.6283309,10.5843165
43.6281926,10.5833066
43.7087817,10.6162057
43.7124642,10.6182406
43.715395,10.6178621
43.671996,10.5843469
43.6713058,10.5841768
43.6707767,10.5840543
43.7148714,10.4137973
43.7153222,10.4175945
43.7147767,10.4154706
43.7153984,10.4160669
43.713514,10.4154963
43.6702306,10.5919787
43.6707611,10.5889006
43.6708305,10.5883356
43.6710711,10.5862506
43.671143,10.5855914
43.6721532,10.5830473
43.6635005,10.5957828
43.6638341,10.6047388
43.7096274,10.477851
43.7111921,10.4787922
43.7086615,10.4780844
43.7076863,10.4775628
43.7116513,10.4772914
43.7099886,10.4833954
43.7110319,10.4860663
43.7092546,10.5056067
43.6882657,10.5813307
43.6900769,10.5836275
43.6837952,10.6247297
43.6835784,10.6253048
43.6833184,10.6249073
43.6834971,10.6245955
43.6838372,10.624859
43.683796,10.6239462
43.6804454,10.6233022
43.6818661,10.619078
43.6820941,10.6184243
43.6829207,10.6259594
43.681976,10.6214125
43.6830763,10.6198933
43.6807541,10.6183217
43.6842033,10.6094353
43.642452,10.6320111
43.6427424,10.6320124
43.6417489,10.6280096
43.6412743,10.6290889
43.6427179,10.6280025
43.6427857,10.6283157
43.6429166,10.6284185
43.6431977,10.6228043
43.6432196,10.6243646
43.6460349,10.628916
43.6342622,10.6313999
43.6343635,10.6308204
43.6345675,10.6287172
43.6326088,10.630786
43.6327466,10.6302018
43.6329013,10.6294086
43.6344343,10.6298834
43.7044948,10.7452486
43.7052328,10.7447864
43.7006288,10.5994349
43.7008553,10.5999693
43.7033471,10.6044604
43.7023151,10.603431
43.7034691,10.6044378
43.6325533,10.5298813
43.6305165,10.5063014
43.6325412,10.5295852
43.6027894,10.4537566
43.6709228,10.5828731
43.6708755,10.5879848
43.6704891,10.5827747
43.6712215,10.5829401
43.6725086,10.5873447
43.6709939,10.5869693
43.6726212,10.5859583
43.6712225,10.5849119
43.6721974,10.5892583
43.6707225,10.5892032
43.6714625,10.5932696
43.6712123,10.5928968
43.6708514,10.5923724
43.6656176,10.5904894
43.6666919,10.5907896
43.6682757,10.5899091
43.6663394,10.5867783
43.6666076,10.5854044
43.666815,10.5843669
43.6672047,10.5821065
43.6675159,10.5806883
43.6663881,10.5914902
43.6713348,10.5930761
43.6657975,10.5821062
43.6658108,10.5847993
43.6659358,10.5856433
43.6645271,10.5852526
43.6650474,10.5850627
43.6652266,10.5858994
43.6656478,10.5903477
43.6691609,10.5836763
43.6698126,10.5815266
43.6687112,10.583638
43.6689287,10.5870727
43.6718176,10.5753923
43.671179,10.5758679
43.670929,10.5760347
43.6705881,10.5759146
43.6717559,10.576815
43.6716091,10.5777099
43.6716025,10.5786331
43.6727547,10.5653588
43.6741791,10.5655466
43.6772944,10.5633513
43.6754105,10.5602166
43.6138072,10.6102862
43.6187992,10.5978385
43.6193613,10.5989153
43.6220492,10.5834367
43.7257434,10.6189784
43.7257278,10.6182447
43.7257482,10.6171067
43.6790713,10.6383023
43.6972044,10.6843074
43.6982016,10.6866379
43.6985765,10.6869045
43.6993698,10.6863135
43.69957,10.6874323
43.7237517,10.7337826
43.720444,10.7340258
43.7195156,10.7436026
43.7207085,10.7423473
43.7135802,10.7552427
43.7172969,10.7523328
43.7091018,10.7795668
43.7081433,10.7772645
43.7086893,10.7768525
43.7092018,10.7780713
43.7094415,10.7778757
43.7100479,10.7839297
43.7572036,10.429808
43.7218151,10.774734
43.7217967,10.7747522
43.7208886,10.775462
43.7204735,10.7757356
43.7164292,10.7791373
43.7180796,10.7825022
43.7132065,10.7869029
43.7068838,10.7818217
43.7073202,10.7845279
43.7218739,10.7756922
43.7209009,10.7747282
43.7194044,10.7728486
43.7193088,10.7731865
43.7196533,10.7728576
43.7233868,10.777873
43.7225067,10.7809168
43.7225347,10.7813414
43.7223162,10.7813545
43.7222846,10.7809664
43.7217733,10.7816125
43.7222415,10.7810707
43.7227576,10.7814625
43.7223661,10.780443
43.7218934,10.7790853
43.7241271,10.7845577
43.7243463,10.784824
43.7241542,10.7849082
43.7240773,10.7847918
43.7243153,10.7845668
43.7243489,10.7852474
43.7178163,10.7933003
43.77453,10.6416967
43.7795136,10.6575574
43.7796225,10.6581229
43.7791041,10.6614954
43.7785746,10.6643305
43.777943,10.6701757
43.7781736,10.6731238
43.7782035,10.6737107
43.7834195,10.6802991
43.7921247,10.6881619
43.7993892,10.694256
43.7208814,10.4210399
43.7199574,10.4172559
43.7198748,10.4172752
43.7201998,10.4196607
43.7195357,10.419765
43.7194997,10.4192532
43.7209058,10.4194338
43.7205669,10.4174878
43.7217151,10.4180867
43.721252,10.4178512
43.7206861,10.4151882
43.7208096,10.4157218
43.721011,10.4167511
43.7201522,10.4157492
43.719876,10.4152228
43.7193489,10.417365
43.719466,10.4187538
43.7229146,10.4229044
43.723524,10.4221833
43.7238474,10.4216741
43.7241156,10.4210226
43.7250561,10.4239096
43.7245905,10.4235307
43.7242791,10.4259691
43.7248627,10.4215776
43.724541,10.4223361
43.7241623,10.422953
43.7236124,10.4237395
43.7250026,10.422725
43.7226056,10.4214524
43.7227641,10.4212718
43.723158,10.4217657
43.7240446,10.4211934
43.7221666,10.4219455
43.7225007,10.4229697
43.7218691,10.4237029
43.6883132,10.6571685
43.69932,10.6882041
43.6987014,10.6926026
43.6859129,10.6629671
43.6861495,10.6638584
43.6870561,10.6642655
43.6869103,10.6624825
43.5908893,10.5932708
43.6042574,10.5950128
43.5981417,10.5917009
43.6045712,10.5945754
43.5992962,10.5849741
43.5716419,10.5936039
43.6044552,10.5949312
43.5747388,10.5901094
43.5913523,10.5931093
43.571507,10.5936273
43.5989821,10.5879028
43.7018443,10.5965607
43.7763885,10.4175698
43.7109309,10.8745391
43.7251616,10.4616406
43.7261858,10.462484
43.7259723,10.4575254
43.725359,10.4610693
43.7279409,10.4555694
43.7293803,10.4449124
43.7274284,10.4484657
43.7262821,10.447505
43.727617,10.4438537
43.74898,10.4690743
43.7495739,10.4658909
43.7514921,10.464506
43.7539137,10.4622536
43.6650639,10.6205048
43.6650305,10.6207806
43.6649362,10.6215221
43.6648742,10.6207475
43.6646837,10.6222121
43.6654849,10.62166
43.66536,10.6198976
43.6666891,10.6239981
43.665283,10.620554
43.6638412,10.6231568
43.6644681,10.6232988
43.6648122,10.6233751
43.665252,10.6234698
43.6646584,10.6211085
43.664524,10.6221747
43.6639769,10.6220475
43.6648209,10.6211457
43.7624516,10.4378724
43.7632107,10.4395767
43.7610624,10.4385002
43.7612639,10.4383162
43.7616171,10.4390048
43.7613835,10.4411235
43.7119935,10.4264935
43.7100394,10.4262792
43.7108306,10.4268252
43.7106795,10.4174653
43.7092214,10.4166648
43.7082,10.4158954
43.7095515,10.417646
43.7096503,10.4182964
43.7083059,10.4404158
43.7104295,10.4417723
43.7086282,10.4395648
43.7055654,10.438176
43.7060694,10.4401479
43.7050077,10.4357981
43.7481261,10.4623578
43.7540542,10.4606816
43.7576311,10.4611249
43.7572089,10.4621285
43.7561228,10.4641194
43.7498614,10.4679952
43.7545964,10.4630965
43.7615005,10.4563947
43.7606954,10.4582902
43.7582034,10.461225
43.7565649,10.4599957
43.756721,10.4616401
43.7569494,10.4618656
43.7732742,10.4246201
43.7734912,10.4245323
43.7739797,10.425113
43.7953831,10.421299
43.7207432,10.4465797
43.7226116,10.4454299
43.7230299,10.4443292
43.7233538,10.4434955
43.721673,10.4432948
43.7231249,10.4433246
43.7230969,10.4408537
43.72356,10.442512
43.7247422,10.4402328
43.7257305,10.4412522
43.7241261,10.4440787
43.7548458,10.4239779
43.7535974,10.4297245
43.6942192,10.6447548
43.6903794,10.42543
43.6880865,10.4262427
43.6962688,10.4234838
43.6990463,10.4204473
43.700486,10.4137907
43.6971287,10.4186648
43.6963719,10.4179746
43.6964675,10.4173239
43.6945452,10.4162922
43.6994626,10.4141558
43.6976765,10.4145635
43.6988379,10.4143705
43.699465,10.4145536
43.7075349,10.4144118
43.7070111,10.4156711
43.7080734,10.4163153
43.4818655,10.4408593
43.4808829,10.4449641
43.4850311,10.4659467
43.4848226,10.4664215
43.6560695,10.8002479
43.6474663,10.8102817
43.6443185,10.8167948
43.7731263,10.4256453
43.7729579,10.4257153
43.7725435,10.4262995
43.7262118,10.4463296
43.7006015,10.4359666
43.7005949,10.4363173
43.7736861,10.4212205
43.7738416,10.4235167
43.7736263,10.4232662
43.7723669,10.4249082
43.7724366,10.4249402
43.5776683,10.7559961
43.574879,10.7874144
43.5715979,10.7937221
43.5717839,10.7972943
43.5698957,10.8018395
43.5695221,10.8019341
43.5698288,10.8025826
43.5686464,10.8251625
43.5656676,10.8006314
43.5638448,10.8186516
43.5896453,10.4745012
43.5909067,10.475006
43.59015,10.4747059
43.5911153,10.4758852
43.5890135,10.4642037
43.594592,10.4582939
43.5941516,10.4583692
43.5941537,10.4622354
43.6103208,10.4739006
43.6104052,10.4731337
43.6044154,10.4914921
43.6037003,10.4913894
43.6044147,10.4917916
43.6078819,10.4968489
43.7107115,10.7562608
43.7095134,10.7572494
43.7088714,10.7556246
43.7109383,10.7556216
43.7076817,10.7533167
43.7160163,10.7498285
43.7159223,10.7499644
43.7156901,10.7496556
43.7158405,10.7495015
43.7159414,10.749534
43.7172895,10.7516662
43.7173899,10.7520118
43.7170352,10.7486761
43.7103409,10.7541546
43.7112472,10.7535259
43.7091644,10.7521698
43.7111167,10.7562402
43.7112338,10.7564994
43.6543111,10.8356112
43.6853556,10.551353
43.6829304,10.5613862
43.684011,10.5591655
43.6808889,10.5710002
43.6831344,10.5705935
43.6824994,10.5669502
43.6817571,10.5679235
43.6821302,10.5678634
43.6827621,10.5693617
43.6843375,10.5698584
43.675597,10.5576748
43.6755,10.5488906
43.6755859,10.5481248
43.6645406,10.5415415
43.6647033,10.5417853
43.6644984,10.5419342
43.6646024,10.5419412
43.6644125,10.5416948
43.6838373,10.4733627
43.6859908,10.4750527
43.6859236,10.4750011
43.6846452,10.4768204
43.683959,10.4786723
43.6729361,10.4760225
43.6936759,10.4461542
43.6946938,10.4465358
43.6960518,10.4465371
43.6953318,10.4459698
43.6951652,10.446775
43.6965279,10.4473225
43.7219885,10.4139232
43.7217094,10.4148961
43.7209429,10.4137577
43.6862425,10.7585617
43.6722208,10.7619342
43.6712505,10.7572131
43.6710987,10.7580172
43.6635809,10.764648
43.6744999,10.7823241
43.6573587,10.7829665
43.6710063,10.7601578
43.6838585,10.7811282
43.6788753,10.7823716
43.6726482,10.7827106
43.6897957,10.7848849
43.6906239,10.7611174
43.690573,10.7549851
43.6882021,10.7670638
43.6886455,10.7669642
43.69013,10.7665843
43.6899747,10.7655799
43.6898416,10.7652264
43.6896678,10.7635452
43.6893469,10.7616954
43.6879813,10.7621124
43.6868507,10.7622922
43.6873452,10.7694001
43.6866589,10.7688953
43.6861227,10.766142
43.6864303,10.7659779
43.6873497,10.7664569
43.6879214,10.7671233
43.6765855,10.737167
43.6771633,10.7373311
43.6776513,10.7362686
43.6792543,10.735021
43.6813627,10.7298224
43.6877494,10.766234
43.67246,10.7261523
43.672617,10.726857
43.6731174,10.7281301
43.6734786,10.7283696
43.6563279,10.7521237
43.653117,10.7472879
43.6518796,10.741723
43.6551085,10.7403098
43.6568136,10.7399928
43.6624766,10.738508
43.6644332,10.7390804
43.6671803,10.7312767
43.6975746,10.8290825
43.6957569,10.8295255
43.697233,10.8250868
43.6922611,10.8319273
43.6922584,10.8311844
43.6920798,10.8313272
43.6920398,10.8316831
43.6919335,10.8320582
43.6503059,10.6825184
43.6615162,10.6475185
43.6522182,10.685427
43.6568709,10.6410737
43.6340466,10.6956099
43.6407813,10.6884942
43.64141,10.6891166
43.6560664,10.644062
43.6554999,10.6474567
43.6547574,10.6538545
43.6550073,10.6552076
43.6233356,10.6009239
43.6050826,10.589636
43.6072592,10.590374
43.6169741,10.5980537
43.6049634,10.5914133
43.6042418,10.5912573
43.6044103,10.5890578
43.6073264,10.5967406
43.6071773,10.5970371
43.6077665,10.5905677
43.6076693,10.5882687
43.6187257,10.6289293
43.6668748,10.6109288
43.6676724,10.6045503
43.6657727,10.6192417
43.6638646,10.62522
43.6641666,10.6257302
43.6642258,10.6253066
43.6641883,10.625575
43.6642566,10.6284732
43.6643864,10.6270565
43.6647926,10.6271354
43.664967,10.625764
43.6528467,10.9235469
43.6494105,10.9124046
43.7076385,10.4207006
43.7078487,10.4207605
43.7088963,10.420826
43.7089137,10.4218178
43.7077033,10.4325326
43.7129916,10.4178488
43.7120714,10.4175927
43.7115042,10.4175992
43.711957,10.4207602
43.7150481,10.4205411
43.712659,10.4193717
43.7113401,10.4166516
43.7114507,10.4173455
43.761318,10.441514
43.7621691,10.4431797
43.7497384,10.4642309
43.750429,10.4637976
43.750994,10.4650309
43.7502499,10.4647997
43.7521706,10.4650692
43.7233091,10.4966827
43.7227151,10.4946914
43.7235315,10.4939819
43.7220384,10.4955591
43.7237232,10.4932258
43.722084,10.5016715
43.7202712,10.535713
43.7120496,10.6192912
43.7122793,10.6217855
43.7305884,10.6242342
43.7320089,10.6255573
43.7331528,10.6215527
43.7331399,10.619711
43.7284797,10.6272574
43.7329799,10.624328
43.7318734,10.6243123
43.7290383,10.6244374
43.6797645,10.8499952
43.6805089,10.8584259
43.6920914,10.8632763
43.6902068,10.862244
43.6900447,10.8602125
43.6851759,10.8575481
43.6811349,10.8547934
43.6725913,10.8890407
43.6727494,10.8900434
43.6869075,10.8928111
43.689206,10.890042
43.7607671,10.4378731
43.7621432,10.4352499
43.7615167,10.4363434
43.7613893,10.434328
43.7606972,10.4355872
43.7596258,10.4346002
43.7581604,10.4377556
43.7601693,10.4350992
43.7588996,10.4361556
43.616814,10.8740127
43.6968987,10.4534331
43.6964846,10.4515905
43.6960751,10.4506388
43.6945924,10.4482674
43.6958515,10.449166
43.6949739,10.4476515
43.6942595,10.4510583
43.694748,10.4514604
43.6955755,10.4522047
43.6954931,10.4523497
43.6940504,10.4411885
43.6939539,10.4422541
43.6938876,10.4430668
43.6932082,10.441818
43.6938205,10.4431395
43.6987923,10.4547089
43.7043753,10.4590408
43.7024676,10.4575368
43.7102221,10.4504902
43.7083598,10.455313
43.7048203,10.4577783
43.7052068,10.4567966
43.7063949,10.4542983
43.7060258,10.4580307
43.7053914,10.4581824
43.6996282,10.463301
43.7007727,10.4496994
43.6973952,10.4581049
43.696899,10.4592324
43.7004617,10.4486811
43.7010868,10.4490105
43.6937984,10.4608682
43.6858676,10.4942753
43.683552,10.4926202
43.6754031,10.5499264
43.6775615,10.5497145
43.675753,10.5494648
43.4603918,10.8310946
43.6942304,10.4350128
43.7271845,10.6151097
43.7259641,10.615144
43.7248902,10.6143824
43.7250263,10.6127411
43.7190892,10.6012488
43.717477,10.6031602
43.6953891,10.839105
43.6952463,10.8391345
43.6954175,10.8389395
43.6925424,10.8565889
43.6932031,10.85591
43.6946281,10.8536111
43.6955222,10.8482957
43.6955752,10.8414159
43.6977493,10.8384889
43.6968112,10.8370406
43.693776,10.8349152
43.6940082,10.8280429
43.692329,10.8277632
43.6911081,10.8275564
43.6919681,10.8305959
43.6941196,10.8282503
43.6929394,10.8298717
43.692216,10.8261312
43.698314,10.8289028
43.6980158,10.8285984
43.6983525,10.8342302
43.6983711,10.8346394
43.6983354,10.8350625
43.6925799,10.8370866
43.6957292,10.8350219
43.6911338,10.8278648
43.6895433,10.8281144
43.6972961,10.8364426
43.6989791,10.8269288
43.6992059,10.8301988
43.699765,10.8300579
43.6974586,10.8305528
43.6992204,10.8207825
43.6985552,10.8227705
43.6991074,10.8283502
43.6979838,10.8267656
43.6981403,10.8253209
43.7021163,10.8232804
43.7070374,10.813335
43.6937016,10.8427305
43.6951063,10.843261
43.6948881,10.841499
43.6933614,10.8426954
43.6950583,10.8427847
43.6941874,10.8430132
43.6940549,10.8451626
43.6940578,10.8442579
43.6961384,10.8452804
43.6932337,10.8451207
43.69481,10.8432681
43.693292,10.8441073
43.6930382,10.8484889
43.6951059,10.8476432
43.6930818,10.8477572
43.6949966,10.8460318
43.694945,10.8463649
43.6932008,10.8458035
43.6928656,10.851344
43.6929132,10.8505692
43.694211,10.8503802
43.6927047,10.8539463
43.6830367,10.8551523
43.690008,10.8515756
43.6919568,10.8515845
43.6925761,10.8441617
43.6918943,10.8498631
43.6916003,10.849987
43.6919713,10.8400576
43.6915151,10.8392857
43.6912706,10.8380718
43.691678,10.8378958
43.6923514,10.8376052
43.6920377,10.8365508
43.6920461,10.8409481
43.6903262,10.8412235
43.692122,10.8417322
43.6940909,10.8361313
43.6907562,10.8411477
43.6730119,10.8464571
43.6734577,10.8518286
43.6877679,10.8219272
43.6790789,10.8381559
43.6890391,10.8074024
43.6881522,10.8067908
43.6889591,10.8104103
43.6895489,10.8059154
43.688666,10.8071158
43.6881327,10.8076244
43.6880877,10.810064
43.6839823,10.8098489
43.6854639,10.8153885
43.6834494,10.8080239
43.683434,10.8077479
43.6820864,10.8058735
43.683178,10.8053178
43.6795145,10.8168453
43.6803384,10.8152557
43.6820441,10.8146488
43.682099,10.8153787
43.683305,10.8150517
43.679904,10.8154749
43.6712815,10.8378159
43.66169,10.8672083
43.666706,10.8384325
43.6729486,10.8797795
43.6739242,10.8793572
43.6915736,10.8758867
43.6918104,10.8679231
43.6841025,10.864742
43.6888615,10.8687194
43.6916615,10.8678674
43.6924162,10.8586386
43.7148936,10.8768368
43.7143752,10.8765899
43.697243,10.8663993
43.692965,10.8638078
43.7142398,10.8771316
43.7119372,10.8774217
43.7122855,10.8753427
43.7121248,10.8758472
43.6721965,10.8895969
43.6621403,10.9080678
43.5144854,10.789969
43.5110096,10.7715581
43.5216921,10.7380911
43.5245878,10.6767443
43.523809,10.6762527
43.5233995,10.6761368
43.5223319,10.6762002
43.5209591,10.670171
43.7103232,10.736788
43.6453221,10.6447077
43.7013207,10.766445
43.6975935,10.4937667
43.6975751,10.4938962
43.6975244,10.4939079
43.6974755,10.4938754
43.6974784,10.4937543
43.6975523,10.49372
43.6944754,10.8358553
43.6951578,10.8386002
43.6906669,10.8889631
43.691372,10.8922314
43.6909894,10.8906835
43.6916918,10.8921766
43.6904065,10.8923817
43.6895726,10.8917089
43.6870573,10.8932503
43.6902644,10.8940872
43.6875913,10.895431
43.6890743,10.8959906
43.6873222,10.8951946
43.6896648,10.8921237
43.689495,10.8934226
43.6885158,10.8934221
43.6898278,10.8946931
43.6889184,10.8947593
43.6915658,10.882286
43.6895409,10.8807825
43.690302,10.8820595
43.6810407,10.7929611
43.6554606,10.490405
43.654582,10.490706
43.6953585,10.8293183
43.6951979,10.8290068
43.723736,10.7731053
43.726493,10.7710375
43.7280316,10.7695174
43.7296492,10.7678811
43.7311625,10.7654366
43.777923,10.6617145
43.7789963,10.6620451
43.7793772,10.6599406
43.8032509,10.6746223
43.7944401,10.6698564
43.7910391,10.6684673
43.7823154,10.6603292
43.7800321,10.660141
43.8007887,10.6765969
43.8014854,10.6742585
43.7807674,10.6974458
43.6653661,10.6619877
43.665668,10.6602787
43.6648754,10.6648093
43.6638493,10.6649946
43.6636211,10.6639245
43.6631794,10.6625813
43.6640176,10.6640757
43.6630942,10.6630814
43.6546922,10.6127418
43.6540588,10.5991539
43.6537989,10.5994798
43.6537714,10.5991547
43.6539335,10.5990534
43.6540948,10.5988863
43.654686,10.5973601
43.6529643,10.6017474
43.6528806,10.6025686
43.6527432,10.6021033
43.6528689,10.6021967
43.6524257,10.6028903
43.6526357,10.6026655
43.6511394,10.6061441
43.6527026,10.6167573
43.6455094,10.5969041
43.6482843,10.5923948
43.6467888,10.5937458
43.6447648,10.5961802
43.6444189,10.593208
43.644889,10.5922851
43.6468039,10.59111
43.6476918,10.5919684
43.6457528,10.5931891
43.6975723,10.82376
43.6966873,10.8295701
43.6979022,10.8287203
43.6979464,10.8289792
43.6951791,10.8294441
43.6920999,10.8309663
43.6925383,10.8322044
43.6953225,10.8297049
43.6960617,10.7929079
43.6533774,10.6596302
43.6728117,10.726192
43.6686543,10.7279482
43.6732664,10.7277838
43.6712638,10.7327266
43.6714608,10.7313683
43.6718648,10.7266293
43.6678689,10.7285136
43.6612024,10.7502353
43.6635184,10.7529445
43.6609304,10.7635997
43.6720725,10.7597689
43.6724689,10.7629809
43.6881206,10.8205454
43.6906029,10.8219571
43.6908944,10.8244518
43.6951866,10.8390227
43.6953122,10.8388248
43.6952832,10.8391524
43.6971846,10.8376269
43.6963198,10.8387025
43.6959388,10.8381399
43.5224855,10.4131669
43.5793279,10.4449453
43.5782354,10.4437951
43.5778807,10.4436417
43.7535375,10.7032782
43.752935,10.7031699
43.7515084,10.7029347
43.7259956,10.5880728
43.7270116,10.5864392
43.727193,10.5862539
43.7276679,10.5857221
43.7281796,10.5838466
43.6817356,10.7933143
43.6833405,10.7982716
43.6832842,10.7987447
43.6844331,10.799124
43.6850417,10.7991475
43.6851728,10.7965737
43.6876984,10.8003706
43.6806826,10.427227
43.6799857,10.4280564
43.6796443,10.4281861
43.6796533,10.4278644
43.6797236,10.4277927
43.6799764,10.427949
43.6771865,10.4293596
43.6768848,10.4277922
43.6838479,10.4248068
43.6950217,10.427625
43.692748,10.4276965
43.6897152,10.4279024
43.6958428,10.4280942
43.6954154,10.4237874
43.6956821,10.4219529
43.6956088,10.4237269
43.6953124,10.43026
43.6943905,10.4296434
43.6925078,10.4347274
43.6918361,10.4249354
43.6929379,10.4246116
43.6914643,10.4250917
43.6913102,10.4281269
43.6902025,10.4283633
43.690521,10.425409
43.6908601,10.428247
43.6986068,10.4302561
43.6968099,10.4299535
43.6976367,10.4300248
43.6976022,10.4308486
43.6233032,10.6269177
43.6072635,10.6320148
43.6072593,10.6316861
43.5682812,10.7055904
43.592235,10.7187912
43.7120043,10.8620765
43.7106534,10.8544424
43.7100549,10.8528715
43.7121814,10.8661183
43.7078773,10.8653558
43.7115507,10.8344248
43.6958123,10.8431769
43.5783812,10.4475719
43.5747687,10.4515988
43.5752569,10.4453057
43.5750611,10.4446268
43.5751878,10.4438661
43.6977878,10.4939213
43.7000891,10.4958702
43.7001041,10.49818
43.6800413,10.5207007
43.678488,10.5282681
43.6795189,10.528525
43.6798014,10.5104578
43.6803306,10.5159204
43.6789521,10.5150586
43.6845602,10.5026994
43.6834377,10.5021632
43.6777008,10.5282714
43.6799041,10.5173625
43.6780239,10.502035
43.6783828,10.5022794
43.6713982,10.5040049
43.6785117,10.5131197
43.6777324,10.5128815
43.6770828,10.5117833
43.6771386,10.5113751
43.6707563,10.5750488
43.5748092,10.8145117
43.5747786,10.8138831
43.5744024,10.8145491
43.682107,10.7968239
43.6851066,10.7977466
43.6983188,10.8304689
43.6981276,10.830431
43.6981758,10.8305522
43.6666033,10.6497584
43.6635409,10.6489677
43.6332913,10.6129021
43.6315605,10.6107633
43.6310223,10.6119881
43.6300418,10.6142141
43.6309125,10.6148784
43.6304072,10.6144947
43.6290797,10.6134854
43.6316493,10.607883
43.6321733,10.6083691
43.631671,10.6095028
43.6320642,10.6097588
43.6323705,10.6099578
43.6327216,10.6101986
43.6322672,10.6111961
43.6306095,10.6101867
43.6725017,10.5685986
43.698008,10.8384158
43.6997395,10.837837
43.7021292,10.8370728
43.70956,10.8399459
43.6283684,10.6262779
43.6283046,10.6275852
43.6282472,10.6293372
43.6257391,10.6295927
43.6256459,10.6276358
43.6260861,10.6276324
43.6272193,10.6294421
43.6272787,10.6305945
43.6278576,10.6305355
43.6113613,10.6165659
43.6118407,10.6151001
43.6138736,10.6147297
43.6131724,10.6160413
43.6124299,10.6135588
43.6103694,10.6091203
43.6115036,10.6216238
43.6127734,10.6204594
43.6118203,10.6207451
43.6112738,10.6211526
43.6123675,10.6212284
43.612986,10.6210076
43.612471,10.6205696
43.611805,10.6214029
43.6121425,10.6219669
43.614807,10.6194993
43.6197788,10.61214
43.6197049,10.6125212
43.6195921,10.6125751
43.6193865,10.6124202
43.619358,10.612265
43.6195395,10.61197
43.6193047,10.6129657
43.6198053,10.6116235
43.6198855,10.6098655
43.6192901,10.6119376
43.6315787,10.6049775
43.648362,10.6295942
43.6437753,10.6302388
43.6378824,10.628383
43.62406,10.6327275
43.6243938,10.6309738
43.6244879,10.6297119
43.62135,10.631334
43.6229146,10.6315633
43.6240436,10.6318724
43.6192525,10.63327
43.6199492,10.6302209
43.6202398,10.6321395
43.620109,10.6348244
43.6195071,10.634429
43.6190336,10.6416049
43.6190935,10.6388367
43.6191926,10.6348147
43.6196912,10.6452422
43.6279399,10.6590355
43.6272379,10.6606837
43.619197,10.6353366
43.62208,10.6359302
43.6179218,10.6370627
43.6191325,10.6374344
43.6175236,10.63792
43.619103,10.6384251
43.6175557,10.6393532
43.6166655,10.6390569
43.6190849,10.6391689
43.6180667,10.6401949
43.6179005,10.6394686
43.6158506,10.6403893
43.6169005,10.6387403
43.6157081,10.6364403
43.6160287,10.6375062
43.6176242,10.635307
43.6183905,10.6361555
43.6168041,10.6364444
43.6176687,10.6376743
43.6172378,10.6370657
43.615044,10.640032
43.6164597,10.6381159
43.6180614,10.6357869
43.6153851,10.6405078
43.6142261,10.6422255
43.6169133,10.6406753
43.6126288,10.6425022
43.7017049,10.5128885
43.6871951,10.5816295
43.6702659,10.5839261
43.6722749,10.5777688
43.6861822,10.5787456
43.6009673,10.6945788
43.6000628,10.6944448
43.6002093,10.6947027
43.5984529,10.6931053
43.5869497,10.674059
43.5859523,10.6722356
43.5865286,10.6732794
43.5858724,10.6755743
43.5864642,10.6763944
43.5875411,10.6757779
43.5869843,10.6760817
43.5860919,10.6759085
43.5842737,10.6780594
43.5832005,10.6789695
43.5801172,10.6723917
43.5824528,10.678833
43.5799283,10.6819668
43.5803198,10.6693049
43.5884702,10.6672732
43.588754,10.6707381
43.5891107,10.6713369
43.5895153,10.6720721
43.5881587,10.6713842
43.5885246,10.6720019
43.5879106,10.6709715
43.590846,10.6696567
43.5914543,10.670101
43.5915288,10.6689356
43.5884601,10.6679696
43.5895759,10.669008
43.5886412,10.6693536
43.5895344,10.6661073
43.7539945,10.7021031
43.7533489,10.6987153
43.7528869,10.6984799
43.7532238,10.695632
43.7542298,10.7000495
43.7542853,10.6998159
43.7527346,10.6984449
43.594609,10.6739169
43.5909832,10.6774682
43.5911154,10.6749399
43.5910094,10.6736994
43.5908652,10.671877
43.5907416,10.6707559
43.5902793,10.6712
43.5906818,10.6719988
43.5879876,10.6767379
43.5882871,10.6758697
43.5929369,10.6720683
43.5923283,10.672618
43.5928803,10.6733754
43.5919446,10.6748162
43.5908376,10.6715875
43.5909012,10.6723051
43.5924453,10.6714151
43.5909543,10.6729334
43.5918191,10.6720624
43.5921582,10.6727669
43.5945736,10.6694907
43.5965218,10.6712162
43.5948704,10.6657974
43.6764878,10.5479525
43.6766925,10.550654
43.6613101,10.6371224
43.6621812,10.6416402
43.6614349,10.6375945
43.6612215,10.6377847
43.6611721,10.6381338
43.6616955,10.6321569
43.6550281,10.6359563
43.6555638,10.6376848
43.6597617,10.6368626
43.6500643,10.630088
43.6504142,10.6298287
43.6795788,10.6320815
43.6789427,10.6325846
43.6792017,10.6333928
43.6844968,10.6187767
43.6705085,10.5818944
43.6226621,10.5822585
43.7724871,10.4264565
43.6121313,10.6219114
43.6087171,10.6317545
43.6081873,10.6285404
43.6118436,10.6315921
43.6116935,10.6258599
43.6107762,10.6262353
43.611831,10.6325552
43.6147574,10.626759
43.61525,10.6271989
43.6143038,10.6278732
43.6133535,10.6272014
43.6138346,10.6260876
43.6134458,10.6257853
43.6134884,10.6281263
43.6125957,10.6274885
43.6126679,10.6316248
43.6121878,10.6315877
43.6121088,10.6292833
43.6128599,10.6291841
43.6135964,10.6298484
43.6130812,10.6318096
43.6148758,10.6315736
43.6147807,10.632183
43.6132431,10.6311371
43.6146938,10.6328549
43.6140637,10.6299663
43.6147936,10.6303705
43.6156185,10.6275291
43.6158725,10.6277611
43.6143913,10.6301452
43.6167981,10.6270052
43.6148411,10.6318181
43.6155036,10.6320333
43.6149488,10.6311568
43.6170148,10.6333579
43.6172914,10.6322276
43.6234076,10.6279491
43.6234399,10.6198774
43.6254241,10.6207265
43.6246857,10.6234476
43.624233,10.6252565
43.6305278,10.6075343
43.6303071,10.61087
43.6301154,10.6084534
43.6310455,10.6092096
43.6296247,10.6068599
43.6292613,10.6076992
43.6312003,10.6105482
43.6320014,10.6127538
43.6337095,10.6097622
43.6330741,10.6091864
43.652731,10.6167173
43.6523729,10.6168337
43.6522193,10.6166423
43.6522727,10.6161284
43.6525395,10.6160064
43.653158,10.6167156
43.6501777,10.6076619
43.6506128,10.6082144
43.6503598,10.6084277
43.650045,10.6079995
43.6454838,10.6036417
43.6457535,10.604057
43.6467717,10.6009835
43.6459223,10.603166
43.6474741,10.5991039
43.646713,10.6005676
43.6438446,10.5976221
43.6428105,10.5966121
43.6422519,10.5977215
43.6423997,10.5939106
43.6448709,10.5986017
43.6431191,10.598548
43.6851455,10.7965819
43.6823641,10.7933187
43.6824342,10.7931441
43.6857555,10.7904916
43.7285706,10.4230801
43.7281604,10.4218877
43.7302385,10.423073
43.7270521,10.4968192
43.7267796,10.4966653
43.7260175,10.4961391
43.7249919,10.4948515
43.7256146,10.49576
43.7252605,10.4954189
43.7256244,10.4941066
43.7210523,10.4975708
43.72223,10.4958825
43.7216482,10.4966627
43.7264795,10.5089284
43.726866,10.5108498
43.7288955,10.514725
43.7274166,10.51426
43.7274601,10.5138585
43.6686282,10.5968706
43.6699611,10.5864279
43.6704262,10.5824155
43.6736617,10.6142377
43.6769893,10.5476182
43.6769499,10.5480635
43.6776353,10.5482099
43.6757965,10.5489337
43.692082,10.5836947
43.6938535,10.583744
43.6944275,10.5837593
43.6963006,10.583805
43.6972541,10.5838265
43.6995239,10.5840068
43.6996159,10.5827083
43.7043457,10.5870086
43.7061652,10.5890003
43.7104659,10.5948803
43.7221394,10.6167856
43.727742,10.6272831
43.7114692,10.6145695
43.7555865,10.6360528
43.608707,10.6086777
43.6948927,10.5837893
43.7000149,10.581398
43.69936,10.5977651
43.7039085,10.6050989
43.7047003,10.4399253
43.7041937,10.7426214
43.7046344,10.7456328
43.6995967,10.7416641
43.687655,10.7899874
43.6846736,10.7938579
43.6854187,10.7936127
43.6863175,10.7933029
43.6851138,10.575351
43.6993,10.5161542
43.6867286,10.7954787
43.6859286,10.7963166
43.6835491,10.7942307
43.683463,10.7971841
43.6795765,10.7936304
43.6898811,10.8929768
43.5223449,10.4123766
43.5170918,10.4439211
43.51666,10.445009
43.623104,10.4639716
43.6230467,10.4648523
43.6231139,10.4678577
43.5128256,10.4418596
43.5097338,10.431943
43.5097599,10.4320203
43.5098392,10.4322632
43.5090109,10.4455665
43.5091686,10.432116
43.509629,10.4321735
43.5095354,10.4319603
43.5075202,10.4473133
43.5193717,10.4612858
43.5193931,10.4609917
43.5076735,10.4526308
43.5046098,10.4556224
43.5085332,10.4510472
43.5044252,10.4862485
43.5003079,10.4779273
43.5033762,10.4775473
43.494558,10.5099359
43.4970572,10.4997474
43.4941716,10.4332716
43.5514833,10.4366064
43.5452409,10.4403868
43.5444476,10.4363641
43.5413821,10.4401169
43.5414191,10.4398735
43.5413968,10.4397088
43.5413433,10.4389728
43.5415244,10.4398913
43.5409432,10.4391032
43.5410112,10.4401031
43.5384203,10.4431607
43.6028673,10.4542939
43.6029584,10.4541535
43.5381963,10.4421283
43.5411025,10.443723
43.6935115,10.7655227
43.6922705,10.7662452
43.4997019,10.4259479
43.4998741,10.4261515
43.67071,10.8601131
43.7389394,10.4249808
43.7593652,10.4418625
43.7586845,10.4427311
43.5781287,10.4436471
43.578113,10.4430661
43.5779722,10.4434262
43.5778556,10.4431381
43.5770487,10.4409656
43.5768852,10.4404926
43.5768021,10.436316
43.5766661,10.4352376
43.5781113,10.4432342
43.5780191,10.4431494
43.5779304,10.4433398
43.5755323,10.4440136
43.5752358,10.4446207
43.5774324,10.4398753
43.5771733,10.4405379
43.5778846,10.4400611
43.5772672,10.4355757
43.5775732,10.4376712
43.5765724,10.4330855
43.5767113,10.4386657
43.5768893,10.4397272
43.5774451,10.4383986
43.5774088,10.4386146
43.576942,10.4361374
43.5773259,10.4359292
43.5697214,10.4717925
43.5675993,10.4749489
43.5627363,10.4679596
43.5560549,10.4640355
43.5536452,10.4643998
43.5517809,10.4644524
43.5517855,10.4624276
43.5549838,10.4673786
43.5576782,10.4782675
43.5539452,10.4647393
43.6849721,10.8007282
43.6847922,10.7996415
43.6848887,10.7999459
43.6819238,10.7946482
43.6818228,10.794822
43.7089684,10.4230284
43.7067465,10.4192306
43.7076971,10.4202509
43.7078141,10.420985
43.7076233,10.4208056
43.7055723,10.4205975
43.7061606,10.4209108
43.7066221,10.4211641
43.7071251,10.4196899
43.7080896,10.4223025
43.7078715,10.4232451
43.7072468,10.4228009
43.7073092,10.4216165
43.7069486,10.4236337
43.7055478,10.4220173
43.7077207,10.4240616
43.7096474,10.422049
43.5955648,10.7172101
43.601108,10.7095384
43.7212963,10.5388872
43.7209294,10.5394656
43.7204251,10.5394805
43.7205058,10.5401092
43.6606323,10.6497822
43.6655809,10.6421835
43.6666324,10.6448118
43.6667319,10.6422653
43.6668519,10.6420121
43.6867522,10.7955989
43.6881502,10.7957574
43.6863044,10.7984565
43.686993,10.5052678
43.6872443,10.5044829
43.6862755,10.5047953
43.6857728,10.5044513
43.6870329,10.5034264
43.6867808,10.5042027
43.6823629,10.5084517
43.6833845,10.5095133
43.6650318,10.6339893
43.6566539,10.6808339
43.6583162,10.6813623
43.6601917,10.6812317
43.6573516,10.675589
43.6575865,10.672541
43.6571246,10.6727414
43.6595409,10.6742536
43.658892,10.6746288
43.6580312,10.6750996
43.6591142,10.6763172
43.6588258,10.6741178
43.6571943,10.6747876
43.6586916,10.6733462
43.6585466,10.6840989
43.6580435,10.6823601
43.6556333,10.6692005
43.662428,10.6692423
43.6621872,10.6428464
43.6605361,10.6471918
43.6613002,10.6466781
43.6614263,10.645689
43.6612147,10.6474122
43.6606111,10.6465276
43.6625123,10.6367165
43.6626769,10.6373852
43.6632338,10.6374101
43.6637776,10.6374225
43.6632897,10.6348977
43.6625707,10.6348598
43.6632588,10.6358583
43.6632462,10.636889
43.6629675,10.6353565
43.6629422,10.6364211
43.6629788,10.6348813
43.6629557,10.6358517
43.6638133,10.6358698
43.66323,10.6379195
43.6674256,10.6227799
43.6664064,10.623238
43.6664772,10.6225686
43.6675626,10.6221336
43.6663396,10.621893
43.6872501,10.7980941
43.7003347,10.7428382
43.6993525,10.7442029
43.6991836,10.7436503
43.7012495,10.745565
43.7029366,10.7473641
43.7022093,10.7451896
43.7026059,10.7476758
43.7020121,10.7479958
43.7023648,10.7489793
43.7041697,10.7543074
43.7049297,10.7609566
43.7071739,10.7609928
43.7056725,10.7625413
43.7064636,10.7594758
43.7035802,10.7598683
43.7052344,10.7569064
43.7056552,10.7577378
43.7024556,10.76092
43.705626,10.7602938
43.7087553,10.7671976
43.7079366,10.7649842
43.7065272,10.7616494
43.7118885,10.7641638
43.7122651,10.7637877
43.7151022,10.7606195
43.7163869,10.7632086
43.7196561,10.7701745
43.7174639,10.7654121
43.7188601,10.7684753
43.7200113,10.7675642
43.7233041,10.7664077
43.7225267,10.7670068
43.7224153,10.75992
43.7238821,10.7656087
43.7160728,10.7652208
43.7181626,10.7690437
43.7166917,10.7638603
43.7182263,10.7632703
43.7170058,10.7645122
43.7141696,10.7617874
43.7137696,10.7666056
43.7129466,10.765108
43.7045314,10.7681989
43.7108293,10.7693089
43.7095163,10.7665223
43.7099867,10.7766967
43.7066379,10.7734455
43.7054283,10.7704563
43.713617,10.7783343
43.7142195,10.7777968
43.7127616,10.7823158
43.7107774,10.7809084
43.7116271,10.7801282
43.7107837,10.7783941
43.7221509,10.7661919
43.7227173,10.7674442
43.7207812,10.7691847
43.718027,10.7743335
43.7171252,10.7726173
43.7152853,10.7768085
43.7266085,10.7665631
43.7236557,10.7692331
43.7216812,10.7710304
43.7178916,10.7663574
43.721006,10.7643618
43.7292181,10.7606941
43.7315028,10.7648219
43.724258,10.766037
43.7251132,10.7679152
43.7303547,10.7631535
43.7331559,10.7609306
43.7124721,10.7742339
43.7139795,10.7727884
43.7157175,10.7764164
43.7145001,10.7751835
43.7134324,10.7761771
43.7127274,10.7768398
43.7234657,10.7667599
43.724321,10.7686315
43.7219814,10.7625981
43.7191617,10.7655279
43.7186981,10.7643176
43.716609,10.7662048
43.7094057,10.7822489
43.7108686,10.7810826
43.7116845,10.7752798
43.7135185,10.7784249
43.7096422,10.7759914
43.7125793,10.7767401
43.7107347,10.7782906
43.7123455,10.7813327
43.7113313,10.782125
43.7029543,10.748568
43.7052022,10.7470995
43.708705,10.7405479
43.7093477,10.7432615
43.7100537,10.7399288
43.7119899,10.7496735
43.6995116,10.7445914
43.6990257,10.7449342
43.6987364,10.7456122
43.699927,10.7457536
43.7005797,10.7448171
43.7009053,10.7446454
43.6997956,10.745367
43.6988964,10.7460172
43.7014342,10.744387
43.7015489,10.7438609
43.7012307,10.7427697
43.7016438,10.7425838
43.7020883,10.7393532
43.7033287,10.7430251
43.7010349,10.7361442
43.6986242,10.7348419
43.6976747,10.7342752
43.7025371,10.7368916
43.700942,10.7406284
43.7014951,10.7400925
43.7023799,10.7384555
43.7024166,10.7361836
43.7015522,10.73365
43.7006254,10.7325449
43.7004047,10.7323597
43.6983843,10.7314494
43.6980581,10.7291886
43.7040323,10.7150803
43.6965909,10.7191983
43.6989153,10.7396732
43.6967061,10.7430948
43.6969219,10.7441803
43.6982497,10.7417807
43.6953836,10.7434341
43.6987399,10.7368713
43.6988188,10.7382449
43.6981632,10.7383111
43.7000717,10.7406877
43.700121,10.7416001
43.699484,10.7407594
43.6995336,10.7415133
43.6985673,10.7340909
43.7025758,10.7270654
43.7051605,10.7350229
43.7038092,10.7281136
43.7047265,10.726082
43.7077973,10.7191713
43.7113045,10.7305946
43.7135426,10.7382897
43.7063064,10.7347186
43.7141122,10.7294535
43.6975904,10.7398684
43.697414,10.7408933
43.696347,10.7410476
43.6980655,10.7389112
43.6964834,10.7399976
43.6981256,10.7397752
43.6977033,10.7415076
43.6977639,10.7421695
43.698199,10.743075
43.6964688,10.7417615
43.6965768,10.7471745
43.6958014,10.7477885
43.6950871,10.7457577
43.6953714,10.7467025
43.6959956,10.748604
43.6963349,10.7455914
43.6980888,10.7483571
43.6961213,10.7464731
43.6969109,10.7486715
43.6983848,10.7608882
43.6992728,10.7640913
43.7025732,10.7615505
43.6019686,10.4722285
43.5996224,10.4672325
43.5957944,10.4722749
43.595587,10.4724474
43.602307,10.4725129
43.6020444,10.4726131
43.5969579,10.4708227
43.5956365,10.4726554
43.5956518,10.4730351
43.7042974,10.8297291
43.6637502,10.7011458
43.6671701,10.7063804
43.6646126,10.7124774
43.6642036,10.7173594
43.504994,10.7526674
43.5059378,10.7556161
43.6896073,10.7850159
43.6986173,10.789002
43.6927044,10.7865826
43.6551561,10.6554299
43.6526037,10.6436781
43.6541159,10.6355501
43.7268844,10.5953918
43.7245934,10.6171184
43.5258059,10.6942187
43.5330873,10.661897
43.7189059,10.4250676
43.6636857,10.8509898
43.6683309,10.8538853
43.6750919,10.8661306
43.6736437,10.8615691
43.6777937,10.5335321
43.676444,10.5332384
43.6745077,10.5328825
43.6767384,10.5333228
43.6835824,10.6148445
43.6842307,10.6153041
43.4718122,10.5629928
43.471545,10.563373
43.4814921,10.5492691
43.4857382,10.5614131
43.4858528,10.5618351
43.4822828,10.5409188
43.4701636,10.4924617
43.4697173,10.4919943
43.471494,10.4927929
43.4678312,10.5559623
43.5873239,10.4737049
43.586867,10.471684
43.5868808,10.4736901
43.5868638,10.4720598
43.5873412,10.4720859
43.5885819,10.472117
43.593749,10.4752596
43.5953104,10.4748818
43.5982393,10.4741253
43.597495,10.4744418
43.6735654,10.6412068
43.6679321,10.637335
43.6703785,10.6386711
43.6679278,10.638587
43.6664945,10.6444614
43.6655274,10.6462773
43.6662537,10.6445267
43.6655415,10.6459455
43.6658113,10.6446422
43.6659992,10.6458463
43.6636838,10.6437157
43.6611099,10.6414027
43.6610508,10.6421044
43.6603699,10.644254
43.6622064,10.6440186
43.662209,10.6447352
43.6591626,10.6754867
43.6642249,10.6907696
43.6627329,10.70199
43.6635397,10.7020484
43.6640745,10.702319
43.6658121,10.7029946
43.6668909,10.7033385
43.6677239,10.7077655
43.6685116,10.7058485
43.6673522,10.7067182
43.6683648,10.7054495
43.6682099,10.7060764
43.6686116,10.7071787
43.6680673,10.7057039
43.6648914,10.7088809
43.667049,10.7061794
43.6906861,10.7679793
43.6920335,10.767986
43.6911509,10.7679642
43.6921854,10.7668461
43.6879011,10.7668804
43.6885723,10.7665299
43.6887631,10.7662091
43.6884757,10.7655534
43.6874506,10.7671558
43.6868566,10.7681445
43.6872478,10.7684419
43.7112468,10.7860102
43.7115765,10.7866584
43.7122297,10.7879287
43.7137361,10.7913309
43.7154712,10.7900235
43.7119779,10.7910909
43.7118862,10.7922654
43.7127411,10.7912282
43.7146012,10.7888366
43.7131467,10.7899659
43.7141488,10.7891823
43.7146633,10.7906043
43.7142941,10.7883975
43.7129255,10.7894447
43.7146905,10.7865337
43.7143753,10.7858515
43.7139787,10.7849909
43.7149338,10.7840758
43.7127095,10.786212
43.7118047,10.7870882
43.7136351,10.7865219
43.7132466,10.7856801
43.7119605,10.7829011
43.7112469,10.7804853
43.7118818,10.7816901
43.7123852,10.782615
43.7127832,10.7790962
43.7140102,10.7814822
43.7134638,10.7804224
43.7148503,10.7790261
43.7142374,10.7796121
43.714892,10.7807507
43.7164733,10.7838756
43.7173632,10.7858354
43.717786,10.7854391
43.7144984,10.7886877
43.7172126,10.7906608
43.7164608,10.7913778
43.7168003,10.791039
43.7160671,10.7895381
43.7171693,10.7889322
43.7181595,10.7885778
43.7190413,10.7880226
43.7212229,10.7867072
43.7351547,10.7743823
43.7323739,10.7698794
43.7217334,10.779129
43.7208732,10.7770311
43.7174205,10.7780203
43.7180006,10.779318
43.7169972,10.7802923
43.7174668,10.7812643
43.7100968,10.779389
43.7104215,10.777606
43.7114024,10.7755642
43.7082474,10.7757068
43.6929416,10.7485178
43.6934417,10.7438193
43.6915652,10.7436981
43.6892878,10.7392192
43.6899447,10.7388599
43.6816443,10.7237821
43.6871324,10.722878
43.6871185,10.7218008
43.6927034,10.7510245
43.6926392,10.7524322
43.6912892,10.7581091
43.6913766,10.7512839
43.6923376,10.7538292
43.6895655,10.7551979
43.6890144,10.7576466
43.6902148,10.7573864
43.6865201,10.758145
43.6855982,10.7572712
43.6858555,10.7583483
43.6861415,10.7586471
43.6852502,10.758715
43.6839821,10.7596481
43.6839209,10.759321
43.6857066,10.7577289
43.685058,10.7579929
43.683729,10.7585754
43.6861931,10.7567394
43.6854329,10.7526615
43.687077,10.7513253
43.6869551,10.7487744
43.687563,10.7508705
43.6845292,10.750727
43.6883283,10.7411402
43.6863811,10.7415083
43.6867456,10.742403
43.6895765,10.7466952
43.6899069,10.7483204
43.6853384,10.7511341
43.6858528,10.7523126
43.686405,10.7490263
43.6881221,10.7496897
43.6873818,10.7502595
43.6868228,10.7505332
43.6855495,10.7516349
43.6903017,10.756806
43.6890285,10.7570538
43.6903887,10.7561991
43.6891576,10.7564324
43.6904783,10.7555903
43.6893645,10.7558226
43.6906781,10.7543784
43.6897677,10.7545521
43.6901194,10.7612957
43.6917261,10.7701542
43.7204828,10.4401224
43.7218548,10.4410414
43.7227503,10.4352456
43.7223589,10.4363981
43.7230689,10.4368699
43.7238583,10.4294442
43.7228604,10.4284954
43.725341,10.4273622
43.7253018,10.4250869
43.7249553,10.4262234
43.7254797,10.4231159
43.7245835,10.4248151
43.72516,10.4237151
43.7241554,10.4243781
43.7250725,10.4256202
43.7238263,10.4250033
43.7243735,10.4254087
43.724709,10.4209735
43.7244888,10.4213037
43.7247605,10.4225271
43.7233448,10.4195744
43.7238505,10.4240475
43.7230475,10.4256671
43.7230096,10.4255583
43.7038812,10.4960654
43.6973352,10.494508
43.6977991,10.4948018
43.6980433,10.4940865
43.6930093,10.5151787
43.6985672,10.5135642
43.6984647,10.513662
43.6982628,10.5133134
43.6983566,10.5131915
43.6986864,10.5140359
43.6974361,10.511829
43.6980341,10.5128801
43.698274,10.5135957
43.6990519,10.5149661
43.6988064,10.515291
43.7270414,10.5167238
43.7286281,10.5157776
43.7279807,10.5172982
43.7278898,10.5161147
43.7284265,10.5164189
43.7287994,10.5178126
43.7302252,10.5189527
43.7299742,10.5182075
43.7300637,10.5160598
43.7246488,10.516653
43.7247935,10.5173038
43.7254166,10.5197102
43.726351,10.5182062
43.72627,10.5162423
43.7253549,10.5194919
43.7251595,10.5186907
43.7250262,10.5122419
43.7233222,10.5127925
43.7314695,10.5167844
43.7366978,10.5156905
43.7566119,10.4250702
43.7569945,10.4240412
43.7554127,10.4223691
43.754293,10.4227762
43.5677921,10.4797572
43.7249928,10.772189
43.7224637,10.7703109
43.721151,10.7699848
43.7230635,10.7682527
43.7235413,10.769325
43.7213051,10.7736538
43.7205018,10.7743483
43.7210891,10.7731962
43.7202005,10.773997
43.71796,10.7718724
43.7188155,10.7736217
43.718413,10.7759492
43.7192231,10.7766469
43.7158823,10.778014
43.7133506,10.7802077
43.7122744,10.7811717
43.7135642,10.7806171
43.7124355,10.781548
43.7102476,10.7797189
43.7104358,10.781441
43.709817,10.7819317
43.7256458,10.7881919
43.719871,10.7834373
43.5273647,10.6193089
43.526876,10.6202971
43.5253273,10.6215178
43.5264384,10.6203635
43.525211,10.6184476
43.5248253,10.6178359
43.5241226,10.6197798
43.5260049,10.6173881
43.5226449,10.6161196
43.5241538,10.6185699
43.5249685,10.6141681
43.5255846,10.6158945
43.5255717,10.6147852
43.5284333,10.6185312
43.5287449,10.6185034
43.5303618,10.619076
43.5292601,10.618842
43.5292357,10.6173784
43.5271697,10.6165312
43.5287317,10.6166492
43.5279873,10.6158246
43.5263773,10.6148716
43.5264927,10.6142254
43.5257611,10.615921
43.5245088,10.6157752
43.5262664,10.6131878
43.5231862,10.6110783
43.5243877,10.615332
43.5159948,10.6061278
43.5130216,10.6115824
43.5165355,10.6225616
43.5061028,10.6149914
43.5123671,10.6121022
43.5192538,10.6044724
43.5297475,10.5933209
43.5286078,10.59698
43.5288712,10.5887815
43.5289613,10.5971963
43.5296364,10.6006245
43.5244367,10.6017706
43.525501,10.6023565
43.5297187,10.6215858
43.530066,10.6232695
43.5294899,10.619804
43.5296458,10.6208755
43.5246049,10.6015661
43.5379777,10.5887808
43.530436,10.6191523
43.5355802,10.5897544
43.5381745,10.5975284
43.5392199,10.5966422
43.539399,10.5996237
43.5350843,10.599752
43.5373223,10.5795184
43.5362796,10.5804108
43.5414171,10.600568
43.5412742,10.5992082
43.5430163,10.6009477
43.5372793,10.599231
43.5547092,10.6043621
43.5464598,10.6030983
43.5666694,10.5865688
43.5582092,10.5976883
43.5604879,10.597778
43.5613208,10.597709
43.5592358,10.597436
43.5648146,10.5879869
43.5729211,10.5831263
43.5549155,10.6271641
43.5573577,10.6270366
43.5578917,10.622472
43.5601788,10.6186936
43.5629634,10.6131182
43.5379224,10.6454385
43.5401853,10.5970129
43.5489459,10.5873306
43.5495831,10.587903
43.5482408,10.5863106
43.5250268,10.5536648
43.5615362,10.5783137
43.4857423,10.5619713
43.6824904,10.480526
43.7019709,10.758325
43.7011696,10.7628421
43.6724214,10.8546859
43.5845112,10.6759819
43.5850483,10.6767241
43.5816767,10.6848621
43.5824174,10.6792149
43.5826657,10.6792083
43.5829534,10.6791016
43.5820396,10.6787242
43.5826261,10.6788716
43.5823961,10.6791585
43.5792985,10.6711399
43.5771644,10.6698594
43.5742433,10.6702666
43.5711813,10.6662284
43.5708348,10.6657102
43.5875392,10.6430841
43.584336,10.6496717
43.5789545,10.6445695
43.569601,10.6678203
43.5698959,10.6681062
43.5692829,10.6676838
43.5479927,10.6565471
43.5521936,10.6502824
43.5520757,10.6487293
43.552758,10.6452567
43.5525418,10.6491231
43.5591277,10.649351
43.5554854,10.6345712
43.5675094,10.6674903
43.56881,10.6650674
43.5691448,10.6633723
43.5687613,10.6657149
43.5693975,10.6658154
43.568805,10.6649741
43.5706704,10.6659113
43.5674034,10.6761492
43.5316634,10.657384
43.5322723,10.6576974
43.5328604,10.66344
43.5329958,10.6630014
43.5323325,10.6619729
43.5281123,10.6707874
43.5266918,10.6735434
43.5261985,10.6743163
43.5243456,10.6779298
43.521529,10.6734321
43.5218553,10.6726376
43.5473453,10.687557
43.5576037,10.6931723
43.5612684,10.6921973
43.5617055,10.693202
43.559797,10.6936483
43.5596231,10.6931333
43.5543936,10.6967552
43.5298194,10.7021055
43.6944054,10.7039876
43.7553569,10.4226687
43.7804091,10.6578994
43.7785041,10.657716
43.7736226,10.6575496
43.772903,10.6608971
43.7764126,10.6614228
43.7787473,10.6632748
43.7814267,10.6642376
43.7814169,10.6655094
43.7814515,10.6624814
43.781517,10.6603625
43.7800415,10.6662885
43.777638,10.6678183
43.7901333,10.6754767
43.7899629,10.6773355
43.7925477,10.6888833
43.7926243,10.6873578
43.7933495,10.687781
43.7887707,10.6878242
43.7701865,10.6789905
43.7702707,10.6813168
43.7751915,10.688315
43.7108375,10.6192224
43.6897044,10.7722727
43.6866482,10.772719
43.6909324,10.7858873
43.6917374,10.7864987
43.691904,10.7824583
43.6921005,10.7846399
43.6951527,10.7887291
43.6941428,10.7795303
43.694491,10.7824484
43.693742,10.7869995
43.6944803,10.7795029
43.6938236,10.7776697
43.6927018,10.7777426
43.6902514,10.7807329
43.6929116,10.7795667
43.6906074,10.7808301
43.6848761,10.7907777
43.6833532,10.7922275
43.6850477,10.7916702
43.6829202,10.7970285
43.6836282,10.7929364
43.6844583,10.7926339
43.6851826,10.7923651
43.6822544,10.7918832
43.6823044,10.7923625
43.6823172,10.7935268
43.6825045,10.7945981
43.6818388,10.7967616
43.6879545,10.7868739
43.6747332,10.7823695
43.539047,10.7916842
43.5384675,10.7908425
43.5487643,10.7617247
43.5259652,10.7811946
43.6925478,10.7901133
43.7095761,10.4322464
43.6925964,10.786575
43.6938594,10.7896584
43.6952474,10.791196
43.5287261,10.457637
43.5245492,10.447807
43.5236689,10.4464747
43.470523,10.7259175
43.4856306,10.6420842
43.6803027,10.519745
43.6798444,10.5205462
43.6837803,10.5002401
43.6849464,10.5008086
43.7069825,10.6779775
43.7189922,10.6708252
43.7252946,10.6711265
43.7241615,10.6749183
43.7247729,10.6764291
43.7033926,10.6843731
43.6979446,10.6923521
43.6975475,10.6932795
43.6978176,10.6932853
43.6984516,10.6921619
43.6984807,10.6935782
43.7046341,10.6807476
43.7075215,10.6804364
43.7088716,10.6873756
43.7116034,10.6900755
43.709672,10.6909043
43.7180053,10.6840225
43.7168266,10.6853797
43.7272639,10.6729028
43.7530343,10.6889663
43.7530245,10.6877159
43.7553579,10.6965454
43.756202,10.7006781
43.7572645,10.6998266
43.7515357,10.7055477
43.7516362,10.7078105
43.7538742,10.7033017
43.7552594,10.7023104
43.7567395,10.7008909
43.7567221,10.7010747
43.7567621,10.7032801
43.7524533,10.7169036
43.7511899,10.7174101
43.7513555,10.7192735
43.7539805,10.7156219
43.7552171,10.7149618
43.7546381,10.7181622
43.7621926,10.7072117
43.7622444,10.7125686
43.7640243,10.72033
43.768104,10.7187829
43.736222,10.7580754
43.7376095,10.7490908
43.737263,10.7508004
43.7458774,10.7535469
43.7415399,10.7560635
43.7087948,10.6984716
43.7162323,10.6959635
43.7167967,10.7031981
43.7199728,10.7022741
43.7172649,10.7116918
43.7221723,10.7017916
43.7226358,10.7019179
43.7225724,10.702416
43.7211358,10.7017438
43.7233456,10.7020959
43.7232895,10.7025995
43.7240956,10.7022755
43.724033,10.7027799
43.7290219,10.6757593
43.7260671,10.6821789
43.7363351,10.6848256
43.7285518,10.6946142
43.6374283,10.651517
43.6376102,10.651053
43.6376595,10.6516913
43.6207667,10.6756034
43.6232718,10.6687625
43.6216341,10.6711571
43.6237057,10.6758841
43.6244626,10.6829408
43.6242618,10.695133
43.6379071,10.6528284
43.6396871,10.66397
43.6359102,10.6553288
43.633446,10.6572415
43.6430319,10.643761
43.6429581,10.6443343
43.6449526,10.6447819
43.6446331,10.6446479
43.6430174,10.6470056
43.6430533,10.6484899
43.6440368,10.647709
43.6429683,10.6450766
43.6414978,10.6440714
43.6417684,10.6450676
43.6439988,10.6445358
43.6455981,10.6447012
43.6457564,10.645439
43.6463244,10.6447504
43.6461289,10.644731
43.6480883,10.6448888
43.6480526,10.6427992
43.6481877,10.6456567
43.6485293,10.6481106
43.6489784,10.6431693
43.6493215,10.6449733
43.6509073,10.6450403
43.651847,10.6444455
43.6492981,10.645859
43.6494923,10.6458665
43.6509149,10.6459566
43.6499194,10.6498268
43.6961423,10.4341235
43.6951881,10.4349406
43.6960872,10.4352866
43.63248,10.5631854
43.7236879,10.4274181
43.7400904,10.4455311
43.7599678,10.4596587
43.7614184,10.4615045
43.7298813,10.4374706
43.5086332,10.4469458
43.5428294,10.7210224
43.5427941,10.720429
43.5429901,10.7202812
43.5422147,10.7210843
43.5445551,10.7188359
43.5447522,10.7197221
43.5446582,10.7186562
43.5452437,10.7189004
43.5446868,10.7192904
43.5471038,10.7175098
43.5471085,10.7192489
43.5492299,10.7179812
43.5492711,10.7189806
43.5486116,10.7190254
43.6673999,10.5109273
43.670442,10.5117171
43.6691506,10.5118181
43.5331958,10.5348562
43.5307212,10.5278766
43.5369084,10.5340681
43.5368912,10.5341471
43.5293422,10.5386421
43.5288206,10.5444652
43.5428123,10.5269747
43.5394362,10.5315736
43.5403103,10.5444563
43.5452175,10.5360244
43.5738359,10.5010768
43.5750617,10.5006069
43.5845259,10.4814447
43.5859393,10.4822281
43.5881867,10.4873814
43.586311,10.4874045
43.551174,10.5117417
43.5707488,10.5138426
43.5648712,10.5163313
43.56448,10.5162096
43.5671676,10.5161142
43.5669079,10.5160532
43.5680965,10.5168622
43.5670126,10.5191222
43.5715486,10.5404969
43.5769186,10.5117306
43.5721003,10.5148441
43.5737066,10.5256043
43.5735557,10.5462632
43.5724635,10.5456913
43.5507094,10.5506963
43.5717537,10.5514226
43.5737246,10.5485291
43.5792981,10.5515694
43.5834247,10.5530871
43.6045628,10.5133178
43.6011647,10.514834
43.603542,10.5227946
43.6050042,10.5130925
43.6061593,10.5124646
43.6065113,10.5092271
43.6074578,10.5117288
43.6078947,10.5115144
43.6085675,10.5089323
43.6669507,10.6557252
43.6719993,10.6505362
43.6720476,10.6506162
43.6722911,10.6493919
43.672148,10.6515194
43.663461,10.5336864
43.6536891,10.5039293
43.6488928,10.5237945
43.6532483,10.5256442
43.6559629,10.5333651
43.6500028,10.5375582
43.6558792,10.5361849
43.661752,10.5260182
43.6295914,10.4584268
43.6438748,10.449369
43.6294126,10.491547
43.6515476,10.4733096
43.6150777,10.4375519
43.4818242,10.4431322
43.4779164,10.4334992
43.692862,10.7072614
43.692227,10.7087665
43.4635971,10.4220252
43.5711359,10.4780885
43.6055529,10.767116
43.7004734,10.4371506
43.7044097,10.4412106
43.6235725,10.8630675
43.6276885,10.861275
43.4644978,10.4148065
43.4660001,10.4114679
43.4640055,10.4156622
43.4642856,10.4164152
43.4664662,10.4171046
43.4665716,10.4187175
43.6870154,10.5459423
43.6334832,10.812292
43.7310442,10.5197003
43.7316908,10.5219206
43.8269006,10.4192001
43.7746812,10.7129755
43.7084837,10.6216704
43.708514,10.621082
43.7083714,10.6236797
43.7084224,10.6227516
43.7117297,10.6193446
43.7118447,10.6205491
43.7109202,10.6205537
43.7096342,10.621314
43.7101845,10.6222951
43.7096073,10.621867
43.7099971,10.6233077
43.7107097,10.6220977
43.7145562,10.622296
43.7130845,10.6219685
43.711957,10.6217275
43.7104011,10.6260836
43.7095111,10.625977
43.7092779,10.6272034
43.7170938,10.6161991
43.7186192,10.6181596
43.7167174,10.6228079
43.7146019,10.6214373
43.7154284,10.6225038
43.7154361,10.6213781
43.715461,10.6187724
43.7146317,10.6189018
43.7146132,10.6204932
43.715443,10.6205083
43.7162596,10.6205311
43.7160718,10.6186579
43.718082,10.6231171
43.778719,10.6567353
43.7754013,10.6597828
43.7788635,10.6588303
43.778979,10.6578901
43.7780588,10.65856
43.7805736,10.661918
43.7807808,10.6602543
43.7853448,10.660649
43.7852777,10.6633496
43.7860494,10.6610999
43.7859868,10.6586155
43.7861626,10.6575692
43.7993665,10.6728401
43.8020988,10.6681022
43.7289241,10.4205245
43.6226192,10.5833196
43.6309953,10.5849751
43.6307433,10.5849637
43.7021162,10.7591073
43.5754148,10.5898713
43.5762404,10.5893208
43.5821443,10.5879682
43.5847136,10.5868555
43.5863751,10.5856188
43.590103,10.585067
43.5915838,10.5808973
43.591932,10.5906558
43.5731382,10.5921436
43.581459,10.6018731
43.5821992,10.6062054
43.5732798,10.6142882
43.5732073,10.6151295
43.5723364,10.6176911
43.5728411,10.6158955
43.5726737,10.620384
43.5795469,10.628396
43.5844319,10.6317853
43.5840314,10.6301328
43.5858917,10.6305313
43.586076,10.6326843
43.5861222,10.6318398
43.5874213,10.6327038
43.5869682,10.6320151
43.5868873,10.6327939
43.5865787,10.6319323
43.5865189,10.6327325
43.5900837,10.6311287
43.5897914,10.6305329
43.5947077,10.5741119
43.5945589,10.5832803
43.5936881,10.5850838
43.6001525,10.5821493
43.5961026,10.5914817
43.5938486,10.5946838
43.5950191,10.5949328
43.596723,10.591626
43.4653286,10.7171416
43.7092248,10.5083104
43.7171478,10.5181172
43.7227052,10.5326982
43.7188005,10.5393026
43.7016993,10.756872
43.6985988,10.7614935
43.7002809,10.7608709
43.7021075,10.4342252
43.7033302,10.4335583
43.7370403,10.4151093
43.700931,10.7623159
43.6300386,10.8470448
43.6301569,10.8542834
43.6325019,10.8513542
43.6401868,10.8326763
43.640302,10.8330499
43.6441312,10.8338882
43.6440487,10.8344347
43.6444503,10.8338868
43.6440812,10.8338023
43.6635578,10.8514805
43.6415788,10.866149
43.6514442,10.8573533
43.6613124,10.8674944
43.7001379,10.7504093
43.6998684,10.7654809
43.7027863,10.7627239
43.678731,10.752995
43.6800114,10.7517973
43.6796864,10.7521283
43.6812384,10.7513726
43.6727627,10.7650836
43.6747241,10.7626097
43.6756556,10.7631224
43.6747994,10.7693762
43.6760425,10.7698335
43.6839452,10.7495057
43.6861278,10.7542875
43.6876709,10.7481651
43.688632,10.7473652
43.6879125,10.749036
43.6871744,10.7495014
43.6889514,10.748976
43.6883074,10.7502778
43.6863667,10.7574785
43.6875376,10.7580764
43.6873451,10.7630274
43.6886163,10.7620351
43.6887114,10.762662
43.6875542,10.7654629
43.683998,10.7684521
43.683968,10.7677884
43.6843702,10.7701541
43.676555,10.7375302
43.6769321,10.7376763
43.6808535,10.7426638
43.680438,10.7420907
43.6807634,10.7421694
43.6806709,10.7424059
43.6808557,10.7422916
43.6815628,10.7436596
43.6837444,10.7353289
43.6826737,10.7383115
43.6828352,10.7364311
43.6845038,10.7350509
43.6844155,10.7366195
43.6854907,10.7386874
43.6823966,10.7410125
43.6865144,10.7394357
43.686749,10.7394174
43.6847696,10.7424469
43.6561441,10.4159118
43.6776889,10.4289962
43.7754563,10.7163214
43.4565895,10.6686308
43.7326907,10.762123
43.5759183,10.5007392
43.7035806,10.7380456
43.702545,10.743386
43.6966343,10.7503953
43.6979048,10.7365813
43.6977719,10.7434451
43.6981418,10.7345663
43.6985466,10.7440829
43.7004466,10.7444191
43.6971301,10.7450892
43.6961133,10.749859
43.6965992,10.7504505
43.6947881,10.7619554
43.7007332,10.7618819
43.4753647,10.7275121
43.6976757,10.7471922
43.6953404,10.7504558
43.6965549,10.7505544
43.6987158,10.7464461
43.7048331,10.7819683
43.7039201,10.7804268
43.7045396,10.7816298
43.7063827,10.7798486
43.7039844,10.786295
43.7061282,10.7844222
43.6926859,10.8209095
43.5555292,10.7829813
43.5696852,10.8019367
43.5696223,10.8021369
43.569713,10.8023413
43.5698364,10.8023072
43.6907096,10.7701911
43.6901721,10.7679643
43.6911898,10.7688786
43.6907011,10.7688852
43.6567257,10.6385426
43.6848574,10.7346212
43.7206699,10.4143534
43.7214384,10.4155694
43.7212303,10.416381
43.7213576,10.41588
43.7209542,10.4164393
43.7222822,10.4159956
43.7222005,10.4163257
43.7220663,10.4168199
43.7588797,10.435397
43.7607255,10.4276184
43.757005,10.4306122
43.7580746,10.4361822
43.7592265,10.4342426
43.7611657,10.4360173
43.7590666,10.4383326
43.7586513,10.4366889
43.7604447,10.4394066
43.7587168,10.4382374
43.7591422,10.4356346
43.7593959,10.4376608
43.7630169,10.4391624
43.7591831,10.4347323
43.7574941,10.4270557
43.7620052,10.4263315
43.7602637,10.4235354
43.7601236,10.423364
43.7600983,10.4234084
43.7102489,10.4144551
43.7467088,10.431459
43.7581633,10.4260329
43.7582229,10.4260674
43.7574018,10.4271153
43.7474371,10.4204149
43.7238374,10.4200104
43.7575318,10.4287204
43.758443,10.4298475
43.7574577,10.4367434
43.7582884,10.4374763
43.7621789,10.4392866
43.7620022,10.4401691
43.7623301,10.44032
43.7618709,10.4425875
43.761749,10.4435922
43.764237,10.4406326
43.7579186,10.4402079
43.6868447,10.7110503
43.6115295,10.6043101
43.6108705,10.6233734
43.6112305,10.6237089
43.6117855,10.6223518
43.6115796,10.6229058
43.6129054,10.6231571
43.6141105,10.6229728
43.6133372,10.622004
43.6137203,10.622484
43.6150875,10.621901
43.6143445,10.6213472
43.6148665,10.623698
43.6148448,10.6217155
43.6099405,10.6243911
43.6109529,10.6243319
43.6116047,10.624835
43.6106742,10.6250169
43.6104062,10.6238693
43.612831,10.6286624
43.6151675,10.6255932
43.6160269,10.624528
43.6164529,10.625696
43.6168421,10.6260381
43.6158726,10.625198
43.6157519,10.624329
43.6161087,10.6264101
43.6184019,10.6261285
43.6174919,10.6255764
43.6176763,10.6277213
43.6190302,10.6263659
43.6194577,10.6273294
43.6208498,10.6276963
43.6180923,10.6319296
43.6174459,10.6315781
43.6174857,10.6314092
43.6184355,10.6307896
43.6196431,10.6314316
43.6203316,10.6318176
43.6211926,10.6319705
43.6194563,10.6320996
43.6193733,10.6324398
43.620989,10.6325743
43.620907,10.6328405
43.6208124,10.6331462
43.6210958,10.6322549
43.6227442,10.6283355
43.6243112,10.6286332
43.6219437,10.6295797
43.6219693,10.6299628
43.6213007,10.6316062
43.6244919,10.6304413
43.6262384,10.6302605
43.6111625,10.637022
43.7208288,10.4211976
43.6371855,10.6014328
43.6390361,10.5985936
43.6381132,10.6004498
43.6376436,10.6012962
43.6704238,10.4927598
43.6724811,10.4950664
43.6807572,10.5264379
43.6808647,10.5257656
43.677483,10.5423333
43.6403201,10.5578008
43.655479,10.5859204
43.6807059,10.5651092
43.680637,10.5658559
43.6812268,10.5649201
43.6845377,10.5507608
43.6851289,10.5537726
43.6859284,10.5616255
43.6867056,10.5792167
43.685467,10.5965242
43.6889634,10.5988764
43.6836244,10.60784
43.6843593,10.6079705
43.6834189,10.6142739
43.6837246,10.6145013
43.6841989,10.6146996
43.6843839,10.6148311
43.6840289,10.6151624
43.6807246,10.6299962
43.5741024,10.564196
43.5757221,10.5651669
43.5750663,10.564916
43.581453,10.5841826
43.5810949,10.5866836
43.5833607,10.5690457
43.5829619,10.5697088
43.5665554,10.5996309
43.5666473,10.6340415
43.5765577,10.6122199
43.5760048,10.6163939
43.5638781,10.63596
43.5793138,10.6450712
43.6071441,10.6321546
43.6068998,10.6325358
43.6246453,10.6343766
43.6267802,10.6344144
43.5663947,10.5544617
43.5674089,10.5575968
43.5670936,10.5557283
43.5723279,10.5626128
43.5764738,10.5618386
43.5718942,10.5640553
43.5778324,10.5601288
43.5805267,10.559435
43.5380187,10.5267698
43.5378962,10.5270594
43.5379137,10.5267215
43.5382808,10.5265124
43.5356507,10.5328913
43.5359982,10.5344527
43.5362044,10.5342852
43.536136,10.5347624
43.5363088,10.5345615
43.5368569,10.5347573
43.5390541,10.5320413
43.5450876,10.526092
43.55424,10.4925037
43.5540882,10.5137455
43.5700084,10.5153504
43.6775696,10.5890377
43.6695013,10.5779958
43.6692301,10.5788105
43.674282,10.6164209
43.6654963,10.6527845
43.6644856,10.6521291
43.6685661,10.6402421
43.7117611,10.4847548
43.6550305,10.4355621
43.6544918,10.4356466
43.6547358,10.4364892
43.6687865,10.4353663
43.6705789,10.6427467
43.6633684,10.6458315
43.6639741,10.6461344
43.6634143,10.6481638
43.663381,10.6494689
43.657479,10.6270027
43.6567234,10.6301711
43.6575123,10.629954
43.6586366,10.630236
43.6586497,10.6315738
43.6586404,10.6304975
43.6592933,10.6303773
43.6626964,10.6358446
43.6651611,10.6364612
43.6638658,10.630547
43.6639983,10.6292703
43.6631737,10.6297347
43.6639333,10.6299066
43.6639178,10.6231758
43.6629228,10.622863
43.6631615,10.6229428
43.6622047,10.6230008
43.6643145,10.6244585
43.6640446,10.6238029
43.6632201,10.6282919
43.6565457,10.6418008
43.6565306,10.6415487
43.6562029,10.6412426
43.656654,10.641415
43.6565585,10.641149
43.6558613,10.6367211
43.6559988,10.6366032
43.6558468,10.6365028
43.6549756,10.6361332
43.654135,10.6389641
43.6427376,10.6314181
43.6436255,10.6327733
43.6424372,10.6313182
43.6420985,10.6313228
43.6421819,10.6313214
43.6421997,10.6320151
43.6427803,10.6287741
43.6421951,10.6126263
43.6425107,10.614131
43.6426173,10.6085122
43.6430138,10.6087133
43.6429289,10.6090433
43.6427364,10.6195443
43.6447483,10.6240055
43.643231,10.6230437
43.6308534,10.6179135
43.6302983,10.6194694
43.6299122,10.6190457
43.6303431,10.6193364
43.6278478,10.6176009
43.6303102,10.6091015
43.6304676,10.6087513
43.6314658,10.608273
43.6436087,10.595058
43.6428247,10.5943156
43.6465913,10.5940894
43.6476151,10.598421
43.647476,10.5986291
43.6470074,10.6004967
43.647171,10.5800713
43.641989,10.5681736
43.7052238,10.5034667
43.698273,10.4922737
43.6976877,10.4951054
43.5198493,10.4160838
43.6670609,10.5350186
43.6597801,10.6188057
43.6684365,10.6424658
43.4922139,10.5113085
43.4956231,10.5143531
43.4935813,10.5107114
43.4913396,10.4962868
43.4937768,10.5107426
43.4951178,10.5145546
43.4922803,10.510637
43.4929465,10.5106832
43.4891283,10.505395
43.4898625,10.5037893
43.4933107,10.5107035
43.4947774,10.5129388
43.4803429,10.5445176
43.4845099,10.5043967
43.4803481,10.509373
43.4841208,10.5046455
43.4808742,10.543833
43.4805653,10.5446949
43.4801228,10.5444568
43.4848452,10.5000181
43.4799275,10.543502
43.48173,10.5435024
43.4798182,10.5002287
43.480278,10.5441709
43.4821248,10.5433936
43.4810006,10.5450725
43.4814065,10.5432855
43.4801229,10.5441009
43.5095749,10.4480352
43.5538473,10.4774192
43.5090145,10.4474513
43.5096881,10.4489406
43.6850189,10.8545884
43.4785675,10.639227
43.4953713,10.6370946
43.5020501,10.6375658
43.4873576,10.6434169
43.499801,10.6376597
43.4863944,10.6430997
43.4854762,10.6425378
43.4850695,10.6431353
43.4796395,10.6403269
43.4828339,10.6418596
43.5021357,10.6371716
43.4948492,10.6372011
43.5092973,10.7574678
43.5100219,10.7571951
43.5127407,10.756228
43.5061935,10.7556148
43.4522169,10.8506764
43.4535778,10.8551114
43.4524334,10.855101
43.6046353,10.7692001
43.60507,10.7708546
43.6045118,10.7699923
43.6029445,10.7757131
43.6049108,10.7710322
43.6048588,10.770139
43.6048033,10.7689525
43.6069636,10.7745924
43.6038859,10.7767542
43.6034361,10.7763601
43.6049944,10.7714316
43.6045435,10.7694662
43.60519,10.7704115
43.6042437,10.773179
43.4538836,10.8305895
43.4539839,10.8302552
43.6985349,10.7515068
43.6992346,10.7368056
43.7004852,10.7395147
43.699807,10.7367196
43.706745,10.7373073
43.7057295,10.7578841
43.700638,10.7620626
43.7005083,10.7620648
43.6998966,10.7380986
43.7028413,10.7575346
43.7007762,10.7391811
43.7101486,10.7543909
43.7008848,10.7379672
43.6980374,10.7383235
43.7059089,10.7582702
43.7000678,10.761071
43.7011978,10.7389716
43.699151,10.751077
43.7033861,10.7586073
43.7005545,10.7406497
43.7015923,10.7378683
43.7041783,10.7825805
43.6926004,10.7950268
43.7037632,10.7829623
43.6898777,10.8005989
43.7057302,10.7816076
43.7049373,10.7868261
43.6882322,10.8024927
43.7049864,10.7822689
43.6908755,10.7920655
43.6918273,10.7942301
43.7043584,10.7870733
43.6931972,10.7955246
43.6996741,10.7874028
43.6901634,10.7962377
43.6925392,10.7928123
43.7060419,10.7844318
43.7039212,10.7828312
43.7049996,10.7881395
43.6940197,10.7936354
43.6949737,10.7870512
43.7053211,10.7791226
43.7061589,10.7824604
43.7051513,10.785719
43.6915759,10.7943863
43.7053531,10.786628
43.7034013,10.7809078
43.7029709,10.7813009
43.691797,10.7940911
43.6879437,10.7973081
43.7054335,10.7831348
43.6924138,10.7930433
43.6904753,10.7935076
43.7045092,10.7839913
43.6916936,10.7944312
43.6915333,10.7943126
43.7059076,10.7802922
43.6914781,10.7924486
43.705354,10.7808402
43.6877095,10.7905125
43.7060922,10.7721223
43.7093974,10.7702179
43.7076859,10.776086
43.717067,10.7611734
43.7091595,10.7749568
43.707763,10.7718205
43.6850548,10.798881
43.711359,10.7688299
43.7101441,10.7678329
43.6836192,10.7960179
43.7063642,10.7727872
43.7074056,10.7710669
43.7173352,10.7613764
43.6850568,10.7868154
43.7100129,10.7660901
43.6868354,10.7960237
43.7079904,10.7723199
43.6849843,10.7913351
43.7081488,10.7697317
43.7070781,10.772216
43.7011445,10.7643056
43.7073622,10.7728633
43.6858553,10.7910264
43.6861613,10.7891976
43.5583782,10.5705691
43.565369,10.5480551
43.7780651,10.6656391
43.7559228,10.6982937
43.7551316,10.7003411
43.7546901,10.6976226
43.7559561,10.698941
43.7514207,10.7035833
43.7527146,10.7013167
43.7785201,10.6672705
43.7549597,10.697
43.7528854,10.7038308
43.5276165,10.4813538
43.5448345,10.4995582
43.5468809,10.495495
43.5481825,10.4936275
43.532015,10.4921007
43.5164843,10.4607064
43.5154012,10.4610919
43.6995341,10.7486218
43.6985115,10.7332229
43.6987767,10.7496296
43.7002343,10.732533
43.6988258,10.7338997
43.6998212,10.7319727
43.7004947,10.7339122
43.5958972,10.4724034
43.5956248,10.4726388
43.5957867,10.4727081
43.5991788,10.4737359
43.5990483,10.4737078
43.6820426,10.8537466
43.6827023,10.8529704
43.68511,10.4997263
43.6783939,10.5257326
43.6883224,10.4793105
43.6858495,10.4943911
43.7456769,10.5191721
43.7362699,10.4902699
43.7284199,10.508331
43.7363585,10.4908608
43.7358138,10.5155032
43.7367008,10.5135431
43.7516938,10.467159
43.7079235,10.4368306
43.699322,10.7381836
43.7035674,10.7856422
43.5497599,10.7221591
43.5583005,10.7270412
43.5491517,10.7141386
43.5899575,10.6410016
43.5521181,10.7108527
43.5495174,10.7140969
43.586974,10.6779831
43.5590301,10.7155865
43.5803803,10.71659
43.5497075,10.7130674
43.5844689,10.6798505
43.5499907,10.7220294
43.5570881,10.7253432
43.5593509,10.7287512
43.5281032,10.7491544
43.5520081,10.7369268
43.547508,10.7157243
43.5497653,10.7116188
43.5039319,10.7504433
43.5504487,10.7130265
43.5871519,10.6797864
43.5523229,10.7127849
43.5505342,10.7136272
43.5986224,10.6422989
43.5470566,10.717512
43.5517794,10.7237958
43.5468819,10.7160508
43.5259536,10.741216
43.6497712,10.7439387
43.4735044,10.7266377
43.6412292,10.7422535
43.6501945,10.74254
43.474394,10.7274648
43.6512249,10.7337258
43.6576906,10.7200892
43.6639687,10.717635
43.6190636,10.7583408
43.473718,10.7278004
43.6437114,10.7483011
43.649365,10.7318911
43.6526012,10.7326906
43.64836,10.7351594
43.6507576,10.7358323
43.6224868,10.7077302
43.6643152,10.7176634
43.4936492,10.6377596
43.6810321,10.7965449
43.682543,10.7993088
43.6817359,10.7998233
43.6830118,10.798671
43.6816227,10.800517
43.6820834,10.800462
43.6819072,10.7989215
43.6809163,10.7981108
43.6805529,10.7972274
43.6818986,10.7989709
43.6818701,10.7991508
43.4470994,10.44782
43.4591393,10.4684296
43.6818414,10.8058507
43.6813673,10.8063556
43.7199821,10.4174622
43.7217461,10.4166557
43.7209035,10.4162006
43.7201968,10.4163238
43.7201577,10.4173156
43.7199049,10.4165722
43.7212802,10.4161905
43.7204474,10.4155553
43.7205634,10.4185904
43.7203092,10.4159925
43.7201501,10.4186448
43.7206824,10.4169609
43.7207612,10.4166182
43.7218714,10.4161592
43.7211945,10.4157983
43.457998,10.6316343
43.458352,10.6299566
43.6071358,10.4373056
43.6198024,10.4342679
43.6075243,10.4402046
43.6007267,10.444629
43.6063345,10.4372377
43.645788,10.4306944
43.6780838,10.4330248
43.6749952,10.426676
43.6760398,10.4264516
43.6790731,10.430165
43.6750747,10.4269464
43.6601613,10.4653226
43.7304455,10.4604199
43.6534348,10.559802
43.6686778,10.4342443
43.6699562,10.4333547
43.6549571,10.5645702
43.6597628,10.5421766
43.7272639,10.4589338
43.7307123,10.4585051
43.6539091,10.5577357
43.6689347,10.4337947
43.653005,10.5610882
43.6563358,10.5567356
43.6688086,10.4340975
43.72745,10.4564202
43.7265799,10.4627744
43.6536566,10.5588803
43.6619978,10.5324023
43.6608743,10.553694
43.659351,10.4288926
43.5239166,10.5351058
43.4942295,10.5360483
43.4597909,10.5651499
43.5111526,10.5558762
43.4926841,10.5431933
43.4597325,10.5684857
43.453063,10.5218808
43.4841182,10.537255
43.4947857,10.5412918
43.4570947,10.5674499
43.5111082,10.5560435
43.4602052,10.5635387
43.460526,10.5625629
43.4445055,10.5212285
43.4621585,10.5597241
43.4602138,10.5635735
43.5112406,10.5558135
43.4606038,10.5638038
43.4627349,10.5588759
43.5250941,10.5359043
43.4604437,10.5624168
43.4628858,10.5586642
43.4621034,10.5649351
43.4632793,10.5581318
43.5158593,10.5555757
43.5014861,10.5582818
43.4600275,10.5645588
43.4608525,10.5623885
43.8209428,10.4187988
43.8208037,10.4173181
43.8208545,10.4179952
43.8205631,10.4178712
43.7356282,10.6061281
43.7291718,10.607275
43.7147493,10.5213321
43.7286993,10.6072785
43.6613109,10.6389724
43.6620608,10.6390313
43.6632246,10.6384206
43.6633042,10.6389704
43.6612465,10.6395261
43.662378,10.638008
43.663272,10.6353689
43.6625551,10.6353435
43.6657948,10.6180663
43.6753919,10.583253
43.66896,10.5942438
43.6631789,10.6143305
43.6752555,10.5835153
43.6691505,10.5942392
43.6630824,10.6147109
43.6689214,10.594551
43.6715505,10.5944832
43.6628556,10.6133343
43.6690033,10.5938995
43.6750838,10.5834446
43.6654991,10.6183327
43.6630615,10.614159
43.6701176,10.5877913
43.6750355,10.5832159
43.6690794,10.5943578
43.6752563,10.583034
43.6710657,10.573544
43.6716422,10.5747898
43.6712885,10.5745793
43.6711351,10.5745422
43.6693099,10.5687826
43.6713389,10.5790921
43.6707962,10.5784538
43.6715427,10.5708348
43.671503,10.5738508
43.6649715,10.5859995
43.6664291,10.5820964
43.6664424,10.5811458
43.653767,10.5691957
43.6677093,10.5883791
43.7109255,10.5736929
43.6805273,10.4783683
43.6809718,10.4780605
43.6810963,10.478344
43.688092,10.4733692
43.6880596,10.8011802
43.6802684,10.7970496
43.6861437,10.500295
43.6817374,10.4968329
43.6764938,10.5115026
43.6817117,10.4972445
43.678644,10.5114008
43.6856327,10.5032746
43.6817717,10.4970869
43.6868177,10.500669
43.6890936,10.5252437
43.6864237,10.4992308
43.6793686,10.5186393
43.6853666,10.5041257
43.6815038,10.497396
43.6813986,10.4931764
43.6867312,10.4981285
43.6809224,10.5253182
43.6852371,10.4985916
43.6817359,10.4934667
43.6754012,10.4702533
43.6832276,10.4800171
43.6960035,10.7449825
43.6963464,10.7468041
43.7047143,10.779695
43.7239729,10.75831
43.7226967,10.7596948
43.7259272,10.756083
43.7038369,10.7781319
43.7122893,10.7707413
43.7127833,10.774864
43.7112513,10.7717884
43.7130691,10.7754422
43.7138629,10.7738971
43.7122899,10.770825
43.7124553,10.7709181
43.7123661,10.7709319
43.7190169,10.7815489
43.7123198,10.770669
43.7141462,10.7744767
43.7113192,10.771935
43.700263,10.7581625
43.6992151,10.7943489
43.6781835,10.9049675
43.7058737,10.8715121
43.703438,10.8786753
43.7021181,10.8884643
43.7106972,10.8775865
43.6636451,10.9095282
43.7027918,10.8562329
43.7038128,10.8528784
43.7118191,10.8770609
43.7085612,10.8731184
43.7086988,10.8675501
43.7112191,10.8749399
43.7114166,10.8748278
43.7117963,10.8750432
43.7138989,10.8729558
43.6883226,10.8690379
43.6915938,10.8716466
43.6873024,10.8612523
43.6889014,10.863259
43.6899167,10.8621956
43.6916077,10.8646269
43.690234,10.8644757
43.6919831,10.8646707
43.6902005,10.8628643
43.6902854,10.8663554
43.6912397,10.8656752
43.6905824,10.8652921
43.6919206,10.8657334
43.6907986,10.8653041
43.6951698,10.8659058
43.6938291,10.8643485
43.6953539,10.8652973
43.6955192,10.866295
43.6917634,10.8687991
43.6919277,10.8677456
43.6919164,10.8680086
43.6925798,10.8677892
43.691817,10.8677382
43.692416,10.8677782
43.691808,10.8680066
43.6918202,10.8676257
43.6914136,10.8681319
43.6926769,10.8545075
43.690752,10.8559359
43.690274,10.8555047
43.690847,10.855094
43.6866661,10.8538069
43.6865123,10.8524457
43.6812102,10.852263
43.680527,10.851461
43.6800963,10.8543865
43.6809727,10.8549022
43.6794706,10.8475717
43.6785779,10.8474168
43.6805872,10.8473816
43.6807285,10.8477505
43.681737,10.846355
43.6802768,10.85528
43.6803781,10.8553367
43.68012,10.8556768
43.6820612,10.8587935
43.6800452,10.8616701
43.6802762,10.8618645
43.6827304,10.8549326
43.6814612,10.8469959
43.6937538,10.8249436
43.6941275,10.827796
43.6917981,10.8392403
43.6914178,10.8387618
43.6930389,10.839892
43.6905657,10.8443914
43.6901987,10.8430599
43.6925572,10.8447607
43.6877228,10.8485974
43.6919828,10.8446762
43.693239,10.8450188
43.6907035,10.8455448
43.6920685,10.845733
43.6917763,10.8446776
43.6917268,10.8456891
43.6906171,10.8451746
43.6931082,10.8472116
43.6924802,10.8470095
43.69181,10.8466918
43.6901766,10.845708
43.6907984,10.8461278
43.6929669,10.8497208
43.6952204,10.8494859
43.6937924,10.8415997
43.6934007,10.8416284
43.6962747,10.8395994
43.6974536,10.8478589
43.6964995,10.850509
43.694087,10.8551224
43.6940317,10.8546543
43.694082,10.8537686
43.694532,10.8636785
43.6934476,10.8641168
43.6813487,10.8508747
43.6834338,10.8517832
43.6830134,10.8530411
43.6603317,10.8067066
43.6698805,10.8286978
43.676351,10.8202322
43.6875165,10.8219323
43.6815498,10.8256181
43.6795033,10.8233489
43.6771663,10.8233839
43.6814644,10.8266158
43.6871813,10.8356571
43.6779495,10.8368941
43.6783427,10.8383578
43.6779613,10.838439
43.677158,10.8376773
43.6772589,10.8374305
43.6770292,10.8398691
43.6769021,10.8380497
43.6765374,10.8372061
43.6735187,10.8337183
43.6397004,10.8714379
43.6283704,10.8566259
43.6605965,10.8866547
43.7076407,10.8725696
43.6427297,10.8062099
43.4742593,10.4385898
43.478339,10.434985
43.4777204,10.4345687
43.5716254,10.5940788
43.6883888,10.4699344
43.5639363,10.5804899
43.5609554,10.5969683
43.5575539,10.5961505
43.5610274,10.5947199
43.6825027,10.8510549
43.6806173,10.8603144
43.6934326,10.8789776
43.6902755,10.8659585
43.4734308,10.7279854
43.6467329,10.5938598
43.6445075,10.5932944
43.6736601,10.8803414
43.6632017,10.9147954
43.7181139,10.8759981
43.7139154,10.8769316
43.7141891,10.8772215
43.7140647,10.8763824
43.6879899,10.8929965
43.6889829,10.8919777
43.6862813,10.8933707
43.6207741,10.8685379
43.6217607,10.8683948
43.6526905,10.8323863
43.6537093,10.8331902
43.5367175,10.5076146
43.5362326,10.527123
43.5178023,10.5319451
43.7018861,10.4953417
43.6972532,10.5017852
43.6991831,10.4950406
43.6753279,10.4708942
43.6757524,10.4707842
43.6734191,10.4755257
43.6755991,10.4706322
43.6715959,10.4744713
43.6702521,10.4723703
43.6725128,10.4709487
43.6770465,10.4781486
43.6788004,10.4795112
43.6797418,10.4788225
43.6788352,10.4796178
43.6787958,10.4794258
43.6776622,10.4763251
43.6752983,10.4727139
43.6770977,10.4780036
43.6821135,10.4815591
43.6789752,10.4796653
43.6787457,10.4795168
43.6788989,10.4795264
43.6799717,10.478936
43.67833,10.4743778
43.6751093,10.4728411
43.6787614,10.473314
43.6786206,10.4793753
43.6831998,10.4804778
43.6852069,10.4845854
43.6860972,10.485192
43.6838025,10.4861706
43.6834781,10.4867867
43.6842439,10.4861477
43.6832437,10.4866594
43.6837786,10.4862836
43.6848525,10.4872213
43.6839439,10.4854951
43.6834095,10.4861724
43.6837767,10.4824099
43.6845146,10.4830347
43.7115707,10.78018
43.6879244,10.4817392
43.6853414,10.477776
43.689814,10.4614272
43.6879264,10.4811978
43.6891601,10.4624773
43.6835817,10.4775802
43.683316,10.4783352
43.6886008,10.4620756
43.6887979,10.46222
43.6881268,10.4617637
43.6843003,10.4776337
43.6849291,10.4770593
43.6878338,10.4822009
43.6879528,10.481611
43.6873891,10.469528
43.6875294,10.4682919
43.6877766,10.4696475
43.6851736,10.4782601
43.6850901,10.4760142
43.6848313,10.4775466
43.6813426,10.4656675
43.6809258,10.4560313
43.6955634,10.4476948
43.6950243,10.4474245
43.6970001,10.4459728
43.6924856,10.4541403
43.6939179,10.452188
43.6941171,10.4509555
43.6937123,10.4520687
43.6853422,10.4430615
43.6876205,10.4443077
43.692024,10.4432585
43.6919152,10.4354634
43.6857049,10.4433356
43.7638149,10.7078731
43.7060038,10.4371548
43.7088012,10.4391562
43.7055111,10.4382888
43.7075688,10.4373835
43.7071438,10.4377158
43.707564,10.4374728
43.7077939,10.4376863
43.7068235,10.43626
43.7077414,10.4384508
43.4812508,10.54534
43.4532701,10.5616815
43.6893896,10.4860992
43.6896882,10.4859933
43.6902253,10.4854588
43.6891731,10.4875043
43.5872542,10.815517
43.5711971,10.7510867
43.6029552,10.6989564
43.602877,10.7037423
43.5872755,10.7132468
43.5952333,10.7175513
43.6033502,10.6997835
43.5751121,10.752768
43.6018172,10.7086709
43.5772636,10.7530429
43.6034832,10.6993124
43.5890314,10.7201464
43.6444791,10.4495634
43.6440361,10.4493181
43.6440326,10.4485515
43.5683586,10.4184175
43.5689784,10.4199615
43.5685706,10.418762
43.6966355,10.4473382
43.7238082,10.6424148
43.7272898,10.6406114
43.724261,10.620019
43.7257892,10.6259735
43.7310579,10.5787151
43.727513,10.5889238
43.730222,10.5784561
43.7313011,10.577656
43.7279311,10.5930876
43.7299177,10.5803496
43.7306874,10.577191
43.7309448,10.5785727
43.7034324,10.4602827
43.6993337,10.4563183
43.701813,10.4628099
43.7032811,10.460685
43.7033278,10.4605474
43.6956892,10.4584753
43.7031648,10.4608889
43.6961336,10.4588462
43.7035046,10.461291
43.7030756,10.4603471
43.7036303,10.4609626
43.6996081,10.4553748
43.7346602,10.4815356
43.7315908,10.4871012
43.7409244,10.4885274
43.7372136,10.4889242
43.7339573,10.4825816
43.7363167,10.4887382
43.7345476,10.4813835
43.734273,10.4829359
43.7362402,10.4866718
43.7370675,10.4876619
43.7403408,10.4887234
43.5300771,10.4777056
43.5340827,10.4980159
43.7075421,10.4610704
43.7090327,10.4622348
43.710612,10.4478845
43.7080571,10.4574555
43.7087898,10.4627876
43.7185689,10.4501894
43.7160929,10.4676156
43.7024516,10.4364471
43.7030506,10.436714
43.7048723,10.4376549
43.7442025,10.4255758
43.7436521,10.4190651
43.7210937,10.4309173
43.7155611,10.4328311
43.7215549,10.4296935
43.7151104,10.427402
43.7186547,10.4415804
43.7152994,10.4340017
43.7178069,10.4286297
43.716061,10.4337567
43.7179532,10.4283071
43.7159625,10.4271526
43.7193751,10.4287223
43.7180971,10.4284876
43.7222174,10.4281946
43.7157312,10.4321236
43.7154456,10.4268239
43.7155253,10.4333914
43.7062131,10.6577285
43.7053038,10.6553941
43.699777,10.6539571
43.7079613,10.6534281
43.7004461,10.6671118
43.6964299,10.6488158
43.7083987,10.6588073
43.6984943,10.6604208
43.7078464,10.6566588
43.7077266,10.6551734
43.768089,10.425556
43.6706861,10.5506958
43.6706827,10.551093
43.6706881,10.5500759
43.67882,10.542871
43.6780599,10.5401223
43.6702633,10.5507454
43.6790757,10.5405646
43.6862498,10.6145944
43.6722954,10.5764012
43.66971,10.5765732
43.6728799,10.5784103
43.7389023,10.6664152
43.7434815,10.6668991
43.6709794,10.55516
43.6566217,10.5607289
43.6710661,10.5974265
43.6560072,10.5607356
43.7170646,10.622891
43.7160519,10.622656
43.7151476,10.6224353
43.7292859,10.6140074
43.7271549,10.6100013
43.7259859,10.6171151
43.730393,10.6173123
43.727859,10.6125272
43.7276959,10.610918
43.7295597,10.6172395
43.731321,10.6180675
43.7282742,10.6171989
43.7290603,10.6040342
43.728215,10.6048595
43.7315792,10.6213944
43.7293587,10.6132434
43.7239157,10.6157313
43.7291263,10.6106519
43.7231847,10.6178724
43.7276669,10.6117127
43.7288081,10.6046966
43.7279183,10.6109109
43.7314025,10.6213752
43.7238621,10.6138874
43.7286575,10.6102296
43.7292745,10.6039314
43.7272399,10.6132053
43.7287882,10.6041262
43.7286723,10.6108085
43.7235164,10.594785
43.7252538,10.5992842
43.7186125,10.6381163
43.7152895,10.6141209
43.7075605,10.6362937
43.7078185,10.4581581
43.7087495,10.4584437
43.7053837,10.4517677
43.7060286,10.4502495
43.7136989,10.5958045
43.7122757,10.6287604
43.7320979,10.6328813
43.7319703,10.62917
43.7335089,10.6200273
43.7349028,10.6176193
43.7671501,10.6624348
43.7675579,10.6650807
43.7724248,10.6613173
43.6032329,10.5223555
43.6210221,10.5262897
43.6186447,10.5275999
43.6185518,10.5263777
43.6157455,10.5279981
43.4671139,10.4887573
43.4851138,10.4661321
43.4684631,10.4848924
43.4857697,10.4682974
43.4687743,10.486096
43.4854922,10.4663689
43.6165669,10.463918
43.6158987,10.4607756
43.6156104,10.4683689
43.6144137,10.4686406
43.6131256,10.4688042
43.6115918,10.4627006
43.6072434,10.5108338
43.59355,10.4788175
43.6131339,10.4657352
43.6188734,10.4717728
43.6005024,10.4686324
43.6129565,10.4653066
43.6102293,10.4613127
43.5939074,10.4739631
43.6092048,10.4639148
43.5955425,10.4773594
43.6069358,10.4632248
43.6159658,10.470345
43.6027704,10.466789
43.6088741,10.4683335
43.6028181,10.5367827
43.6010398,10.4653264
43.5940503,10.4586561
43.5838551,10.4665254
43.5655124,10.476104
43.5935408,10.4564625
43.5514325,10.506898
43.6028894,10.4545103
43.5917809,10.4622533
43.5619529,10.4730062
43.593679,10.4568456
43.5953565,10.5537202
43.6080533,10.5401048
43.6027194,10.5439329
43.6041072,10.5923736
43.6027623,10.5942736
43.6036592,10.592731
43.6029817,10.5910948
43.6038296,10.5896245
43.6037537,10.5911935
43.6051753,10.5884717
43.6050815,10.5861807
43.6060416,10.589941
43.6035237,10.5933021
43.6031357,10.5920269
43.6078529,10.5873056
43.6032686,10.5945252
43.6716575,10.6501756
43.6738256,10.6506294
43.672793,10.650538
43.6022241,10.5581142
43.5882158,10.5571157
43.6056358,10.5127637
43.6234292,10.6150654
43.6088533,10.5686762
43.6264981,10.5816798
43.6307301,10.5848821
43.6308913,10.584688
43.630949,10.5847181
43.6211449,10.6133491
43.623592,10.6146238
43.626241,10.6155899
43.6221813,10.6132044
43.6332716,10.5858458
43.6078312,10.6060754
43.6082334,10.6061035
43.6119751,10.6178264
43.6080617,10.6065125
43.6082994,10.6064546
43.6080274,10.606284
43.6573347,10.6138531
43.6554553,10.6234631
43.6502894,10.5975034
43.6505219,10.5973798
43.6558737,10.6231862
43.6558795,10.6056896
43.6544405,10.6040646
43.6574584,10.6132558
43.6557517,10.6237685
43.6535698,10.6168854
43.6552686,10.617162
43.6556274,10.6230987
43.6560953,10.6198779
43.6536495,10.6195272
43.6553841,10.6211972
43.6597237,10.6186674
43.6553143,10.6216345
43.6551724,10.6177712
43.6598043,10.6186752
43.6555518,10.6201072
43.6562616,10.6199225
43.6552784,10.6218502
43.6438453,10.6101905
43.6445791,10.6099659
43.6553313,10.6514721
43.6579734,10.6445671
43.6287304,10.6262496
43.6310259,10.6204968
43.6349878,10.6304955
43.6197524,10.6263392
43.6287079,10.627446
43.6302668,10.6272785
43.629601,10.6198847
43.6285127,10.6191412
43.5629887,10.5355158
43.5613486,10.5319131
43.6823488,10.8005557
43.6819515,10.7991318
43.7575821,10.4318987
43.7570763,10.4319949
43.7618416,10.4409052
43.7615225,10.4399931
43.6570024,10.659775
43.6546786,10.6599337
43.6039815,10.7063011
43.7953272,10.4197924
43.7933459,10.423395
43.7939895,10.4208549
43.4631115,10.558762
43.5693363,10.4331895
43.5711474,10.4294781
43.7644984,10.4452397
43.7566192,10.4627094
43.655742,10.7981449
43.6716875,10.7740723
43.6586185,10.7647239
43.6639499,10.7771242
43.6659312,10.7671397
43.6702832,10.7608676
43.6673211,10.7673623
43.6664979,10.7672969
43.66365,10.7332343
43.6558176,10.7421081
43.6554214,10.740909
43.7062012,10.5890518
43.7057389,10.5899835
43.7738979,10.4206954
43.7737861,10.4205245
43.5758489,10.4336762
43.5751767,10.4248841
43.6911497,10.4411093
43.6869893,10.4405526
43.6905018,10.4432961
43.6911986,10.445538
43.6911521,10.445483
43.6917776,10.4434609
43.6885638,10.4515073
43.691171,10.4457296
43.6910285,10.4455252
43.707971,10.4221969
43.7095449,10.4218479
43.756334,10.4640008
43.7551679,10.4604216
43.7579058,10.4603091
43.757604,10.4610992
43.7372933,10.4804815
43.7415009,10.4737157
43.7224905,10.5002345
43.7358599,10.4809986
43.7118944,10.4423962
43.7117567,10.4418335
43.7121269,10.4420938
43.7265082,10.446481
43.7263175,10.4466235
43.726543,10.4465825
43.7342387,10.4254482
43.7341438,10.4258312
43.7341613,10.4253649
43.7341484,10.4253712
43.7341231,10.4254987
43.7341165,10.4254809
43.7341983,10.4255316
43.7343162,10.4251912
43.7289025,10.4202535
43.7135636,10.4281447
43.706558,10.4190053
43.7059016,10.4201653
43.7134451,10.4281894
43.7012624,10.4387494
43.7002456,10.4363145
43.7057087,10.4416284
43.7014789,10.4389687
43.7013449,10.4384936
43.7002158,10.4360343
43.7015713,10.4385153
43.7058475,10.4413446
43.683692,10.4217208
43.6840891,10.4220029
43.6841995,10.4217055
43.7641271,10.4438032
43.6663454,10.6553217
43.6664176,10.6557947
43.665945,10.6554844
43.6660475,10.6553095
43.6664372,10.6554921
43.6649125,10.6579003
43.6646755,10.6578642
43.6644651,10.6583755
43.6642166,10.6577744
43.6646724,10.6586772
43.6648787,10.6592253
43.6596817,10.6814397
43.6454867,10.6429684
43.6653271,10.6569839
43.6656055,10.6568571
43.6461685,10.6430143
43.6654206,10.6584873
43.664269,10.6588892
43.7056782,10.4271452
43.5222221,10.4430366
43.5245312,10.4448047
43.526772,10.4417201
43.7053758,10.4274367
43.7055256,10.4275384
43.7228283,10.4266721
43.6956295,10.4378326
43.698361,10.7858525
43.7116227,10.760026
43.7119832,10.7600179
43.7119202,10.759737
43.7121301,10.7592788
43.7123724,10.7602229
43.7125411,10.7593789
43.7125587,10.7600646
43.7126376,10.7596173
43.7129336,10.759228
43.7221131,10.7517643
43.7226276,10.7511114
43.7227601,10.7514434
43.7229528,10.7506277
43.7231524,10.7507216
43.7232751,10.751005
43.8083318,10.4178176
43.8080389,10.4176447
43.8055556,10.4226554
43.7020733,10.7565587
43.7028179,10.75575
43.7034337,10.756977
43.6890897,10.4847631
43.6905287,10.4798317
43.6894098,10.4789979
43.6880741,10.4818589
43.693268,10.4886199
43.6928535,10.4882689
43.6927094,10.4884576
43.6593851,10.6738631
43.6588094,10.6738123
43.6661463,10.6541204
43.6962095,10.7252179
43.6980513,10.7291401
43.7064077,10.4192704
43.7128677,10.4148689
43.7141452,10.4162832
43.7140411,10.4157882
43.6952626,10.7101727
43.694448,10.7110332
43.6918335,10.7122637
43.693125,10.7097971
43.692423,10.7110649
43.6937224,10.7122447
43.6934866,10.7120362
43.6964075,10.7085807
43.6949222,10.7130748
43.5238053,10.6763026
43.5239473,10.6763574
43.5239611,10.6763063
43.6707936,10.642634
43.6706074,10.6425974
43.6707725,10.6425944
43.6434679,10.6491053
43.6423693,10.6499965
43.6874112,10.7281117
43.6766517,10.7339422
43.6786082,10.7183808
43.6768287,10.7328053
43.6797362,10.7359028
43.6747255,10.7393644
43.6762936,10.7371069
43.6764708,10.7355709
43.6780217,10.7350156
43.6778323,10.7350849
43.6735578,10.7232975
43.6762998,10.7395916
43.6682849,10.7052204
43.6802797,10.7274482
43.6855317,10.7315368
43.6773356,10.7352666
43.6769446,10.7354096
43.6751803,10.7401022
43.6761621,10.7384414
43.6709902,10.7411614
43.6770808,10.7333602
43.6817526,10.7240329
43.6866086,10.4985212
43.686542,10.5049664
43.6874777,10.5037623
43.6769571,10.4950648
43.6873837,10.5535203
43.6986648,10.5769153
43.671203,10.5806083
43.6862227,10.553242
43.6996909,10.5796033
43.6739763,10.5796594
43.7011165,10.5693872
43.6653112,10.6348177
43.6650631,10.6321434
43.6650125,10.6347706
43.6650553,10.6316392
43.6575868,10.6383658
43.656941,10.6378939
43.6573454,10.639003
43.6634411,10.658436
43.6662883,10.6655891
43.6852613,10.6632479
43.6980758,10.6942713
43.6901513,10.6557486
43.6977917,10.6975345
43.6845599,10.6551375
43.5939983,10.6767153
43.5976267,10.6679018
43.5553167,10.7124926
43.6873868,10.414465
43.5706594,10.6678109
43.5716052,10.6669158
43.7549375,10.4647229
43.7544628,10.4636781
43.7492809,10.4669714
43.7536923,10.4657278
43.7547552,10.4648293
43.7486655,10.4675948
43.7561595,10.4677084
43.4755018,10.4679313
43.4736199,10.4837954
43.4910252,10.5101415
43.4914741,10.5090744
43.4783291,10.5295991
43.479207,10.5195061
43.5364714,10.5998412
43.5363688,10.5985524
43.5370153,10.59677
43.5092754,10.4475168
43.5096629,10.4476809
43.5098436,10.4473519
43.5100206,10.4469962
43.4821502,10.5439565
43.4824011,10.5435809
43.5041445,10.5600531
43.4725793,10.5663073
43.4700202,10.5604924
43.6549867,10.6347885
43.5225034,10.6167514
43.5236192,10.6123609
43.5235276,10.6142736
43.6616776,10.6341703
43.5242855,10.6845471
43.5249233,10.6779663
43.526686,10.6752514
43.527416,10.674225
43.5279541,10.6748641
43.527296,10.6744885
43.527878,10.6747894
43.5269935,10.6733271
43.6613341,10.6346396
43.4724828,10.5659279
43.4726486,10.5679108
43.4725901,10.5668623
43.4726903,10.5658257
43.4728046,10.5663492
43.5095978,10.447926
43.5102178,10.4494262
43.5103263,10.4482105
43.5741821,10.6703352
43.5073448,10.7580133
43.6661992,10.6379915
43.6641884,10.6388333
43.6636628,10.6349172
43.682933,10.7992287
43.6823228,10.7990441
43.6820468,10.8006586
43.6822968,10.7992351
43.4789949,10.6415261
43.4883462,10.6505665
43.478056,10.6408155
43.5395878,10.7930391
43.5398474,10.7927618
43.6641692,10.6320744
43.6226063,10.6715592
43.6220112,10.6706097
43.6566876,10.661145
43.6670542,10.7200684
43.6680113,10.7187619
43.6705284,10.7508023
43.6641712,10.65901
43.5112485,10.55601
43.7473214,10.4352765
43.7483992,10.433332
43.6668859,10.6420755
43.6669001,10.6462567
43.6720751,10.6500936
43.6723486,10.6506272
43.6468499,10.600367
43.6473707,10.5987125
43.6468925,10.600369
43.646662,10.5942652
43.6724257,10.6502579
43.652797,10.6163254
43.6487672,10.5961795
43.6552583,10.6265364
43.6666973,10.6420361
43.6716045,10.6411296
43.6456207,10.6044112
43.6506004,10.5976704
43.6525231,10.6025253
43.6570966,10.6132953
43.6790532,10.6328126
43.6570497,10.6136033
43.6792939,10.6322461
43.6525025,10.6023476
43.7131296,10.4301781
43.7205574,10.4217411
43.7206196,10.4219079
43.7206131,10.4216446
43.7206263,10.4216372
43.7207273,10.4216654
43.6632405,10.6414828
43.6635656,10.6417938
43.6632718,10.6417704
43.6630263,10.6417374
43.6625031,10.636872
43.6626878,10.6368723
43.6681145,10.645908
43.5806817,10.7040542
43.6283234,10.659764
43.6278122,10.6599007
43.6183821,10.6747227
43.6187283,10.6742164
43.6194675,10.6120068
43.6197946,10.6122032
43.6623264,10.6226265
43.6833281,10.6248373
43.6621945,10.6225408
43.631983,10.6048365
43.6302226,10.6255358
43.6222771,10.6285342
43.622472,10.6283532
43.6234339,10.6268494
43.6304217,10.6256313
43.6302486,10.6255791
43.607381,10.5999188
43.6068372,10.6027405
43.6071772,10.6009762
43.6457357,10.6039198
43.6655449,10.6337748
43.6653445,10.6325516
43.6644454,10.5416085
43.7129036,10.4221464
43.4820507,10.4444074
43.4822143,10.4412467
43.4825023,10.4416728
43.699766,10.5149675
43.6999348,10.5154679
43.7300195,10.422864
43.7300252,10.4231781
43.7274955,10.4192153
43.7095628,10.4277967
43.7519157,10.4657575
43.7524698,10.4648817
43.6932828,10.4815214
43.6673451,10.5965031
43.6944924,10.6972847
43.7183022,10.4183719
43.6668541,10.6422518
43.4634015,10.4148245
43.72281,10.4161319
43.7229072,10.4159881
43.6810783,10.796927
43.6811244,10.7965697
43.7092253,10.4279405
43.6955411,10.6984805
43.6968386,10.6963494
43.683079,10.8002678
43.6850389,10.7993759
43.6861103,10.7973504
43.6835515,10.8003707
43.6847229,10.7994993
43.6837617,10.798872
43.6791676,10.8014522
43.6830101,10.800811
43.7042597,10.7801149
43.7047886,10.7796276
43.689873,10.8097205
43.7038249,10.7965522
43.6906352,10.7961487
43.7048567,10.7813134
43.6893811,10.805901
43.7040688,10.7844131
43.6888994,10.8037016
43.6879273,10.797445
43.6893678,10.8067821
43.6884905,10.8050789
43.6887426,10.7979294
43.6883305,10.8049772
43.7049423,10.7835898
43.6883257,10.8051275
43.6881775,10.7989786
43.6888981,10.8022757
43.6880421,10.7997534
43.6885891,10.7990936
43.7065735,10.7833064
43.7043531,10.7824171
43.70572,10.7864523
43.6093296,10.6119022
43.616465,10.6359737
43.6172373,10.6348811
43.5498345,10.7180106
43.5501053,10.7176162
43.5506869,10.7176596
43.7291373,10.7584267
43.4826714,10.438803
43.4824295,10.4411675
43.4826675,10.4395116
43.4832397,10.4370971
43.4828355,10.438179
43.4844676,10.4378913
43.483372,10.4384597
43.4837428,10.4391887
43.4818463,10.4370971
43.4817841,10.4406289
43.4816361,10.4400368
43.4811229,10.4412456
43.4813013,10.4419251
43.4812738,10.4412845
43.4816294,10.4412619
43.4832406,10.4399885
43.7305941,10.7647041
43.7304254,10.7649438
43.7228004,10.7559537
43.7226482,10.7599902
43.7082467,10.7592367
43.7255725,10.7568979
43.7152066,10.7474585
43.7246533,10.7656658
43.7155108,10.7606694
43.7309699,10.7641787
43.7240854,10.7546119
43.7173987,10.7612067
43.7233716,10.7625635
43.7214458,10.7576006
43.7132784,10.7517482
43.7179529,10.7522548
43.7170837,10.7592067
43.7224652,10.7596148
43.7194591,10.7592804
43.7171519,10.7452875
43.7160246,10.7496965
43.7230506,10.7556439
43.7223121,10.7860342
43.7239007,10.7897074
43.7153893,10.7603359
43.7178958,10.7607567
43.717208,10.7513522
43.7212117,10.7575054
43.7240136,10.7579776
43.7239163,10.7647222
43.715356,10.760805
43.7093763,10.7522301
43.7094395,10.751921
43.7156591,10.7658525
43.7076573,10.7534787
43.7236277,10.7635698
43.7255583,10.7490062
43.729834,10.7636463
43.7189119,10.7355046
43.7230442,10.7560244
43.7085724,10.7556918
43.7133971,10.7519266
43.7180572,10.7361868
43.710106,10.7538989
43.7214856,10.7572256
43.7161046,10.7842492
43.7100931,10.7724428
43.7111851,10.7730456
43.7103104,10.7738711
43.7087422,10.7740533
43.7068719,10.7693739
43.7068006,10.7694548
43.707204,10.7706807
43.710638,10.7719159
43.7102457,10.7696036
43.7116646,10.77263
43.7159353,10.7828311
43.7092924,10.7706425
43.7195901,10.7899581
43.7067354,10.7690906
43.7068543,10.7691496
43.7205338,10.7873019
43.715667,10.7833674
43.7069503,10.768905
43.7092778,10.7701679
43.718156,10.7862411
43.7066238,10.7692257
43.7091979,10.7704093
43.715021,10.7770471
43.7169945,10.7861862
43.7210583,10.7885797
43.7091147,10.7700982
43.717384,10.7869761
43.7158905,10.7844305
43.7070691,10.7693313
43.7163294,10.7853286
43.7174745,10.786169
43.7160469,10.7882284
43.7078126,10.7701501
43.7177081,10.7866483
43.71658,10.7877285
43.7165102,10.7891693
43.8046252,10.6598079
43.8044394,10.659442
43.8048324,10.6601367
43.8051292,10.6602035
43.708677,10.7785514
43.7103239,10.7787525
43.7133896,10.7837853
43.712654,10.7844273
43.7131949,10.7833582
43.7097203,10.7773552
43.7124321,10.7839757
43.6464745,10.6001882
43.6470426,10.6002007
43.711381,10.4364899
43.6827514,10.4293689
43.6806255,10.4280854
43.6873505,10.4329832
43.682855,10.4294351
43.6823186,10.4295276
43.6829654,10.4288857
43.6828918,10.4291669
43.682685,10.4297549
43.6870415,10.4327688
43.6844435,10.4307873
43.683066,10.4299722
43.7105355,10.4295745
43.627629,10.6246308
43.6217004,10.6340183
43.6197377,10.631101
43.6235184,10.6298065
43.623463,10.6301775
43.6228695,10.6314502
43.6235202,10.6302301
43.7193083,10.772753
43.7213513,10.7753261
43.7198012,10.7734879
43.7183993,10.7713109
43.7175242,10.7695774
43.7191248,10.7724478
43.7189637,10.7843133
43.7069227,10.7625603
43.707097,10.7629146
43.6451631,10.7608432
43.6874323,10.6640515
43.8049894,10.6598869
43.8047414,10.6596391
43.6820811,10.7603237
43.4704555,10.7292731
43.4764669,10.72877
43.4765043,10.7303749
43.4771061,10.7284404
43.4777603,10.7319268
43.7290903,10.4455037
43.7314592,10.4587815
43.6855603,10.6574201
43.6929296,10.6717271
43.6955019,10.6496675
43.6984184,10.6358385
43.7052017,10.7047602
43.7053706,10.7006975
43.6897979,10.6624663
43.516253,10.5989532
43.5164355,10.5992879
43.5059308,10.6149446
43.5279824,10.592166
43.7611101,10.439735
43.7189544,10.5119644
43.7179485,10.5110999
43.7206201,10.5128508
43.7163374,10.5108537
43.7182647,10.5113322
43.7173261,10.5118512
43.7173279,10.5168878
43.7302664,10.5157576
43.7180048,10.5232775
43.7285385,10.5160685
43.7289518,10.5165543
43.7272117,10.517561
43.7275275,10.517813
43.7173946,10.5187001
43.7257142,10.519813
43.7175411,10.5181151
43.7177673,10.5172498
43.7185853,10.5188792
43.7298541,10.5167265
43.7256571,10.5177054
43.7314374,10.5158347
43.7214615,10.5133199
43.7213765,10.5133756
43.7214732,10.5134292
43.7233096,10.5154513
43.7240164,10.5146882
43.7251684,10.514474
43.7242381,10.5149253
43.7252656,10.5145482
43.7242096,10.5118257
43.7230269,10.4965473
43.7252328,10.5156114
43.7167984,10.5111114
43.718216,10.5202434
43.7189146,10.5180301
43.7191215,10.5125443
43.719255,10.519368
43.7195555,10.5184911
43.7196969,10.5113621
43.7269996,10.518206
43.7285731,10.5176744
43.6851861,10.437731
43.7363996,10.5213971
43.7361591,10.5209343
43.7387191,10.5232998
43.7384326,10.5142151
43.7056874,10.5034469
43.7057199,10.5050351
43.5950416,10.6424702
43.6111478,10.643021
43.6115472,10.6429249
43.6975375,10.6550424
43.7142984,10.650002
43.7171082,10.6563483
43.7535474,10.4153236
43.7490136,10.424062
43.7500912,10.4210573
43.7577476,10.4244321
43.7605466,10.4267686
43.7526282,10.4226374
43.7498845,10.4218105
43.7598646,10.4270824
43.7509938,10.4208007
43.7507924,10.4214895
43.758972,10.4252393
43.7601394,10.4264971
43.7506791,10.4214162
43.7219338,10.5423608
43.7200181,10.5359864
43.7179791,10.5383196
43.7201601,10.5369374
43.5840748,10.6786749
43.6984045,10.513565
43.7569631,10.4703945
43.5881077,10.6754253
43.5886988,10.674304
43.5884472,10.6736975
43.5877585,10.6750346
43.5884005,10.6748031
43.5878858,10.6740006
43.5864503,10.6747581
43.5856946,10.6752805
43.5814172,10.6806987
43.7287145,10.5033738
43.7281825,10.5084492
43.5246455,10.6779627
43.5245002,10.6842469
43.524649,10.6838681
43.5246194,10.6838244
43.5245907,10.6840753
43.5245059,10.6840086
43.52477,10.6839156
43.5245416,10.6835293
43.5202425,10.6716579
43.5212821,10.6710003
43.5291691,10.6753896
43.5290751,10.6755423
43.5236714,10.6755696
43.5238685,10.6762741
43.5458743,10.7164641
43.6945399,10.4786795
43.6995382,10.4870469
43.6997712,10.4871816
43.6894374,10.4776451
43.6958692,10.4857286
43.6939025,10.4810719
43.6955494,10.4800984
43.6959754,10.4802801
43.6946976,10.4782232
43.7099578,10.5050955
43.7100118,10.5052403
43.6991694,10.4851591
43.7088653,10.5057706
43.7154048,10.5075474
43.7148687,10.5097865
43.709916,10.5051507
43.710798,10.5060627
43.7100291,10.505144
43.7127798,10.4232729
43.7255562,10.5140262
43.7179777,10.5102024
43.7219151,10.5111876
43.7218466,10.5127638
43.7179649,10.5101557
43.7207597,10.5109362
43.7194596,10.5124335
43.7214482,10.5099786
43.721985,10.5122564
43.717872,10.5101608
43.7193128,10.5075689
43.7222789,10.5129182
43.7216769,10.51334
43.7173579,10.5117369
43.73947,10.5236432
43.7422901,10.5269015
43.7396446,10.5228463
43.7420977,10.5248398
43.722116,10.4696502
43.6870473,10.4790772
43.6465982,10.74522
43.6486814,10.7444982
43.6515757,10.737814
43.6516438,10.7389988
43.6524151,10.7383278
43.6561767,10.7334397
43.6570083,10.7397256
43.6571175,10.7384049
43.6657092,10.7352107
43.6739005,10.7480247
43.6741035,10.7470926
43.6742537,10.7458617
43.6750973,10.7324468
43.6751303,10.7461721
43.6753166,10.7333916
43.675391,10.7323057
43.6754106,10.7356247
43.6756253,10.7332681
43.6757469,10.7352458
43.6759265,10.7331461
43.6765659,10.7361529
43.677458,10.7366388
43.6775229,10.7351981
43.6777546,10.7360477
43.6927514,10.7067423
43.6928708,10.7067579
43.6926752,10.7063662
43.698826,10.6909301
43.6932519,10.7067819
43.6930014,10.7064254
43.692663,10.7063948
43.697578,10.6937587
43.6770117,10.7314799
43.695812,10.7072268
43.6987392,10.6912456
43.6928064,10.7062567
43.6978441,10.6898633
43.6926027,10.7061089
43.692687,10.7066752
43.6782921,10.7236844
43.6439672,10.7715428
43.6441753,10.8171621
43.6442883,10.8168753
43.6447274,10.8150152
43.6448164,10.814462
43.6449852,10.8127159
43.645406,10.7607256
43.645333,10.8129686
43.6455439,10.761065
43.6454672,10.8130966
43.6455396,10.7609548
43.6456635,10.7605881
43.6456771,10.7611838
43.6458817,10.8113822
43.6470234,10.8099081
43.6750945,10.7906314
43.6764828,10.793952
43.6778228,10.7946577
43.6780492,10.7939176
43.6810422,10.7916337
43.6811108,10.7908903
43.6812695,10.7908329
43.6815326,10.7900203
43.681657,10.8003114
43.6816656,10.7906807
43.6823805,10.790171
43.6832812,10.8008893
43.6932133,10.4879665
43.6929121,10.4885448
43.6933708,10.4881857
43.6934654,10.4877962
43.7201756,10.5124908
43.726229,10.5136843
43.7247603,10.5130101
43.7166271,10.5128424
43.7245457,10.5119563
43.7262277,10.5137443
43.718122,10.5103183
43.7195589,10.5110332
43.7256788,10.5147922
43.7250763,10.5120697
43.7217623,10.5118566
43.7262681,10.5123703
43.7246185,10.4493392
43.7105223,10.4770747
43.7255763,10.4603885
43.7250147,10.4605934
43.7109742,10.4759147
43.7107737,10.476442
43.7086114,10.4780015
43.7101122,10.4781151
43.7503477,10.4547999
43.7441926,10.4668046
43.7549532,10.443994
43.750628,10.4538492
43.7477795,10.4632261
43.7361926,10.4757376
43.7355564,10.4743386
43.7475415,10.464479
43.7472715,10.4640261
43.7372824,10.4256663
43.7368529,10.4242441
43.7362691,10.4461319
43.7366392,10.4416243
43.736239,10.4467699
43.7240257,10.6142342
43.7240974,10.6158179
43.7244532,10.6183972
43.7244873,10.6180441
43.7247359,10.6156999
43.7249114,10.6181413
43.7250939,10.6170775
43.7256979,10.5846902
43.7257951,10.5846369
43.7258274,10.6146261
43.7260201,10.5855896
43.7260329,10.5866392
43.7261423,10.6133472
43.7263104,10.5877692
43.726383,10.5874464
43.7270857,10.5930713
43.7272656,10.5881698
43.7273102,10.5873991
43.7273449,10.5873695
43.7274074,10.5864686
43.7274393,10.5873215
43.7274553,10.5874091
43.7274509,10.5872804
43.7274942,10.6171673
43.7275308,10.5910392
43.7275108,10.5901423
43.7275537,10.5872174
43.7275728,10.5866552
43.7276873,10.6024788
43.7276536,10.5879504
43.7278366,10.5909952
43.7279081,10.6006402
43.7278813,10.5915806
43.727975,10.594989
43.727973,10.5887674
43.7283481,10.5997299
43.7283774,10.5875274
43.7285183,10.6152747
43.7286066,10.5865303
43.7287105,10.6140548
43.7287536,10.5845726
43.728755,10.5914627
43.7287647,10.6019985
43.728924,10.581627
43.7290283,10.5846518
43.7290428,10.5862271
43.729111,10.580883
43.7291981,10.6152147
43.7294343,10.5778888
43.7294452,10.5867335
43.7296424,10.5953056
43.7298823,10.5844604
43.7299543,10.6151694
43.731882,10.5217401
43.7343202,10.5191541
43.7367055,10.5219099
43.7376674,10.5216347
43.7369664,10.423993
43.739329,10.4496918
43.7393367,10.4517097
43.7500772,10.475571
43.7963648,10.4190568
43.7956605,10.4179158
43.7969263,10.4181098
43.7489334,10.4663834
43.7964074,10.4185328
43.7480592,10.4674352
43.7943282,10.4185289
43.7496042,10.4707016
43.7953456,10.4188965
43.7962991,10.4205459
43.7967829,10.4191269
43.7956539,10.4189442
43.7953441,10.4205141
43.7964504,10.4180463
43.5329083,10.66336
43.532571,10.6616186
43.5335006,10.6639045
43.5994497,10.7101007
43.5999919,10.7109406
43.6002412,10.7085135
43.6006163,10.7118612
43.6010612,10.707702
43.6012451,10.707992
43.601364,10.7081659
43.6015109,10.7079664
43.6015785,10.7089624
43.6015915,10.7054427
43.6016106,10.708393
43.6017071,10.7082619
43.6018043,10.7060307
43.6019052,10.7085516
43.6019611,10.7095746
43.6021988,10.7063017
43.6023216,10.7059785
43.6030095,10.7085537
43.6031165,10.6993273
43.603215,10.7015194
43.6033509,10.7095583
43.6033447,10.6992102
43.6034375,10.7011559
43.6037302,10.7003142
43.6037026,10.7018166
43.6038825,10.7049271
43.6041,10.700601
43.6045003,10.7033656
43.6046901,10.7028126
43.6048565,10.6998632
43.6050859,10.7023782
43.605245,10.7030307
43.6053519,10.7005601
43.6055152,10.7006786
43.6055489,10.7020825
43.6068768,10.7014686
43.6091023,10.6900994
43.6099669,10.6899353
43.5948963,10.7203409
43.5956484,10.7187242
43.5982168,10.7142468
43.6036565,10.7066849
43.6077783,10.7090642
43.582766,10.7229298
43.590963,10.7183555
43.5604368,10.7124692
43.6002806,10.6949893
43.5553558,10.7122876
43.5603154,10.7124293
43.5806614,10.7040372
43.5601279,10.7121794
43.5803451,10.7041516
43.5602352,10.7126611
43.6000331,10.6950315
43.5607668,10.7121154
43.5553026,10.7098595
43.5543139,10.7099452
43.560941,10.7120623
43.5553389,10.7122135
43.5543573,10.7110412
43.5534648,10.7113445
43.552203,10.7125771
43.5989633,10.6808485
43.5805343,10.7051372
43.5806701,10.6934812
43.5886954,10.6654447
43.5797726,10.6827242
43.5834383,10.680484
43.5929654,10.668925
43.586682,10.674439
43.5798352,10.6830386
43.5805258,10.682624
43.5800984,10.6829703
43.5798064,10.6826535
43.5798812,10.6830714
43.5928305,10.6689663
43.5794855,10.6829968
43.5811093,10.6824121
43.5939134,10.6669474
43.5800112,10.6837523
43.5800741,10.6830112
43.5889005,10.6726539
43.5929451,10.6687718
43.5892096,10.6650371
43.5833625,10.6806735
43.5930844,10.6657825
43.5800317,10.6826027
43.5343168,10.6612225
43.5256725,10.6834444
43.5247789,10.6785451
43.5258919,10.7024297
43.5336013,10.6610709
43.5245528,10.6772667
43.524825,10.6799829
43.5253655,10.6758335
43.5255563,10.6754098
43.5249208,10.6845635
43.524755,10.6779418
43.531938,10.6611299
43.5259643,10.7027828
43.5326589,10.6607014
43.6990481,10.4867834
43.6947059,10.4828869
43.6951507,10.5134082
43.6987957,10.5106006
43.7094104,10.5054977
43.7088916,10.5060887
43.7078778,10.5037123
43.7067327,10.5045204
43.7070734,10.5046752
43.7069116,10.5047934
43.719849,10.4232674
43.7091203,10.4334986
43.7084981,10.435223
43.7098324,10.4282272
43.7095849,10.4278889
43.7131446,10.4299628
43.7131787,10.4283044
43.7109642,10.4285665
43.7134989,10.4283174
43.7109356,10.428621
43.7094107,10.4281701
43.7109443,10.4284364
43.7078082,10.4316351
43.7066972,10.4325242
43.7079032,10.4319819
43.7070907,10.4311128
43.7080355,10.4316172
43.7003254,10.4364065
43.7005295,10.4363971
43.7004609,10.4369372
43.7040212,10.4409751
43.6869667,10.4402296
43.7098499,10.4194907
43.7216345,10.4170758
43.7232434,10.4278509
43.7234446,10.4284012
43.7240912,10.428865
43.7229083,10.4290531
43.722809,10.4279258
43.7023829,10.4351222
43.7865912,10.4211346
43.7771682,10.422709
43.7804021,10.4198216
43.7824275,10.4180652
43.7844193,10.4199838
43.7811761,10.4192708
43.7953223,10.4196037
43.794488,10.4190149
43.7130936,10.4315141
43.7155948,10.4244032
43.715797,10.4234632
43.7158599,10.4230371
43.7127016,10.4351205
43.7084656,10.4207516
43.7348941,10.4769739
43.6794279,10.5284869
43.6813847,10.5233373
43.6815857,10.5235559
43.6743428,10.5459591
43.6818788,10.523732
43.6723172,10.54629
43.6793817,10.5289336
43.674079,10.5473206
43.6827192,10.5212307
43.6825171,10.5241308
43.6780961,10.530549
43.67382,10.5487444
43.6743511,10.5609767
43.6728831,10.5604097
43.6772729,10.5588984
43.6731279,10.5478052
43.6738243,10.5407426
43.6743853,10.5606756
43.6734903,10.5469994
43.671008,10.5596816
43.6720525,10.5481514
43.672574,10.5454937
43.6709118,10.5420398
43.6720994,10.5499156
43.6720824,10.5493626
43.671842,10.5504193
43.674111,10.5389141
43.6720429,10.5477694
43.6712205,10.5431839
43.6739094,10.5605915
43.6713493,10.5455461
43.6745521,10.5643518
43.6737131,10.549493
43.6720203,10.5466874
43.6710038,10.5604014
43.6708929,10.5430226
43.6726168,10.5487644
43.6737144,10.5766356
43.6727506,10.5449497
43.6735587,10.5679241
43.6726052,10.5498846
43.6741473,10.5658959
43.6732381,10.5459617
43.6720354,10.5472442
43.6719851,10.5461184
43.6798756,10.5542742
43.6774484,10.5516827
43.6770598,10.551627
43.6781887,10.5474891
43.6784399,10.5455433
43.6795532,10.5475476
43.6794375,10.5468765
43.6784629,10.5454034
43.6780437,10.5401866
43.6782334,10.5468132
43.6790481,10.5418726
43.6782692,10.546565
43.6801271,10.5474651
43.6766476,10.551165
43.677762,10.5497596
43.6759947,10.5375971
43.6770098,10.5438313
43.6769976,10.5440369
43.6766148,10.5515626
43.6767899,10.5496083
43.6771216,10.5440452
43.6777282,10.5502713
43.6771533,10.5438975
43.6776938,10.5507887
43.6776727,10.5478044
43.6768387,10.5491025
43.6752416,10.5567795
43.6740508,10.5572021
43.6745422,10.5516495
43.6741918,10.5493316
43.6756424,10.5561309
43.6740743,10.5564047
43.6756925,10.5566113
43.6749907,10.5544108
43.7886568,10.4285136
43.7900858,10.4213423
43.7895801,10.4217499
43.4897292,10.4155498
43.4983246,10.4287326
43.6708988,10.5350409
43.6708122,10.5415801
43.6706593,10.5416191
43.6693219,10.5412665
43.6743021,10.5473992
43.6688876,10.5424038
43.6703502,10.535061
43.6645054,10.5338318
43.6681673,10.5494844
43.679577,10.549076
43.6796749,10.5489437
43.6644998,10.5362843
43.6645039,10.5350997
43.6655002,10.5373187
43.6672409,10.5411779
43.6633673,10.5352715
43.6796262,10.5490948
43.6795792,10.5489211
43.6803692,10.5491629
43.6660338,10.550616
43.6796628,10.5489234
43.6803889,10.5487078
43.6636815,10.5351044
43.6803576,10.5494319
43.6803769,10.548985
43.6663733,10.5363388
43.6668005,10.5411372
43.665966,10.5400269
43.6852682,10.5583754
43.6835347,10.5680007
43.6843718,10.5669976
43.6820535,10.5667569
43.6869876,10.5453512
43.6831221,10.566738
43.680491,10.5678416
43.6838035,10.5728077
43.6836649,10.5666702
43.6806645,10.567645
43.6860039,10.5659584
43.6851306,10.5512147
43.6871445,10.5441094
43.6852464,10.5665048
43.681452,10.5675304
43.6804538,10.5674671
43.6863007,10.5662307
43.6830187,10.5642771
43.6807431,10.5668805
43.6812663,10.5665935
43.6837479,10.5361795
43.6850839,10.567361
43.6833899,10.5680132
43.688384,10.5450728
43.6808158,10.5676181
43.6830503,10.5753224
43.6849316,10.571762
43.6844996,10.5749735
43.6853523,10.5704371
43.6830941,10.5747911
43.6844862,10.5728352
43.6757713,10.6438813
43.676068,10.6442219
43.6751885,10.64479
43.6749209,10.6432826
43.6753058,10.6438504
43.6756875,10.6441359
43.6757703,10.6438577
43.6755857,10.6442042
43.6760878,10.643321
43.6755882,10.6435727
43.6754472,10.6435903
43.6753158,10.6439887
43.6988949,10.6210877
43.6914345,10.6217671
43.7187146,10.6175237
43.6911163,10.6217836
43.6959671,10.6219175
43.7147069,10.6252678
43.7037009,10.6162518
43.7045612,10.6185397
43.6939638,10.622043
43.7030303,10.6179437
43.6958726,10.6358614
43.7159768,10.6252134
43.7166202,10.6263464
43.691227,10.6210891
43.7167228,10.6251771
43.6943954,10.6366991
43.703779,10.6171117
43.7031587,10.6192912
43.7139837,10.6269821
43.7038072,10.6172138
43.7034478,10.6165891
43.6987094,10.6242902
43.6912364,10.6215665
43.7028659,10.6184653
43.6913024,10.623312
43.7165425,10.6251894
43.6991324,10.6228355
43.6864351,10.6164091
43.71726,10.626341
43.6907561,10.6235047
43.7153156,10.625242
43.6912582,10.6220058
43.707148,10.6180962
43.6899583,10.620527
43.7040646,10.6167386
43.7032741,10.6163288
43.7153253,10.625901
43.6899873,10.6218107
43.6870726,10.6243561
43.7042468,10.6166286
43.7072606,10.6120547
43.7070228,10.6183944
43.7002524,10.6217517
43.7085416,10.6149116
43.7091871,10.6129219
43.7038783,10.6160172
43.713231,10.6208678
43.7109289,10.6202806
43.7102893,10.6201242
43.7107522,10.6191487
43.7138162,10.6209893
43.7122626,10.6155286
43.7103586,10.619554
43.712183,10.620729
43.7146057,10.6211188
43.7111533,10.6193941
43.7137659,10.6190408
43.7122092,10.6210109
43.7118677,10.6207913
43.7298401,10.6075682
43.7307442,10.6087698
43.7261753,10.6183404
43.7291869,10.6075487
43.7295145,10.6071444
43.7294813,10.6199543
43.7311936,10.6169607
43.7295378,10.6075636
43.7302024,10.6098248
43.7295354,10.6199339
43.7195475,10.621564
43.7305391,10.6163752
43.7265352,10.6183243
43.726173,10.618281
43.7306231,10.6082388
43.731199,10.6172957
43.7229859,10.6173178
43.7251495,10.6189837
43.6872966,10.5797824
43.7020601,10.5815372
43.7028915,10.5821541
43.7024437,10.5823086
43.7022232,10.5818746
43.7020592,10.5836824
43.6933484,10.5824367
43.7019737,10.5838342
43.7019483,10.5836334
43.6894122,10.5840515
43.663003,10.6290381
43.6642844,10.6221193
43.664149,10.6207456
43.651408,10.6462745
43.6519935,10.6472116
43.6496185,10.6476263
43.6478226,10.6464856
43.6514973,10.6465443
43.6494416,10.6463376
43.6518131,10.646862
43.6503269,10.6469983
43.6482889,10.6463587
43.6512851,10.6460271
43.6507346,10.6472467
43.6515862,10.6457444
43.6509358,10.6453264
43.6496746,10.648003
43.6516008,10.6465502
43.6494902,10.6467094
43.649115,10.6476469
43.6651395,10.6391753
43.6515509,10.6463993
43.6820179,10.6653641
43.6823451,10.6678998
43.6828215,10.6647405
43.6834614,10.6661452
43.6847028,10.6670191
43.6845519,10.6617637
43.6864558,10.6627105
43.688156,10.6576748
43.6855302,10.6609061
43.6859244,10.6657825
43.6868612,10.6587608
43.687001,10.6596331
43.6787394,10.6405585
43.6843115,10.652653
43.6823799,10.6711843
43.6878361,10.6593616
43.690556,10.6619363
43.6827326,10.6639529
43.6867687,10.6584948
43.6826989,10.6678879
43.686823,10.6583102
43.689797,10.661743
43.6874295,10.6624405
43.6894342,10.6611642
43.6833694,10.6708961
43.685708,10.6648927
43.68367,10.6722877
43.6847341,10.6650722
43.68779,10.6583667
43.6876603,10.6579374
43.6846942,10.6636856
43.6877032,10.6648708
43.6888746,10.6627116
43.6840936,10.6553442
43.7245664,10.4363026
43.7234952,10.4353783
43.7467563,10.4664704
43.7477388,10.4698482
43.7235072,10.4418411
43.7490473,10.4646418
43.7231066,10.4420554
43.7474386,10.4660332
43.7475576,10.4656093
43.7263639,10.4470268
43.7231102,10.4414536
43.7482016,10.4697694
43.7233179,10.4416496
43.7254284,10.4660368
43.7256469,10.4595455
43.72526,10.4642976
43.7242112,10.4691544
43.7250272,10.4648429
43.7260706,10.4615482
43.723937,10.4699266
43.7247418,10.4627671
43.820886,10.4173611
43.8206604,10.4163936
43.8199871,10.416977
43.820494,10.4171768
43.5586107,10.6927037
43.5594338,10.6939458
43.564084,10.6982534
43.5625157,10.695213
43.5628269,10.6955205
43.5618648,10.6931804
43.5623646,10.6915769
43.7475566,10.6339082
43.7201215,10.6183717
43.7227324,10.6243812
43.7283573,10.6276932
43.7223667,10.623964
43.7187157,10.6181217
43.7287298,10.6278109
43.7222018,10.6241629
43.7222374,10.623721
43.7284801,10.6273839
43.7222014,10.6239508
43.7284306,10.6273226
43.6847601,10.5537335
43.6757658,10.5404488
43.6791237,10.5395391
43.6814899,10.547975
43.6807535,10.5536118
43.6754348,10.5409384
43.6781593,10.5392649
43.5600616,10.6910223
43.5601208,10.6921867
43.5600596,10.6918564
43.5597467,10.6910518
43.5601731,10.6925359
43.5598939,10.6926233
43.5594615,10.6927526
43.5589395,10.6913835
43.5584794,10.6880881
43.6987362,10.5718085
43.7151492,10.5823469
43.6995869,10.574292
43.69923,10.5755851
43.6995646,10.5756117
43.6992557,10.5745607
43.7204053,10.5398211
43.7174384,10.5285582
43.7186959,10.5285558
43.7183398,10.5343491
43.5616039,10.6920366
43.5608847,10.6903903
43.5620292,10.690585
43.5622942,10.6916178
43.5649302,10.6921514
43.5639469,10.6906636
43.5642655,10.6886003
43.5640029,10.6906405
43.5680555,10.6886108
43.5796229,10.6716722
43.579439,10.6716741
43.5796092,10.6718067
43.5797849,10.6719384
43.5794564,10.6719519
43.5525957,10.694976
43.5521949,10.6950053
43.5562026,10.6957767
43.5557549,10.6966463
43.5556018,10.6962073
43.5581879,10.6951153
43.5572053,10.6933763
43.5549157,10.6942297
43.7076962,10.5038574
43.718086,10.5098578
43.7178249,10.5103019
43.7217722,10.5004632
43.5828687,10.6789223
43.5824863,10.6777796
43.5814094,10.6767707
43.5816255,10.6767476
43.5813951,10.6763253
43.581173,10.6773073
43.58112,10.6768017
43.5819762,10.6762941
43.8282924,10.4240191
43.8294847,10.4221877
43.7175272,10.5112628
43.717602,10.5119564
43.5860483,10.6791938
43.5871137,10.6796303
43.5859197,10.6786976
43.5861728,10.6796763
43.7204542,10.5115471
43.7190885,10.5114327
43.5799962,10.7268458
43.5627269,10.7484519
43.5624473,10.748959
43.5629638,10.7491387
43.597053,10.7842415
43.5496023,10.7200574
43.5457737,10.7176764
43.5482557,10.7190902
43.5437842,10.7148266
43.5468016,10.7193531
43.5444906,10.7174349
43.4692553,10.8428062
43.5431382,10.7105562
43.5373835,10.7006506
43.4711507,10.8511347
43.6921715,10.842133
43.6911655,10.8426448
43.7013822,10.7463227
43.7032466,10.7413614
43.6979155,10.7477227
43.7034947,10.7434564
43.7043309,10.7430591
43.7049298,10.740666
43.6978,10.7211869
43.6991134,10.747037
43.6986042,10.7473351
43.7029034,10.737559
43.7063991,10.7440232
43.697329,10.7487801
43.7038564,10.7397385
43.7043038,10.7425759
43.7028262,10.7415595
43.701935,10.7419942
43.6980448,10.7172551
43.7043506,10.7379119
43.7035148,10.7412304
43.6973298,10.7488187
43.6964459,10.7502583
43.7040308,10.7410426
43.7050656,10.7412334
43.7058074,10.7444127
43.6952678,10.7512805
43.6967524,10.7203523
43.7031726,10.7369762
43.7010673,10.7456833
43.6963881,10.717794
43.7030746,10.7382064
43.7023799,10.7402093
43.7047063,10.7438266
43.6949781,10.7208784
43.6973125,10.7491922
43.7025468,10.7368102
43.7028983,10.7347562
43.7030303,10.7399819
43.702162,10.7350396
43.6963797,10.7505303
43.6958114,10.7139333
43.7038936,10.7427539
43.6999113,10.7295387
43.6989604,10.7298522
43.7081908,10.724663
43.6989898,10.7288549
43.6990432,10.7315547
43.6993299,10.73085
43.700764,10.7231849
43.6984795,10.7284264
43.7065182,10.7225633
43.692194,10.8246997
43.5931201,10.6737006
43.5929388,10.6734549
43.7433835,10.5322869
43.7290564,10.5246616
43.7285435,10.5236013
43.7296093,10.5199896
43.6762599,10.5127406
43.6760087,10.5112955
43.6752468,10.5135461
43.6801304,10.5115235
43.680522,10.5122828
43.6807231,10.5116494
43.679919,10.5119794
43.6724984,10.5249433
43.7905727,10.6857244
43.7916941,10.6861175
43.7926281,10.6911882
43.790802,10.6896378
43.7913186,10.6890788
43.7900753,10.6884545
43.7891145,10.6783321
43.7874851,10.6769941
43.7848335,10.6830704
43.7795302,10.6871758
43.7842488,10.682101
43.7621604,10.6756959
43.7764373,10.6835845
43.7831872,10.679767
43.789847,10.6773911
43.6747791,10.5165233
43.7200664,10.4186579
43.7201328,10.4191579
43.7203511,10.4201258
43.6944799,10.4406737
43.695295,10.4400583
43.6943016,10.4452724
43.6937479,10.4432942
43.6960699,10.4199687
43.6916076,10.4280291
43.6937049,10.4201688
43.6928002,10.4198699
43.6918362,10.42104
43.6963051,10.4150664
43.6965554,10.4141974
43.6898113,10.7639138
43.6922603,10.7649941
43.688588,10.7657482
43.6895651,10.7667627
43.6894561,10.766006
43.6881733,10.767843
43.6899908,10.7651858
43.6884768,10.7677991
43.6879984,10.7689254
43.689624,10.763958
43.6865686,10.7713208
43.6867956,10.7690031
43.6856886,10.7663406
43.688526,10.7614108
43.7035875,10.7658436
43.6904192,10.770356
43.7024629,10.7666405
43.6913738,10.7553521
43.684652,10.7563715
43.6856195,10.7539203
43.6855085,10.749418
43.6893884,10.7457395
43.6886036,10.7462455
43.6759306,10.5113737
43.5338436,10.5929799
43.536385,10.596013
43.5360985,10.5956146
43.5508131,10.586983
43.5359927,10.5962641
43.531727,10.5949647
43.5343705,10.5949079
43.43625,10.7224435
43.4727705,10.5674877
43.4741467,10.5710363
43.4744846,10.5692933
43.4803464,10.5699954
43.4733311,10.5668842
43.4725618,10.5666153
43.644922,10.5905371
43.6453193,10.5902012
43.6451176,10.5895603
43.6453749,10.5896725
43.6452173,10.5900497
43.6457819,10.5897761
43.4757723,10.7268564
43.4749805,10.7264648
43.498702,10.7254516
43.4821616,10.6737651
43.4974323,10.6637632
43.4714927,10.7285219
43.4760618,10.726633
43.5124736,10.6544393
43.4644644,10.6999525
43.4984992,10.7243056
43.4754401,10.7275839
43.4980604,10.7241662
43.4758719,10.7261813
43.4982523,10.7258533
43.4752892,10.7262262
43.4988084,10.727163
43.4980209,10.6638007
43.5001409,10.7294111
43.497768,10.7241958
43.4759127,10.7267331
43.4976691,10.6636345
43.4723448,10.7283181
43.4722748,10.7265615
43.4727515,10.7280577
43.4779817,10.7293375
43.4731916,10.7272025
43.4725629,10.728718
43.4788569,10.7357292
43.4730782,10.7264908
43.4728625,10.7279826
43.7604444,10.4590276
43.7368589,10.4863709
43.7364629,10.487122
43.5209612,10.669959
43.5234194,10.6681334
43.4524752,10.7781139
43.4576661,10.7821145
43.4509794,10.8217317
43.4441159,10.7792093
43.6949269,10.4818475
43.6945208,10.4815358
43.5086953,10.6151425
43.4966697,10.6014424
43.505301,10.6048027
43.504552,10.6044674
43.5024557,10.603784
43.5184507,10.6205955
43.5174602,10.6241644
43.5187096,10.6244703
43.5183928,10.624024
43.5374399,10.5786511
43.5370282,10.578551
43.5292689,10.5413806
43.5291307,10.5412372
43.5450337,10.5222261
43.5290705,10.5417377
43.5446857,10.5221805
43.5344484,10.5288025
43.5448892,10.5221882
43.5730382,10.5165485
43.572216,10.514195
43.5694327,10.513943
43.5444971,10.5224648
43.5737123,10.5180386
43.5375165,10.5302588
43.5353273,10.5293389
43.529233,10.5389088
43.5721762,10.5148328
43.5290493,10.5389316
43.5700858,10.51506
43.5435439,10.5373209
43.5722038,10.5143965
43.544814,10.5220196
43.5714925,10.5140418
43.5503141,10.5177879
43.5292797,10.5412047
43.5447754,10.5223363
43.5743233,10.5147561
43.5698059,10.5133717
43.529198,10.540899
43.5393526,10.5263513
43.5446627,10.5367402
43.5294095,10.5412422
43.5882865,10.4754408
43.5876232,10.4720967
43.5933145,10.4769898
43.58892,10.4773441
43.5923657,10.473583
43.5885916,10.4714594
43.5908936,10.4720184
43.6016361,10.4708024
43.5900869,10.4737751
43.5949001,10.4780065
43.5809069,10.4741122
43.5809352,10.4739769
43.5880211,10.4747711
43.5932518,10.477786
43.5881879,10.477194
43.5944779,10.4777048
43.5918486,10.4757222
43.5915673,10.4734468
43.5804587,10.4741714
43.5804035,10.473903
43.5929317,10.4737153
43.5913059,10.4733943
43.5810577,10.4745063
43.5940059,10.4780979
43.587879,10.4721106
43.5812946,10.4736433
43.5804927,10.4747406
43.5886529,10.470774
43.5915723,10.473392
43.5900714,10.4735864
43.5790571,10.4751272
43.6003162,10.4732858
43.5874027,10.4747926
43.5933043,10.4771043
43.5760529,10.4757522
43.5889981,10.4764225
43.5806708,10.4743128
43.5890583,10.4754876
43.5886178,10.4703961
43.5946999,10.4778366
43.580095,10.4742329
43.5697616,10.4862305
43.5877832,10.4708868
43.5877499,10.4722825
43.5981138,10.4737915
43.5819486,10.4754095
43.5805368,10.4746027
43.5990132,10.4734831
43.5885748,10.4724816
43.5876215,10.4775984
43.5985735,10.473976
43.5863723,10.4784524
43.5943175,10.4779707
43.586239,10.4759387
43.5910869,10.4766644
43.5953982,10.4741718
43.600181,10.4776058
43.5807581,10.4742918
43.5972382,10.4737812
43.5877628,10.4719297
43.5907611,10.4722926
43.5792405,10.4749943
43.5879828,10.4783528
43.6024421,10.4751213
43.5895855,10.4727972
43.5889906,10.4725187
43.5942748,10.4779788
43.5884711,10.4710039
43.5816045,10.4753423
43.5808598,10.4736856
43.5992401,10.4739188
43.5877354,10.4737087
43.5994557,10.4735374
43.580509,10.4742393
43.5905278,10.4728017
43.5979991,10.4742408
43.6079712,10.4820576
43.6013728,10.4701249
43.5973777,10.4782697
43.6029877,10.4692654
43.4784993,10.6410375
43.4779337,10.6396131
43.4824264,10.6419389
43.4807225,10.6420401
43.4784764,10.6412919
43.4827565,10.6409274
43.4936954,10.6357184
43.4788024,10.6414372
43.4931985,10.6365037
43.4801015,10.6406477
43.4816146,10.6424538
43.4834569,10.6419347
43.4927993,10.6385328
43.4788985,10.6406572
43.4922609,10.6373948
43.4777931,10.640478
43.4800055,10.6423599
43.4805423,10.6426565
43.4815514,10.6434468
43.494072,10.6361592
43.4878729,10.64985
43.4854647,10.6438444
43.4858064,10.643533
43.4540111,10.5654714
43.453819,10.564052
43.6789257,10.6269363
43.6772713,10.627676
43.6781737,10.6282741
43.678683,10.6267708
43.6784931,10.6321405
43.6763406,10.6270561
43.6358533,10.6034172
43.6345986,10.6074159
43.6350028,10.6082634
43.6188453,10.6742732
43.6232706,10.6669764
43.6229812,10.6681897
43.622674,10.6677199
43.623574,10.6694763
43.6242734,10.6683418
43.6238869,10.667869
43.6181237,10.6752697
43.6229443,10.6664812
43.6106454,10.6409876
43.6112521,10.6408206
43.5450965,10.7206759
43.545046,10.7203207
43.5506921,10.7240152
43.5490138,10.7203277
43.5458243,10.7211044
43.553183,10.7126389
43.5502861,10.7190834
43.5447219,10.720663
43.5523021,10.7178681
43.5444967,10.7219963
43.5510543,10.7233997
43.5417731,10.7005038
43.690777,10.7996517
43.6888772,10.8135737
43.6879845,10.8170496
43.6905244,10.8168734
43.6880233,10.8157206
43.6879114,10.8203286
43.6925894,10.8136923
43.6939535,10.8044636
43.6895776,10.8282335
43.688743,10.8308756
43.6864792,10.8313339
43.6977788,10.8181453
43.688386,10.8293165
43.6882519,10.8286571
43.6893807,10.8302181
43.6878563,10.8287751
43.6888037,10.8311612
43.6889186,10.8284389
43.6901086,10.7907581
43.6938975,10.8116964
43.6943707,10.8423487
43.6950186,10.8382156
43.6947223,10.8397241
43.6935665,10.8391747
43.6941337,10.8404879
43.6948898,10.837832
43.6943012,10.8415617
43.6943184,10.8390103
43.6928603,10.836925
43.6775892,10.4786337
43.6773236,10.4793668
43.6720143,10.5909453
43.6671763,10.5947973
43.6705924,10.5902478
43.6705496,10.5906029
43.6707037,10.5921579
43.4883803,10.5617632
43.6766418,10.8414411
43.561083,10.4298824
43.5603827,10.4284621
43.6091929,10.7572106
43.6122381,10.7538885
43.6004216,10.7537079
43.6005271,10.7527554
43.6008661,10.7523517
43.6026744,10.7608928
43.5668347,10.5865237
43.5570732,10.4897609
43.5618602,10.4813582
43.5632789,10.4805819
43.557273,10.4787988
43.5575806,10.4785169
43.5286711,10.4631739
43.5361925,10.4628002
43.5395737,10.467042
43.5418555,10.4648543
43.7664791,10.4327369
43.6231455,10.4659464
43.5830981,10.6789821
43.5866582,10.677009
43.5873273,10.6775125
43.67762,10.8376689
43.6797955,10.8492555
43.6799026,10.8473691
43.680087,10.8487958
43.6803274,10.8485637
43.6815938,10.8454019
43.6818211,10.8464152
43.6223361,10.8641091
43.6226679,10.8650556
43.4806059,10.8419485
43.4865817,10.8389919
43.5402871,10.7924341
43.5403702,10.7925387
43.7603361,10.462915
43.5903308,10.6731029
43.591912,10.6719539
43.5923835,10.6713296
43.5839293,10.6784608
43.5842457,10.6781489
43.5841,10.6786038
43.5841478,10.6784602
43.4348468,10.7269995
43.4352304,10.7243674
43.4354764,10.723726
43.4360457,10.72249
43.5458861,10.438536
43.5459627,10.4408896
43.546365,10.4396955
43.5471197,10.4426157
43.5488583,10.444681
43.5497286,10.4324598
43.5514055,10.4353744
43.5517824,10.4332771
43.5518133,10.4365362
43.5556652,10.4441908
43.5558705,10.4220338
43.5559065,10.4231132
43.5583683,10.4381424
43.5607541,10.4238843
43.5626624,10.4256179
43.5629771,10.4168706
43.5851414,10.6755755
43.5855029,10.6760836
43.5840408,10.6750068
43.5842341,10.6748848
43.5843818,10.6752806
43.5851666,10.6728851
43.5853972,10.6726757
43.7621747,10.4400397
43.7591934,10.4422516
43.4707049,10.730667
43.4714016,10.7281506
43.4746587,10.7263264
43.4749548,10.727218
43.475245,10.7276658
43.4755555,10.7279674
43.4755913,10.7277521
43.4756836,10.7274787
43.4757233,10.7275241
43.4759604,10.7271329
43.4759856,10.7271788
43.4760726,10.7270375
43.4763502,10.7290379
43.4768549,10.7292817
43.47693,10.7288915
43.4801675,10.7230217
43.7109169,10.6601541
43.7113893,10.6593749
43.7199643,10.6547154
43.6638308,10.702268
43.6220505,10.6901533
43.6296782,10.6896971
43.6467522,10.6640867
43.5752083,10.444201
43.5753723,10.4442065
43.5754124,10.4440278
43.5240177,10.6768725
43.524255,10.6764294
43.5772228,10.4368185
43.5772941,10.4365904
43.5772863,10.4356485
43.5774571,10.4368552
43.5780152,10.4380597
43.5794895,10.4365591
43.580266,10.4375664
43.7362705,10.4894428
43.7359782,10.4857172
43.7337688,10.4833546
43.6178431,10.6333438
43.6192843,10.632793
43.6201079,10.6303314
43.7092547,10.6568633
43.7086633,10.6569539
43.7104123,10.6586413
43.7331227,10.6797244
43.5775988,10.7558547
43.5776037,10.7545807
43.5779695,10.7555804
43.5795196,10.7584655
43.5798815,10.7582628
43.5782984,10.7567566
43.5785566,10.7566472
43.5778771,10.7557018
43.5998861,10.753048
43.6001563,10.7527886
43.6004834,10.7531878
43.6007066,10.7531602
43.6052374,10.7705858
43.6038811,10.7688375
43.6041307,10.7701452
43.6060729,10.7743993
43.4786884,10.4316053
43.4843411,10.438106
43.6187854,10.7587258
43.6198284,10.7591784
43.5983711,10.7237013
43.5985686,10.7241891
43.5986502,10.7243833
43.598884,10.7244444
43.5990449,10.7235807
43.5872774,10.8105816
43.6683564,10.7212817
43.6785394,10.7653638
43.6811782,10.7611732
43.6815111,10.7607962
43.681764,10.7561321
43.682984,10.7641067
43.687945,10.7607066
43.6876891,10.7900641
43.688252,10.7868613
43.6894887,10.7861469
43.6895901,10.7855291
43.6896465,10.7852828
43.6897696,10.7858392
43.6903556,10.7855266
43.6876649,10.7916899
43.6895132,10.7929667
43.6794958,10.8522597
43.6805975,10.8599697
43.6793373,10.8618216
43.6800166,10.8607952
43.6893883,10.5054775
43.6835802,10.5001128
43.6811788,10.4982054
43.6833014,10.8106502
43.6839687,10.8100327
43.6895186,10.8077751
43.6897663,10.8066248
43.6794285,10.8159527
43.6795067,10.8154042
43.6795505,10.8156368
43.6798956,10.8138379
43.6804262,10.8145965
43.6821053,10.8148244
43.6824125,10.815437
43.6830652,10.8144164
43.6808414,10.5173169
43.6925427,10.4588906
43.6923851,10.4588173
43.6922716,10.4587032
43.6923676,10.4588891
43.6920634,10.4595224
43.6919576,10.4594297
43.7402609,10.4715645
43.6939348,10.8263822
43.6939623,10.8362157
43.6937162,10.8409267
43.6940542,10.8403826
43.6982648,10.832631
43.6986584,10.834677
43.6988394,10.8330549
43.699215,10.8356369
43.6993515,10.8324675
43.6993736,10.8329028
43.6996663,10.8358501
43.6999556,10.8317205
43.700527,10.8322812
43.7013299,10.8345764
43.7020095,10.8316299
43.7020618,10.830351
43.7022319,10.8301296
43.7022973,10.8302909
43.7023234,10.8300267
43.7023673,10.8301976
43.7024029,10.8303359
43.7028437,10.8294257
43.7039776,10.8278697
43.7040532,10.828007
43.7040918,10.8278229
43.7043252,10.8278424
43.6952863,10.8388261
43.6953849,10.8393891
43.6936072,10.842216
43.6347819,10.6882653
43.6351159,10.6937672
43.6138481,10.6924442
43.6214982,10.6842251
43.6224036,10.6839126
43.6046767,10.7028686
43.6479649,10.6602634
43.6486528,10.6592318
43.6490874,10.6631714
43.6494901,10.6560986
43.6496846,10.6594823
43.6867664,10.658341
43.6866488,10.6576371
43.6826916,10.6647517
43.682784,10.6655466
43.6939897,10.6652847
43.6868868,10.6624269
43.7090948,10.6591341
43.7089168,10.6590696
43.7103877,10.6490374
43.6941261,10.7012621
43.694201,10.7019655
43.6940215,10.7010737
43.4787022,10.6417703
43.4787824,10.6414276
43.4790556,10.641554
43.4832417,10.6430868
43.4847058,10.6419791
43.4850496,10.6424026
43.4851735,10.6425134
43.4852697,10.6420623
43.485416,10.642708
43.4858367,10.6426211
43.4859165,10.6420096
43.4861911,10.6425713
43.4865258,10.6424293
43.486931,10.642437
43.4881171,10.6489525
43.5240452,10.6780391
43.5240828,10.6776491
43.5241565,10.6777289
43.5242719,10.6768168
43.5243732,10.6765187
43.5243522,10.6780042
43.5243535,10.6782396
43.5243582,10.6783324
43.5244843,10.6782246
43.5246586,10.6761979
43.5247558,10.6791151
43.5249462,10.6820152
43.5249589,10.6809908
43.5251216,10.6797108
43.5251494,10.6804004
43.525216,10.6800997
43.5253465,10.6817942
43.5270718,10.674053
43.5279658,10.6689648
43.5285718,10.6702172
43.5321771,10.661695
43.5324132,10.6614679
43.4826182,10.6408191
43.4830377,10.6407655
43.4869903,10.6440059
43.4869922,10.6456568
43.757084,10.4302693
43.757331,10.4307837
43.7575654,10.4299924
43.7575235,10.4301177
43.75742,10.4304766
43.4601737,10.4702029
43.4604435,10.4701026
43.4609477,10.469359
43.4612757,10.4715089
43.4621882,10.4855142
43.4627231,10.4735955
43.4627559,10.4855148
43.4628243,10.4856222
43.4630131,10.4852209
43.4633094,10.4863427
43.4637366,10.4842016
43.6057295,10.6992541
43.6067601,10.6988375
43.6078404,10.6999225
43.6084954,10.6921352
43.6085652,10.7006163
43.6089921,10.6996851
43.6094066,10.6965021
43.609568,10.7012731
43.6097652,10.6934172
43.6107895,10.6996467
43.6119162,10.6947014
43.6119399,10.7001851
43.6953227,10.6873957
43.6971453,10.6842471
43.7039657,10.6584432
43.7071215,10.6684013
43.5986895,10.7246596
43.5973633,10.7272353
43.6739034,10.689899
43.6465199,10.6565863
43.6472036,10.6552409
43.769372,10.6770158
43.6804079,10.4549555
43.6939536,10.6982157
43.695062,10.6994443
43.661829,10.7307887
43.6961661,10.6972451
43.6380902,10.6498507
43.6385022,10.6487682
43.6401406,10.6487731
43.6369315,10.6492069
43.6405233,10.6495129
43.6367265,10.6542097
43.7502304,10.4632977
43.7503893,10.4636987
43.485045,10.46608
43.5692211,10.6676891
43.5687127,10.6670583
43.568798,10.6648591
43.5686728,10.663458
43.5679251,10.6691273
43.5681763,10.6675626
43.5661926,10.6677698
43.5673441,10.6683935
43.566521,10.6679716
43.5662518,10.668843
43.600665,10.6948679
43.6107209,10.6438755
43.6112766,10.6431958
43.6663944,10.6422551
43.6703399,10.6426605
43.6710147,10.6427395
43.7097325,10.6194272
43.7097732,10.6196322
43.5705282,10.6698336
43.5722473,10.6641396
43.57215,10.6637549
43.5547888,10.7108963
43.685324,10.6665805
43.685123,10.6651318
43.5706687,10.668848
43.5181425,10.6213238
43.5291535,10.6167062
43.5249235,10.6140251
43.5255755,10.6146203
43.5243836,10.6147546
43.5242693,10.6143915
43.5253005,10.6173282
43.5243668,10.6149567
43.7136323,10.7765815
43.7191571,10.7731318
43.7124991,10.7793519
43.7127545,10.7798981
43.7112464,10.777068
43.7120766,10.7797254
43.7125021,10.7707155
43.7040695,10.7670483
43.7175933,10.7797147
43.7129461,10.7772503
43.7060955,10.7698256
43.7117963,10.7773425
43.7115416,10.7775608
43.7052395,10.7661544
43.7108193,10.7760242
43.7192076,10.7766588
43.7054262,10.7695035
43.7173065,10.7791202
43.7193767,10.773136
43.6737388,10.7535872
43.6703259,10.7551933
43.6697748,10.7590825
43.6730281,10.7525207
43.6695698,10.7551437
43.6694452,10.7555012
43.6730625,10.7485921
43.6726369,10.7511625
43.6710773,10.7601156
43.6712888,10.7585147
43.6711466,10.7574773
43.6719521,10.7530053
43.7068323,10.5042446
43.7068769,10.5041366
43.7069071,10.5041327
43.7069221,10.5043119
43.7069399,10.5042979
43.4876252,10.6246763
43.489073,10.6261944
43.4891431,10.6259637
43.486155,10.6310747
43.4905526,10.6309629
43.7169057,10.7683654
43.7093259,10.5055627
43.6549738,10.6554805
43.7642264,10.4388528
43.7587652,10.4341685
43.7590483,10.4338016
43.7589941,10.4341704
43.7589608,10.4336963
43.5108655,10.5560882
43.6645526,10.6397723
43.6651459,10.6402941
43.6851293,10.4735893
43.6855199,10.4743004
43.6849391,10.4751203
43.6852184,10.4744339
43.6850571,10.4739383
43.6845287,10.4756247
43.6849909,10.4742448
43.6936034,10.452355
43.6936391,10.4522208
43.6937055,10.4524573
43.6937443,10.4522122
43.6937916,10.4523306
43.6937681,10.4522353
43.7200779,10.7860974
43.7190883,10.7864971
43.7225908,10.7810475
43.7236697,10.7315791
43.7126641,10.7823874
43.7207234,10.785509
43.7233279,10.6788988
43.7209491,10.6732069
43.69313,10.7826531
43.693423,10.7826526
43.6933871,10.7899086
43.6932678,10.7828639
43.6932313,10.7824686
43.6816111,10.4904109
43.6794728,10.4952666
43.6787778,10.5026821
43.6785792,10.5032559
43.6791152,10.5029139
43.6786106,10.5022051
43.6992905,10.4207382
43.6943036,10.4281892
43.6929414,10.4276226
43.6825717,10.8322108
43.6843145,10.831661
43.6750592,10.4733014
43.6891393,10.8494668
43.6896164,10.8482437
43.6866646,10.8521369
43.6891562,10.8467958
43.6888115,10.84635
43.7108201,10.4231456
43.7109557,10.4232752
43.7109703,10.4230142
43.7061049,10.4345112
43.710907,10.4197444
43.6869019,10.8507781
43.5450917,10.6858615
43.5439103,10.6847771
43.5487545,10.7216856
43.5465607,10.7210983
43.5468706,10.7207127
43.5476091,10.720323
43.7108585,10.7850164
43.7118525,10.7772913
43.7166103,10.7821405
43.7166591,10.7826238
43.7099666,10.7822729
43.7170425,10.7833758
43.6644361,10.5418652
43.6644334,10.5413111
43.6704719,10.5697702
43.6708867,10.5414795
43.6709179,10.5412467
43.6714599,10.5699022
43.6715572,10.5700216
43.6715832,10.5705076
43.6717677,10.5699793
43.7347168,10.5187852
43.5210673,10.4124773
43.5218779,10.4126549
43.5220575,10.4134054
43.5224351,10.4130012
43.5650549,10.6268452
43.5825341,10.5886029
43.581814,10.5940917
43.571757,10.5935648
43.5811408,10.5882911
43.5711179,10.6141689
43.573797,10.5916958
43.5721878,10.6128823
43.5776793,10.5945005
43.7300526,10.6242661
43.7334066,10.6199465
43.73133,10.6244182
43.7328002,10.6245065
43.7316919,10.6225248
43.7318914,10.6244516
43.730596,10.6243687
43.7332039,10.6202301
43.7306931,10.6260482
43.7291162,10.5905706
43.7293151,10.5899837
43.5726952,10.5638004
43.5730225,10.5644049
43.7119637,10.7660393
43.7128542,10.7632485
43.7133651,10.7642545
43.7137613,10.7640269
43.7165866,10.7774407
43.7172069,10.7815302
43.7173147,10.7781232
43.7175987,10.7815282
43.7179047,10.7769796
43.7181028,10.7774432
43.7185801,10.7758725
43.7185738,10.7766741
43.71892,10.7653414
43.7188485,10.7764761
43.7190983,10.7630533
43.7190758,10.7763426
43.7196367,10.764747
43.7199072,10.7644992
43.7204656,10.7658334
43.7206154,10.7615265
43.7207083,10.7784333
43.7209798,10.7671169
43.7211714,10.7795386
43.7213975,10.7645294
43.7238594,10.7651708
43.7239246,10.7652926
43.7239192,10.7649262
43.7239897,10.7648868
43.7241006,10.765295
43.7241623,10.7650214
43.7252937,10.7607137
43.725247,10.7665941
43.7262494,10.7629355
43.7261647,10.7661095
43.726448,10.7667117
43.7274209,10.764894
43.7313481,10.6122646
43.7359646,10.6109449
43.7304962,10.6107047
43.6768362,10.5047344
43.6767413,10.5501247
43.7365034,10.5167222
43.7195096,10.4422466
43.7206258,10.44314
43.7217765,10.4360111
43.5099471,10.4480673
43.5100132,10.4476997
43.510055,10.4495057
43.5100952,10.4472335
43.5103344,10.447808
43.5103717,10.4474155
43.7098591,10.7790517
43.7099633,10.7791249
43.7099542,10.7790099
43.7108011,10.7734083
43.7113882,10.7745594
43.7098791,10.774278
43.7099157,10.7789914
43.688026,10.5839857
43.6703473,10.5754244
43.6713038,10.574005
43.670693,10.5753724
43.6497749,10.6270097
43.6437746,10.6150522
43.6432331,10.6134214
43.6435652,10.6144541
43.6563892,10.6182433
43.6508146,10.6273794
43.6469108,10.6154082
43.6566764,10.6338413
43.6509246,10.6018938
43.6537397,10.5992699
43.6486279,10.595817
43.6538908,10.6173381
43.7287413,10.5869625
43.7123737,10.7743397
43.7153633,10.7802807
43.7164967,10.779271
43.7142877,10.7795612
43.7163571,10.7792214
43.7123709,10.7740465
43.7125744,10.7744415
43.7207921,10.4291018
43.7182761,10.4156689
43.6673668,10.4404556
43.6826712,10.4410442
43.6622237,10.4377452
43.772821,10.4255733
43.7069278,10.8717399
43.6986131,10.8672036
43.713148,10.8778956
43.7057224,10.8709849
43.7113199,10.8747575
43.713309,10.8785101
43.7055401,10.8710828
43.7073815,10.8723954
43.7111861,10.8748606
43.7125309,10.878155
43.7050915,10.8710339
43.6980826,10.87141
43.7123892,10.8773721
43.7107155,10.8545505
43.7134605,10.8481945
43.710875,10.853957
43.7111069,10.8623246
43.712843,10.8763587
43.6794079,10.4786863
43.7171061,10.7922678
43.7162393,10.7923718
43.7178563,10.787933
43.7182477,10.7875652
43.7183462,10.7918193
43.7177786,10.7915993
43.7169683,10.7920817
43.7165688,10.7915326
43.7126563,10.790349
43.717351,10.7926087
43.7161433,10.791944
43.717445,10.792741
43.7163488,10.7934345
43.7899626,10.4208307
43.7895472,10.4210256
43.7365178,10.5206044
43.7393346,10.522212
43.7397545,10.5227899
43.7363202,10.5207941
43.7099005,10.6238436
43.7098349,10.6168915
43.7073104,10.6208609
43.7092741,10.6221694
43.7109284,10.6236182
43.7094304,10.6263798
43.7088949,10.6229184
43.7102963,10.6252437
43.7078334,10.6209503
43.7105251,10.6163765
43.7089754,10.6167757
43.7115837,10.6222235
43.7097115,10.6248857
43.7096216,10.6253602
43.7105983,10.6236791
43.6976763,10.4292124
43.7385448,10.4875228
43.7388114,10.4869144
43.7226769,10.7497982
43.7243976,10.749646
43.7233771,10.7520576
43.7227553,10.7507201
43.7230358,10.7515162
43.7223774,10.74855
43.7231952,10.7513824
43.6113233,10.6289778
43.6120879,10.6288897
43.6150693,10.6305262
43.6220837,10.6283793
43.6222894,10.6285574
43.6226237,10.62845
43.6229355,10.6315174
43.6233158,10.6274567
43.6233178,10.6271554
43.6237781,10.626689
43.6282774,10.6278564
43.6327071,10.6288979
43.6328179,10.6288863
43.6328856,10.6288803
43.6887389,10.4571092
43.6897318,10.4578176
43.7213925,10.4288343
43.7199397,10.5174655
43.7241599,10.5148471
43.7239602,10.5149205
43.7203043,10.5181162
43.724382,10.5150688
43.7234114,10.5159274
43.6066827,10.6295221
43.6068524,10.6303587
43.6068674,10.6305377
43.623329,10.6148913
43.6328629,10.629542
43.6344213,10.6300043
43.634836,10.6301234
43.612875,10.6268557
43.6137367,10.6274807
43.6280695,10.6308275
43.6182542,10.5982432
43.6230178,10.6008306
43.6306069,10.585594
43.6088543,10.6325599
43.6313534,10.6035508
43.630033,10.6311844
43.6300753,10.6306528
43.6301351,10.629901
43.6301892,10.6315525
43.6309569,10.6280487
43.6310019,10.6290622
43.6317933,10.6269235
43.6319905,10.6211742
43.6327101,10.6284851
43.6365263,10.5958028
43.6364219,10.597244
43.6369921,10.5961248
43.6361106,10.5979766
43.6366857,10.5953401
43.6212548,10.6371936
43.6201181,10.6369596
43.6213555,10.637467
43.6214469,10.6372276
43.622898,10.6365745
43.7123448,10.7857193
43.7129811,10.7851099
43.7124306,10.7858364
43.7152767,10.7897581
43.7157862,10.7890477
43.7211369,10.4424666
43.7201874,10.4417529
43.6978499,10.4240079
43.6240341,10.6756434
43.6246018,10.6728921
43.5721177,10.6751436
43.5437703,10.7152386
43.4597062,10.7594852
43.459154,10.756608
43.4603565,10.7591287
43.4588148,10.75574
43.4585188,10.7564159
43.4587066,10.7569282
43.4600686,10.7578536
43.4601688,10.7595442
43.4583853,10.7571581
43.4611744,10.7588513
43.6727173,10.7260204
43.6727579,10.7262062
43.6729752,10.7267868
43.6738119,10.722774
43.684271,10.7350885
43.6844003,10.7348557
43.6846065,10.7351023
43.6848203,10.7349896
43.6849456,10.7343249
43.6860599,10.7336496
43.6867252,10.7392384
43.6868653,10.7389521
43.6870811,10.7395876
43.68723,10.7392204
43.687348,10.7388402
43.6948819,10.7076891
43.6972801,10.692692
43.6986125,10.6920853
43.6841333,10.5180978
43.6865026,10.5130691
43.6852203,10.5146669
43.6866013,10.513335
43.6848812,10.5185362
43.7240393,10.7700884
43.7254985,10.7687904
43.4585322,10.567676
43.460116,10.5668242
43.4625114,10.559145
43.4820642,10.444603
43.4820761,10.4448547
43.4821391,10.4445944
43.482135,10.4458784
43.485197,10.4663855
43.5633781,10.4397002
43.5677681,10.4754242
43.5700884,10.4161887
43.57041,10.4160529
43.5705349,10.4146552
43.5710429,10.4270507
43.5710748,10.4154552
43.5713332,10.4296413
43.571728,10.4257465
43.5718438,10.4257039
43.5718811,10.426801
43.5729385,10.4375917
43.4995756,10.4261394
43.4997197,10.4259241
43.4997912,10.4260989
43.4998292,10.4260323
43.4998385,10.4257556
43.4710087,10.5601037
43.4723902,10.5641896
43.4718722,10.5615341
43.4700878,10.5601021
43.4704501,10.559765
43.4709201,10.5599418
43.6305914,10.6237516
43.6312007,10.6236431
43.6208342,10.6153751
43.6211703,10.6144036
43.6217769,10.6159822
43.6221015,10.6149967
43.6228777,10.6166911
43.6232128,10.6157045
43.6246409,10.6175988
43.6248641,10.6157734
43.6249131,10.6168139
43.6261,10.6238576
43.6261662,10.6236008
43.6262744,10.6187274
43.6263535,10.617764
43.626408,10.6223831
43.6264389,10.6222644
43.6307446,10.6206768
43.654712,10.6357475
43.6723146,10.6500783
43.6698286,10.642611
43.6689314,10.64252
43.6664974,10.6463649
43.6838885,10.6140972
43.6843044,10.6144034
43.6838345,10.6150205
43.6832795,10.6241545
43.6765481,10.5474979
43.6148271,10.6236678
43.6144031,10.6233473
43.6165716,10.6268153
43.6167109,10.6264737
43.7813215,10.4278037
43.6066844,10.5964063
43.6070204,10.5878292
43.6061078,10.5875697
43.5999561,10.5930185
43.6029927,10.591201
43.6034502,10.5897025
43.6043609,10.5895566
43.6014371,10.5920205
43.6030759,10.5918961
43.6002374,10.592625
43.6034656,10.5883099
43.6065793,10.5901344
43.6125363,10.6236964
43.7199752,10.7737193
43.6841781,10.5045209
43.6832087,10.5032811
43.682961,10.503693
43.6848934,10.4935985
43.6696282,10.5837805
43.6698041,10.5823498
43.7793731,10.6637087
43.7797704,10.6642326
43.7793999,10.6635146
43.7787837,10.6682961
43.7797783,10.6645926
43.780653,10.6639606
43.7796774,10.6709435
43.7802429,10.6651231
43.7787207,10.6588188
43.6432861,10.6497362
43.6872172,10.6247077
43.644221,10.7736371
43.7367003,10.5213672
43.7600478,10.4581328
43.7497091,10.4732188
43.7495264,10.4719028
43.7514509,10.4651722
43.7466501,10.4672057
43.7473746,10.4668703
43.7516984,10.4647345
43.751973,10.4642856
43.7597204,10.4587192
43.7618811,10.45678
43.7616867,10.4562143
43.7607906,10.4395728
43.7246156,10.4651595
43.6849486,10.6183641
43.6834744,10.6260486
43.6806802,10.6265565
43.6860252,10.6152414
43.6449632,10.603598
43.7225731,10.4255028
43.7209492,10.4229824
43.7205621,10.4235734
43.6141123,10.4439049
43.683739,10.6108985
43.6380391,10.6010562
43.6658135,10.6542984
43.6785929,10.6398801
43.685248,10.6026743
43.6848573,10.6024927
43.6853062,10.6031555
43.6848215,10.6029024
43.6848951,10.6019684
43.6843454,10.6170204
43.6507116,10.63028
43.6652448,10.6565093
43.625728,10.6292211
43.6268115,10.6282364
43.6273577,10.6279174
43.6294017,10.6276606
43.6947042,10.4259643
43.6834825,10.6138398
43.7544108,10.4281309
43.7567333,10.4267122
43.6750359,10.4310431
43.6754047,10.431258
43.6750639,10.4310748
43.6751276,10.4307884
43.7638783,10.4442824
43.7638519,10.444218
43.7570606,10.4253486
43.7570696,10.4261056
43.7572708,10.4254791
43.7568739,10.4259339
43.7110666,10.4222261
43.7100156,10.4214544
43.7102507,10.4192845
43.7228368,10.4247946
43.6975766,10.4284969
43.7006052,10.4183811
43.6979891,10.4268876
43.4922012,10.5092091
43.7198873,10.7029387
43.7202435,10.7021549
43.7206017,10.5393849
43.6662942,10.5731256
43.6663637,10.5733534
43.6669118,10.5742359
43.7523332,10.4647581
43.75224,10.4645392
43.7167491,10.7440092
43.7608694,10.4418003
43.7475762,10.4648666
43.748008,10.4627352
43.7476572,10.4646396
43.4954385,10.6367804
43.4955214,10.6371368
43.4956047,10.6367701
43.4956077,10.6368789
43.4956232,10.637145
43.4958623,10.6356299
43.4958856,10.6368477
43.4958898,10.6366789
43.4959804,10.6366051
43.4961961,10.6363778
43.4962125,10.6368478
43.4965066,10.6361887
43.4972718,10.6355299
43.4570213,10.8297239
43.5093566,10.4472851
43.5096076,10.446787
43.5096611,10.4470269
43.5097337,10.4474959
43.481836,10.4407193
43.4820338,10.440731
43.48499,10.4368653
43.4819922,10.4444082
43.4820071,10.4452062
43.6616975,10.6340893
43.6642489,10.6314607
43.622198,10.6287764
43.6788466,10.6153161
43.6776588,10.6152365
43.6775792,10.6149975
43.6774411,10.6152399
43.6377334,10.59993
43.6319936,10.6044064
43.6316695,10.6038096
43.6329601,10.6050196
43.6322957,10.60493
43.6326387,10.6050357
43.6321846,10.6057523
43.6315995,10.6040615
43.6316236,10.6037069
43.6315539,10.6039685
43.6781684,10.5257279
43.6312096,10.6150991
43.6958796,10.8086899
43.6542876,10.6540888
43.6524868,10.655083
43.6625378,10.6385048
43.6625287,10.6382454
43.6623749,10.6377348
43.6625223,10.6381533
43.66254,10.6386773
43.6627118,10.6390763
43.6857173,10.6120794
43.6322286,10.6053912
43.6861665,10.6094037
43.6678737,10.6457873
43.6677524,10.6458019
43.6678721,10.6459448
43.6677646,10.645947
43.6678114,10.6459745
43.667889,10.6462501
43.6623044,10.6379735
43.6624802,10.63834
43.6622628,10.6383548
43.6610986,10.638953
43.6617371,10.634454
43.6618484,10.6342206
43.6656716,10.6446983
43.6750544,10.6420146
43.6749746,10.6420433
43.6747366,10.642195
43.4825665,10.4414014
43.4828312,10.4411459
43.6538852,10.6564859
43.679528,10.853937
43.686397,10.7585186
43.6865948,10.7586006
43.68638,10.7584207
43.6873973,10.7838727
43.687637,10.7836275
43.6878193,10.7835255
43.6875363,10.7836121
43.6876392,10.7996878
43.6874625,10.798991
43.6877021,10.7990364
43.6877318,10.7988617
43.6875857,10.7994336
43.6876668,10.7990998
43.6624033,10.6224774
43.6623079,10.6223338
43.6622102,10.6223885
43.6621457,10.62192
43.671422,10.6410201
43.6745484,10.6421451
43.6745954,10.6419852
43.672913,10.642292
43.6715007,10.6412615
43.6707358,10.640776
43.6708782,10.6410526
43.6706721,10.6411019
43.6706651,10.6411458
43.6707915,10.6412095
43.670623,10.6413697
43.6717987,10.6403872
43.6714696,10.640978
43.6717064,10.6416876
43.6735207,10.6419069
43.6701325,10.6435826
43.668211,10.6489849
43.6818068,10.6218759
43.551601,10.6359655
43.5451693,10.6991989
43.5444775,10.6994614
43.5429801,10.7000317
43.5435381,10.6998252
43.5445745,10.7024425
43.545156,10.6987893
43.56148,10.7112324
43.7624501,10.4440657
43.7559538,10.4268656
43.6112003,10.6430128
43.6902301,10.7740017
43.6911279,10.7744066
43.6933468,10.4885078
43.6667482,10.6462536
43.6668149,10.6456626
43.6756187,10.5510043
43.6662878,10.6156757
43.6662439,10.615978
43.6091989,10.5397081
43.6108559,10.5315674
43.6078793,10.5392572
43.608124,10.5359313
43.6082434,10.5325842
43.6090306,10.5331144
43.6018032,10.5418426
43.6070004,10.5399334
43.6037438,10.5378667
43.6003095,10.5423139
43.6048987,10.5311502
43.6080531,10.5352449
43.6066369,10.5375632
43.6012016,10.5428961
43.6079899,10.539796
43.6104222,10.5306959
43.6094124,10.5321658
43.6028567,10.537208
43.6012364,10.5437326
43.608325,10.5341184
43.6079948,10.5345851
43.6075955,10.5353298
43.6082838,10.5335605
43.608908,10.5326686
43.7415593,10.4896421
43.7124035,10.42835
43.7133532,10.4277342
43.6349779,10.6943479
43.6350638,10.6953164
43.6350565,10.6954073
43.6843241,10.6218103
43.6659154,10.5888957
43.6659328,10.5888074
43.6667182,10.588801
43.6674352,10.5883367
43.6668425,10.58697
43.7039719,10.6872152
43.7055596,10.685897
43.7074157,10.6833562
43.7059735,10.6866342
43.7058723,10.6864545
43.7053914,10.6868213
43.7035636,10.6858176
43.7024741,10.6844045
43.7024366,10.6868456
43.7017391,10.6852223
43.69951,10.6876581
43.7005577,10.6850604
43.7001403,10.682648
43.7012518,10.6843613
43.7031957,10.6736638
43.7080046,10.6662842
43.7087782,10.6667134
43.7009209,10.6907612
43.7014793,10.6917973
43.701078,10.6889876
43.7005866,10.6897787
43.7001117,10.6898624
43.6992561,10.6906102
43.6973153,10.6839228
43.6971849,10.6817467
43.6598456,10.6078073
43.6596175,10.6081541
43.6600054,10.608096
43.6596861,10.6080927
43.6596327,10.6080986
43.6596277,10.6074141
43.6678483,10.6402693
43.6679251,10.6401958
43.6710276,10.5743293
43.6710815,10.5740918
43.4775333,10.6985671
43.6832599,10.6231398
43.6636929,10.6912213
43.6641868,10.6922692
43.6644524,10.692195
43.6643989,10.6923176
43.6644935,10.6924762
43.6643248,10.6925411
43.6630113,10.687192
43.6630958,10.6874193
43.606612,10.4703767
43.6067881,10.4715838
43.5630023,10.5138785
43.5638269,10.5143328
43.5669242,10.5153673
43.5549075,10.5361773
43.5654229,10.5183725
43.5567359,10.5442116
43.5715067,10.5658704
43.5672896,10.515005
43.7113846,10.6227878
43.7144188,10.6243922
43.7102018,10.6208441
43.7104688,10.6215265
43.7108247,10.6206423
43.71394,10.6245107
43.6078858,10.4623262
43.607569,10.4656387
43.6543994,10.635533
43.6550831,10.6392602
43.6552608,10.6386493
43.6557035,10.6385144
43.656561,10.6369764
43.6410564,10.6010265
43.6411286,10.602406
43.6378437,10.6016708
43.637893,10.601239
43.6318205,10.603849
43.6205952,10.6306518
43.6540987,10.6310038
43.6548432,10.6263879
43.6535224,10.6276352
43.6548751,10.6266954
43.6543335,10.6344288
43.6552224,10.6263368
43.6556991,10.6263649
43.6550621,10.6262069
43.6552121,10.6263185
43.6547289,10.6260195
43.6550024,10.6262109
43.6522279,10.6232338
43.6535763,10.6239781
43.6536557,10.6242117
43.6555616,10.62438
43.6552196,10.6230918
43.6563206,10.6176007
43.6568185,10.6182086
43.6568866,10.6176664
43.6566875,10.6183146
43.6564645,10.6186474
43.657155,10.6143596
43.6571379,10.613786
43.6567892,10.6133584
43.6574853,10.6126743
43.6682486,10.5404296
43.6681196,10.5407176
43.6678098,10.5407413
43.666441,10.541212
43.6662696,10.5413206
43.6660185,10.5413452
43.6660271,10.5413915
43.6692369,10.544641
43.6694313,10.5485664
43.6666842,10.5347375
43.6824951,10.6259072
43.6772725,10.5440162
43.6769989,10.544194
43.6770796,10.5440709
43.676919,10.543823
43.6655036,10.617683
43.666369,10.6133586
43.6668938,10.613791
43.6636187,10.6463359
43.6637194,10.6459586
43.6837295,10.625241
43.684318,10.6251763
43.6878909,10.5865541
43.6878462,10.5860622
43.6879366,10.5864043
43.6879041,10.5863322
43.6877363,10.5867937
43.6875141,10.5844293
43.6878117,10.5845113
43.6879044,10.5846568
43.6877733,10.5842935
43.6877861,10.5845039
43.6879005,10.584402
43.6857311,10.5836246
43.7102247,10.4368169
43.6650668,10.6249189
43.665221,10.6249498
43.6650362,10.6250248
43.6650757,10.6246368
43.6651252,10.6251561
43.6651634,10.6251521
43.6653073,10.6256881
43.665135,10.6338823
43.6650955,10.6339246
43.6657028,10.6347438
43.6656732,10.6345509
43.6654639,10.6348339
43.6657302,10.6349213
43.6653423,10.6348154
43.6655183,10.6347415
43.6658304,10.6368299
43.6660348,10.63682
43.6660812,10.6370706
43.6658852,10.6369052
43.6659915,10.6365499
43.5943368,10.6472871
43.6632096,10.6431703
43.6633012,10.6429964
43.6631686,10.6429857
43.6632012,10.6433658
43.6615518,10.6350258
43.6756463,10.5505011
43.6844584,10.6166517
43.7074382,10.6125068
43.6326741,10.613155
43.6327175,10.6132577
43.6326368,10.6132548
43.6326862,10.6128518
43.6342157,10.6102024
43.6304391,10.6248963
43.6302147,10.6252984
43.6300741,10.6253966
43.6304756,10.625226
43.6303261,10.6259128
43.7215552,10.5390985
43.618905,10.650261
43.5357506,10.5780958
43.536035,10.5788656
43.536772,10.5786887
43.5368328,10.5798042
43.6809676,10.4787199
43.6810916,10.4783047
43.680722,10.6112319
43.6101028,10.6428645
43.6098983,10.6439516
43.6099736,10.643313
43.6101715,10.6440078
43.6871596,10.6243509
43.6874891,10.6246488
43.693077,10.6215527
43.7054125,10.6180943
43.7071799,10.6186968
43.7069779,10.6186173
43.7067555,10.618532
43.707098,10.6184342
43.7069931,10.6186231
43.7082374,10.6150687
43.7083008,10.6150302
43.7080937,10.6148254
43.7083209,10.6147735
43.7083074,10.6147535
43.6993374,10.5915111
43.6989923,10.5910998
43.6994691,10.5910931
43.6995921,10.5912802
43.6997678,10.5922232
43.7000582,10.5903694
43.6068146,10.5100155
43.6068609,10.5096294
43.6066989,10.5097148
43.6066006,10.5113246
43.6050358,10.5106248
43.6059342,10.5125942
43.60662,10.513803
43.6063614,10.5133471
43.6072376,10.5128535
43.6811179,10.5503179
43.6921931,10.5809617
43.6933949,10.5803089
43.6932083,10.5806207
43.683094,10.5749759
43.6830393,10.5748915
43.6828591,10.5749619
43.6863303,10.5480753
43.6829589,10.5751551
43.6832008,10.5756038
43.6877672,10.5429238
43.6876586,10.5428131
43.6877326,10.5426994
43.687657,10.5426833
43.6875605,10.5427428
43.6874069,10.5423812
43.6874892,10.542339
43.687585,10.5424351
43.6876784,10.5425557
43.6874593,10.5416359
43.6876853,10.542825
43.6877418,10.5427722
43.687297,10.5422934
43.6876456,10.5426976
43.6864696,10.5466946
43.6865963,10.5467214
43.6866211,10.5466375
43.6863471,10.5466044
43.6865516,10.5468764
43.7066749,10.5040317
43.7071401,10.5040959
43.7067794,10.504462
43.7074729,10.5039724
43.7069602,10.5042608
43.7077431,10.5041924
43.7139286,10.4759192
43.7120227,10.4764041
43.7137074,10.4759662
43.7227805,10.499966
43.7226287,10.5003799
43.7228601,10.5003747
43.7227399,10.5003508
43.5162159,10.605952
43.6106777,10.6436414
43.6790422,10.639623
43.7091702,10.659675
43.709077,10.6591118
43.7092883,10.6591539
43.709143,10.6593273
43.7089958,10.659544
43.7086647,10.6590473
43.7091242,10.6594126
43.6218215,10.6337522
43.6218929,10.6338129
43.6221792,10.633183
43.6223747,10.6325364
43.6224449,10.6325985
43.6234868,10.6333789
43.6181933,10.5983672
43.6182579,10.5990841
43.6188428,10.5993398
43.6184307,10.5986374
43.6186685,10.5990947
43.6190699,10.5986714
43.6185797,10.598293
43.6186872,10.5982338
43.618938,10.5990248
43.6188341,10.5982408
43.618431,10.5987028
43.6121886,10.6276833
43.6124559,10.6278607
43.6127896,10.628108
43.6129201,10.6277129
43.6184272,10.6333336
43.618552,10.6328597
43.6186057,10.6326561
43.6211733,10.6320332
43.6222083,10.632902
43.6598349,10.65173
43.558068,10.4782574
43.7136869,10.7624346
43.7139282,10.7620912
43.7137824,10.7621881
43.7126217,10.7604989
43.7138284,10.7622599
43.713644,10.762374
43.7135728,10.7624913
43.7136087,10.7620996
43.7136359,10.7622791
43.7137502,10.762173
43.7082708,10.7676359
43.7088885,10.7689918
43.6287621,10.6598114
43.6281794,10.6596211
43.6284877,10.6611551
43.6282743,10.6607544
43.6282922,10.6610772
43.6282102,10.6615288
43.6284471,10.6609277
43.6311647,10.6590183
43.627958,10.6603532
43.6282669,10.6607185
43.628735,10.6608778
43.6455183,10.8177426
43.628809,10.86145
43.6427056,10.814935
43.7200479,10.7709985
43.717565,10.7638941
43.7155314,10.7738609
43.7084272,10.7702869
43.7087275,10.7709125
43.7067963,10.7715536
43.7079968,10.770995
43.7057469,10.7712452
43.7081963,10.7714372
43.7194318,10.7715391
43.7164006,10.7758017
43.7064542,10.7706963
43.7171315,10.7629949
43.7226453,10.7548803
43.5281342,10.4579329
43.5284739,10.4580191
43.5285762,10.4582184
43.5283636,10.458015
43.5286635,10.4578779
43.5283606,10.4584363
43.5282566,10.4581812
43.5284904,10.4584233
43.5285678,10.4581551
43.5282538,10.4582448
43.7591557,10.4266524
43.7588316,10.4276543
43.7004352,10.7324191
43.6931217,10.6967657
43.6945004,10.7031524
43.6951385,10.701863
43.6938421,10.6955905
43.7051563,10.7130566
43.6948465,10.6967265
43.7057535,10.7095483
43.7003211,10.7326232
43.7004117,10.7325793
43.6944736,10.7031276
43.6943011,10.7022645
43.6940177,10.7025861
43.6941787,10.6959734
43.6942605,10.697664
43.7002482,10.7323822
43.69404,10.6974104
43.694505,10.6988356
43.6952813,10.6972031
43.6919154,10.6999414
43.6936108,10.6986011
43.4891976,10.430736
43.4899116,10.4309757
43.4899722,10.4311536
43.4900818,10.4321455
43.4907888,10.4326424
43.6651371,10.6544916
43.6677371,10.662212
43.6644543,10.6616509
43.6646235,10.66164
43.664998,10.6585449
43.6692079,10.6595941
43.6645273,10.6612384
43.6646577,10.6617961
43.6643766,10.6620723
43.6649799,10.6585721
43.6660759,10.6585806
43.6537613,10.5952327
43.6666949,10.6449153
43.6668503,10.6447992
43.6667018,10.6450505
43.6668353,10.6450806
43.6668291,10.6451814
43.6626628,10.6294792
43.6667544,10.6422777
43.663134,10.6291146
43.6666924,10.6465078
43.6241569,10.5282008
43.6217461,10.5282671
43.6616156,10.6349046
43.7078925,10.4368933
43.619208,10.4449859
43.6124425,10.4384861
43.620715,10.4497278
43.6164783,10.4478465
43.6179163,10.4450615
43.6729098,10.4755969
43.6706831,10.7307984
43.6715273,10.7297692
43.6725698,10.7281673
43.6729298,10.7270647
43.696839,10.8316952
43.6976977,10.827725
43.6979668,10.8283435
43.6861862,10.486237
43.6938574,10.7009477
43.6940426,10.7010722
43.6939396,10.7012131
43.711083,10.6194188
43.7097204,10.6191976
43.7109354,10.6197929
43.7093635,10.619549
43.7107719,10.6195037
43.708886,10.619379
43.708878,10.618317
43.7089288,10.6192235
43.7096512,10.6195638
43.7008689,10.4563348
43.7053917,10.6141024
43.7050056,10.6149618
43.6841633,10.4422398
43.6840496,10.441955
43.6838757,10.4419654
43.6839943,10.442044
43.6839736,10.4418043
43.6841852,10.4419747
43.7230568,10.5940495
43.6902815,10.5458449
43.6912751,10.5461463
43.7256074,10.4507053
43.7110233,10.4308548
43.7167314,10.4201212
43.6058438,10.5126462
43.6068067,10.5120982
43.6851126,10.6010809
43.6850584,10.601374
43.6851735,10.6025093
43.6852705,10.6029161
43.6793173,10.6327979
43.6794146,10.6325496
43.6790277,10.6322772
43.7205039,10.4215927
43.7207559,10.4213933
43.6953665,10.4408395
43.6952258,10.4408488
43.695232,10.4406727
43.6953414,10.4406597
43.6951631,10.436566
43.6736442,10.7510155
43.6747963,10.7509207
43.6739972,10.7488751
43.6742727,10.7482904
43.673706,10.7486238
43.6724247,10.7623259
43.6706209,10.5813233
43.6707651,10.5813102
43.6869639,10.6247409
43.6767848,10.7423509
43.676133,10.7424045
43.6753924,10.7419647
43.6760515,10.7416857
43.6758798,10.7422541
43.676102,10.7426889
43.6749445,10.7404072
43.6748571,10.7396515
43.6749631,10.7392597
43.6748074,10.7393283
43.6761881,10.7401635
43.6756752,10.7399873
43.6779179,10.7385325
43.6754744,10.7368733
43.6751646,10.7352449
43.4728513,10.5677975
43.4696075,10.5590739
43.4719861,10.5631203
43.4730027,10.5656717
43.4731101,10.5658187
43.4727453,10.5661321
43.4728707,10.5670948
43.4729195,10.5672482
43.4719244,10.5706953
43.4724586,10.5670303
43.4722295,10.5635958
43.4935032,10.5112801
43.493436,10.5110354
43.5719388,10.796075
43.5710071,10.7982125
43.5732367,10.7917794
43.5751236,10.7924335
43.5718042,10.7950216
43.5742121,10.7916845
43.5652179,10.8078432
43.5723714,10.7961568
43.5713725,10.7993232
43.5717536,10.7950346
43.5717504,10.7942998
43.7602582,10.4372154
43.604907,10.774284
43.5953068,10.6682002
43.5951748,10.668435
43.5940726,10.6674629
43.5697147,10.6645288
43.5692216,10.6649887
43.6058198,10.5720115
43.5911286,10.5957177
43.6035744,10.5796035
43.6066398,10.5724393
43.6026176,10.5803354
43.6027897,10.5706342
43.6060176,10.5712939
43.6070724,10.570979
43.6001158,10.5822005
43.604953,10.5953583
43.6013928,10.5685415
43.6064198,10.5704365
43.6071267,10.5966449
43.6028401,10.580532
43.6069316,10.5712821
43.6032663,10.5803603
43.6070105,10.5967669
43.5997,10.5821522
43.6046212,10.5949255
43.6050473,10.5714497
43.6003424,10.5815239
43.6021138,10.5717607
43.6037052,10.5807703
43.6037187,10.5710153
43.607285,10.5967515
43.604447,10.5951104
43.599903,10.5880596
43.5995825,10.5714812
43.5913725,10.5962477
43.5607286,10.6085287
43.6023864,10.5799459
43.6007823,10.5820749
43.6014791,10.582433
43.5907152,10.5959859
43.5905015,10.5971056
43.6232646,10.5286179
43.6212649,10.529877
43.6190721,10.5293225
43.5251509,10.4501516
43.5375481,10.5795853
43.5352143,10.5913321
43.5224885,10.6189163
43.52241,10.6183611
43.52448,10.6156499
43.5802493,10.727292
43.580289,10.7266432
43.6688893,10.4343539
43.6494374,10.7443187
43.6519755,10.7418823
43.652436,10.7408503
43.6484643,10.7397724
43.6523986,10.7413834
43.6493828,10.7438779
43.6652337,10.7020367
43.6660107,10.7030577
43.665231,10.7013084
43.6689691,10.7083104
43.6657262,10.7021637
43.6639463,10.7027792
43.6658158,10.7014841
43.666123,10.7023395
43.6635859,10.7026234
43.6667344,10.7043334
43.6782727,10.6849335
43.6762645,10.6921839
43.6763967,10.6855158
43.6777686,10.6917891
43.6757819,10.6898044
43.6775271,10.6912104
43.6784449,10.6908344
43.7536073,10.7074943
43.7550964,10.7013141
43.7535455,10.7066576
43.7573999,10.7002829
43.7547874,10.7016478
43.7554121,10.7014141
43.7537663,10.7037599
43.7522319,10.7057179
43.7556578,10.706817
43.7368829,10.7577342
43.7387457,10.7562883
43.7822337,10.6616709
43.7801432,10.6596445
43.789692,10.6878229
43.7808698,10.6598743
43.77992,10.6590864
43.7795287,10.659028
43.7779034,10.6698182
43.7784607,10.669659
43.7921316,10.6897649
43.7917431,10.6885853
43.7891637,10.6884365
43.7801744,10.6595322
43.7788794,10.659399
43.7792312,10.6571263
43.7794212,10.6558571
43.7913334,10.6869411
43.7794783,10.6595985
43.7794961,10.6594481
43.7866706,10.6847244
43.7915472,10.6888103
43.664616,10.8475155
43.6638911,10.8502976
43.6646641,10.847928
43.6634628,10.8495111
43.6644918,10.8482612
43.6629496,10.8572971
43.6640169,10.8500086
43.6645572,10.847891
43.6443449,10.8339795
43.6633431,10.8498598
43.6687601,10.8499429
43.6639207,10.8589095
43.6271123,10.6166768
43.6245691,10.6239128
43.6240923,10.625777
43.6729316,10.5772315
43.6641151,10.6369007
43.6636769,10.6368974
43.6627636,10.5423832
43.6620129,10.5425126
43.6622298,10.5424752
43.6625492,10.5424201
43.6624564,10.5422215
43.6765168,10.7382566
43.6695227,10.6425777
43.6693818,10.6421808
43.680369,10.7419967
43.6727234,10.7524594
43.6735801,10.7522969
43.6798153,10.5261759
43.6719585,10.5456849
43.7096818,10.6213585
43.7109211,10.6199188
43.6958173,10.4369956
43.6959142,10.4371941
43.6957189,10.4372162
43.604771,10.5121724
43.6043943,10.5125985
43.6977928,10.4152504
43.717047,10.6175991
43.7066761,10.878772
43.7050316,10.8769266
43.6967479,10.881937
43.688474,10.7578676
43.7008797,10.7884155
43.7027744,10.7875083
43.688093,10.7563698
43.7024867,10.7817386
43.7044303,10.7791849
43.7039498,10.7803985
43.7033502,10.7835657
43.687966,10.7558101
43.6891244,10.8154566
43.6921312,10.837702
43.6885937,10.8757597
43.6880853,10.8765863
43.6892913,10.8763933
43.6895731,10.8170797
43.6822375,10.7946908
43.688345,10.8749386
43.6889315,10.8754623
43.6913955,10.836955
43.6539829,10.8332265
43.6814099,10.8063155
43.6811047,10.8049291
43.6816862,10.805413
43.6978994,10.6931382
43.6983341,10.6940082
43.6983421,10.6934716
43.6985254,10.6925034
43.6983833,10.693651
43.7556789,10.4273432
43.7078636,10.5876036
43.7083734,10.5876101
43.6275558,10.7123942
43.6050799,10.751461
43.59553,10.7183755
43.5962788,10.7175226
43.6556197,10.5568856
43.6551299,10.5568729
43.4813852,10.4407615
43.4844986,10.4378205
43.4551689,10.4760635
43.4552062,10.4759187
43.4678714,10.556601
43.4728778,10.5668283
43.4856674,10.5619935
43.485712,10.5618338
43.4676067,10.5565583
43.4677722,10.5562398
43.4678413,10.55643
43.4601264,10.5630659
43.4562124,10.5668508
43.7191016,10.7733634
43.7191653,10.7728022
43.6893785,10.4954337
43.465269,10.4181021
43.4656449,10.4188962
43.4989935,10.7215317
43.4992434,10.721493
43.4990017,10.7212717
43.4836323,10.8387509
43.483317,10.8401993
43.4820361,10.8399836
43.4835678,10.8397367
43.7409931,10.423546
43.509163,10.4468942
43.5094088,10.4471394
43.7579025,10.4600865
43.7580104,10.4607271
43.7275092,10.5899571
43.7042249,10.8526784
43.6992335,10.822878
43.699464,10.8254747
43.7004162,10.8230074
43.5813462,10.6783911
43.5848945,10.6723329
43.5869366,10.66625
43.7629053,10.4318609
43.6687938,10.4497374
43.6992428,10.5809258
43.6505028,10.6301851
43.7004026,10.5863226
43.7004307,10.5863977
43.7004469,10.5863552
43.686204,10.5771202
43.6848195,10.6646494
43.6849453,10.6649685
43.6847936,10.6649229
43.684999,10.6650606
43.684944,10.6650368
43.5388993,10.4441235
43.5362056,10.7908625
43.5361604,10.7915702
43.7225994,10.4265171
43.723048,10.4265573
43.6141812,10.4646156
43.6144849,10.4656589
43.6143067,10.4645831
43.7002089,10.413031
43.5036098,10.4502264
43.5038665,10.4499654
43.4641078,10.4157982
43.4644952,10.4160752
43.4650582,10.4158027
43.5780036,10.4377399
43.5785732,10.4442301
43.5789206,10.4407666
43.5791137,10.4435201
43.5791442,10.441131
43.5792929,10.4419163
43.5795488,10.4422387
43.6725946,10.6402657
43.5743946,10.7895754
43.6957971,10.4369971
43.5717848,10.7953502
43.5720072,10.7952791
43.5757149,10.7654436
43.5755589,10.7652528
43.5754037,10.7653276
43.5752986,10.7648893
43.5754185,10.765723
43.5755111,10.765484
43.57209,10.796331
43.7117757,10.5913433
43.711229,10.5919017
43.7131794,10.5933286
43.7709247,10.4290765
43.7711998,10.4288257
43.7102051,10.6208167
43.7095073,10.6199329
43.7095273,10.6207143
43.7103358,10.619742
43.7094236,10.6612105
43.7103197,10.66134
43.7112658,10.6620588
43.6768946,10.4357103
43.6769273,10.4357345
43.6768497,10.435678
43.676198,10.4375367
43.7594789,10.4416461
43.5886553,10.6655059
43.5339078,10.5906219
43.5344641,10.5916901
43.5348828,10.5912589
43.5313473,10.5938502
43.5307753,10.5939962
43.5317176,10.5947882
43.5238237,10.6032415
43.5043078,10.619433
43.5088728,10.6157295
43.5075785,10.6165882
43.491234,10.7181928
43.6948848,10.850906
43.6949025,10.850813
43.7198075,10.4161946
43.7204249,10.4200455
43.5774494,10.4383722
43.6342967,10.5765819
43.6890518,10.4354684
43.6885004,10.4368806
43.7108486,10.4191486
43.7230662,10.4264031
43.6733728,10.7495886
43.7058017,10.441267
43.5788181,10.4439085
43.6846232,10.7785836
43.4955378,10.5143871
43.4953077,10.5144789
43.4955524,10.5156316
43.7246082,10.4174298
43.7000031,10.5797793
43.480899,10.5467456
43.7233343,10.4156571
43.7289342,10.5833011
43.7294643,10.5837423
43.7062903,10.8717584
43.7064335,10.871836
43.7151883,10.7605633
43.7188975,10.4192098
43.6740423,10.5236273
43.6741626,10.523516
43.6708078,10.5417154
43.6708633,10.5418148
43.6709709,10.5418402
43.6710757,10.5416583
43.6710309,10.541796
43.6679224,10.5407895
43.6680404,10.5399817
43.6677739,10.540042
43.6646572,10.541592
43.7711641,10.4291727
43.7711624,10.4294829
43.7708325,10.4294621
43.7708117,10.4292619
43.7710129,10.4290548
43.4853137,10.6431955
43.6023022,10.7059095
43.5498662,10.7218571
43.5518748,10.72383
43.5557078,10.7124662
43.5552901,10.7122699
43.5550681,10.7125085
43.5553333,10.7116402
43.5553494,10.7112805
43.5522904,10.7125389
43.5522301,10.7123512
43.5522249,10.7128224
43.5517646,10.713033
43.5650447,10.7391721
43.5650318,10.7394955
43.5650798,10.739033
43.5652957,10.7390209
43.5625685,10.7488974
43.5628723,10.7488855
43.5627118,10.7490168
43.7200639,10.5386133
43.7200286,10.5377885
43.7975028,10.6940744
43.8026098,10.6870363
43.7982671,10.696262
43.8016229,10.6917941
43.7988187,10.6952828
43.7982966,10.6881199
43.8003688,10.689751
43.6792677,10.5508298
43.6800046,10.5508641
43.7291022,10.5853742
43.7306506,10.5788482
43.7314423,10.5780532
43.7323841,10.5745817
43.73281,10.5767957
43.6891156,10.5493031
43.6828509,10.6260915
43.6829662,10.6258803
43.6830489,10.6260896
43.663786,10.6912255
43.6642966,10.6911712
43.6475242,10.7528618
43.6917878,10.512655
43.6989491,10.7145966
43.69974,10.71551
43.7004283,10.7118701
43.7006193,10.7113057
43.7009848,10.7118465
43.6993922,10.7138544
43.7013436,10.7126216
43.7007985,10.711474
43.7006371,10.7117138
43.7001807,10.7147531
43.6110562,10.4629498
43.6111776,10.4636303
43.6116732,10.4638384
43.609536,10.4650998
43.6100286,10.4658975
43.6089515,10.4663606
43.6126409,10.4688178
43.507933,10.7734524
43.6906967,10.7685385
43.6910753,10.7685332
43.7054794,10.4542458
43.7002797,10.4656212
43.7012005,10.4642385
43.7122559,10.4208335
43.6835049,10.6155263
43.6523171,10.5571077
43.6523674,10.5570873
43.6827757,10.6196899
43.7623762,10.4397307
43.7796296,10.6579967
43.7797438,10.6576501
43.6777122,10.5116765
43.6785868,10.5121298
43.6779168,10.5112463
43.6820593,10.5082394
43.6612988,10.6377228
43.6610198,10.6389415
43.712174,10.5012774
43.6886181,10.5501645
43.6907236,10.553602
43.7310944,10.5748258
43.7324662,10.5690678
43.7366399,10.5492112
43.7092688,10.4280881
43.7066054,10.4351831
43.7070634,10.4354748
43.6906829,10.6234415
43.6906474,10.6235501
43.4805101,10.5451534
43.4812634,10.5459056
43.5166084,10.6226776
43.5169867,10.6237738
43.7088036,10.7803906
43.7089227,10.7807545
43.7094671,10.7822024
43.7095945,10.7825696
43.7098794,10.783275
43.6842272,10.5960103
43.6843103,10.5976514
43.6846669,10.5978299
43.6851376,10.5995046
43.6849949,10.5980132
43.6848564,10.5971848
43.5023886,10.5666823
43.5247399,10.5537024
43.5246934,10.5538649
43.5248517,10.5538694
43.5302423,10.5852834
43.5439549,10.526351
43.5439822,10.526574
43.5440431,10.5264311
43.5417107,10.4764025
43.7502081,10.6646037
43.7019355,10.765837
43.8013705,10.6608984
43.7878243,10.6628666
43.7936498,10.6567656
43.7895761,10.6575617
43.7375999,10.7484186
43.5490577,10.7210059
43.4598235,10.5626188
43.7033375,10.78553
43.7045936,10.7881302
43.7069129,10.7892911
43.7032208,10.7858077
43.7035099,10.7856742
43.7033866,10.7853562
43.7030081,10.785912
43.7032904,10.7857745
43.703276,10.7855524
43.7034497,10.7852395
43.7027665,10.7841545
43.703422,10.7834133
43.7007876,10.7877911
43.7009021,10.7869576
43.7007643,10.7874585
43.7004362,10.7871894
43.7006112,10.787986
43.7007488,10.7872089
43.7006676,10.7879476
43.70061,10.7871085
43.700687,10.7882812
43.7008111,10.7881438
43.7004058,10.7880345
43.7008089,10.7880685
43.7006228,10.787217
43.6990273,10.7878964
43.7006586,10.7870857
43.7006049,10.7882314
43.5242505,10.6784115
43.5244227,10.6786739
43.5246503,10.6785871
43.5246427,10.6783967
43.5243852,10.6784755
43.6809704,10.6150056
43.6817136,10.6162256
43.6981579,10.7868771
43.6980927,10.7869439
43.6977817,10.7869812
43.6979339,10.7873111
43.6983247,10.7881466
43.698709,10.7880359
43.6988522,10.787108
43.6979289,10.7873449
43.6987047,10.7868926
43.6982086,10.7880936
43.6988565,10.7878145
43.698689,10.7880541
43.6957288,10.7891249
43.6935837,10.7897716
43.6929836,10.7895803
43.6931352,10.7899445
43.6929967,10.7895017
43.6904317,10.790901
43.7116214,10.4262471
43.7119524,10.4266133
43.7121348,10.4261003
43.6767063,10.6467229
43.6720487,10.6501207
43.6723674,10.6506048
43.6746099,10.7727503
43.5242233,10.6776007
43.7007452,10.438193
43.4734406,10.4523903
43.675589,10.4770927
43.6749936,10.4742574
43.6750048,10.4737735
43.7587678,10.4337217
43.7585578,10.4336351
43.7586848,10.4339097
43.7590744,10.4340001
43.6890721,10.749242
43.6900215,10.7587395
43.6889965,10.7589394
43.6902688,10.7515293
43.6891135,10.7565439
43.6868378,10.753591
43.6882855,10.7534529
43.6902052,10.7518247
43.6160431,10.5976385
43.6130739,10.5957113
43.6126639,10.5980895
43.6151556,10.5989775
43.6865891,10.7489412
43.6864656,10.7485053
43.675324,10.7311133
43.6743362,10.7296763
43.6751655,10.7308754
43.676199,10.7370799
43.6759414,10.7363121
43.6763914,10.7361882
43.6764136,10.7369302
43.6753113,10.7402261
43.6738564,10.7402143
43.6641817,10.7407161
43.6644249,10.7392634
43.6622377,10.7385286
43.6622574,10.738449
43.6623227,10.7393222
43.6343419,10.6944608
43.6564709,10.6862511
43.6346435,10.6947585
43.634798,10.6946386
43.6542639,10.68315
43.6344569,10.6948906
43.634421,10.6947738
43.6344543,10.6947566
43.6348626,10.6950274
43.6347869,10.6945526
43.6345986,10.6946814
43.6825016,10.7411315
43.6825657,10.7426915
43.682667,10.7427828
43.6825432,10.7420852
43.6815329,10.7424047
43.6833605,10.7354911
43.6833057,10.7352697
43.6831556,10.7353196
43.6832112,10.7355544
43.6869551,10.7386317
43.6900846,10.7491103
43.6890735,10.7494185
43.6903102,10.7499039
43.6895561,10.7492945
43.6788825,10.4794787
43.6787984,10.4793417
43.6746801,10.476743
43.6748151,10.4766546
43.674595,10.4764973
43.691596,10.4731271
43.5519888,10.4672082
43.5522426,10.4665931
43.5522755,10.4672094
43.5522769,10.4675647
43.5538384,10.4679811
43.5745861,10.8142362
43.5746936,10.8144248
43.5747349,10.8143004
43.5220576,10.6188801
43.5221882,10.6186665
43.5221888,10.6187852
43.6432432,10.649271
43.6433587,10.6494801
43.6435082,10.649704
43.7095089,10.6203523
43.7085566,10.6202576
43.4588213,10.6277768
43.4589074,10.6285493
43.6879308,10.4817282
43.5264432,10.6176402
43.5251309,10.6214102
43.4780353,10.6407928
43.5635001,10.6134452
43.5280435,10.6213278
43.5277723,10.6201341
43.5258267,10.6194185
43.5290526,10.6208962
43.5284319,10.6196899
43.5392859,10.5982321
43.5390043,10.5992661
43.5288027,10.5840681
43.6707601,10.5697009
43.5598884,10.6185166
43.5923346,10.7183869
43.7578863,10.4360177
43.7615506,10.4369839
43.7617282,10.4369134
43.7621759,10.4369382
43.7618403,10.4366428
43.7617352,10.4367116
43.761864,10.4366667
43.5633285,10.5826635
43.5631033,10.5827468
43.6170278,10.5984329
43.7037699,10.6036122
43.7048195,10.6097429
43.7046935,10.6071075
43.7593205,10.4417964
43.8049087,10.6600946
43.8046697,10.6600614
43.7988031,10.6783408
43.7932106,10.6864282
43.8047025,10.6603808
43.5862499,10.58699
43.5910798,10.5768468
43.5898833,10.5783996
43.5915809,10.5806044
43.5895606,10.5895967
43.5710261,10.5937511
43.5710377,10.59362
43.5708986,10.5935963
43.5709121,10.5937683
43.7963442,10.4198744
43.5521577,10.4484127
43.5259865,10.4458281
43.524459,10.4476517
43.5240767,10.4596766
43.5193784,10.4532525
43.6237853,10.6680236
43.6241537,10.6685304
43.62143,10.6723739
43.6130856,10.6255351
43.6138469,10.6242924
43.6149031,10.6253678
43.6138403,10.6250033
43.6635819,10.6317457
43.6447396,10.6435167
43.642986,10.6457728
43.6443343,10.646716
43.64297,10.6451699
43.6425629,10.6449513
43.6420068,10.6433107
43.6544424,10.65036
43.6534732,10.6505238
43.6533208,10.6503626
43.664744,10.6388263
43.6647423,10.6392
43.6420279,10.6105881
43.6428717,10.6103468
43.6424374,10.6122166
43.64304,10.6120465
43.6364791,10.6520036
43.6641632,10.6392273
43.6750365,10.6904526
43.6750417,10.690536
43.6061718,10.5690596
43.6631579,10.6288362
43.7211904,10.4225777
43.7212428,10.4226661
43.6603241,10.64519
43.6603646,10.6507196
43.6642666,10.6222577
43.6639594,10.6221897
43.6649569,10.6213574
43.6647976,10.6213215
43.6649142,10.6217004
43.6647533,10.6216633
43.6651423,10.6198542
43.664733,10.6218201
43.6645708,10.6217849
43.6614834,10.6357303
43.7106342,10.4273529
43.7114392,10.4279966
43.6706201,10.6425816
43.7203475,10.5388512
43.7208916,10.5384523
43.5720836,10.79637
43.5722101,10.796359
43.6564099,10.6311945
43.7566917,10.7036199
43.7564941,10.7052265
43.7153299,10.4267531
43.6524241,10.4398607
43.6617763,10.6428346
43.6621818,10.6456821
43.7058425,10.4415256
43.6401495,10.8332365
43.6402356,10.8331598
43.6404064,10.8331776
43.6401684,10.8331476
43.6394593,10.8345564
43.640199,10.8327887
43.6621567,10.6458056
43.66784,10.6423954
43.6655454,10.6193368
43.710989,10.4235336
43.711146,10.4219484
43.6852255,10.4380895
43.6852545,10.4380015
43.6784865,10.5165331
43.7622816,10.4288085
43.7623788,10.4287388
43.7620809,10.4287006
43.7620992,10.4283499
43.7624416,10.4285282
43.5996827,10.7144216
43.5443427,10.5637686
43.544384,10.5637476
43.660911,10.6822799
43.6567903,10.6811109
43.6584448,10.6814347
43.7270106,10.5875236
43.7288042,10.5895276
43.7271511,10.616808
43.7268659,10.6171346
43.7331866,10.6199642
43.7332808,10.6200299
43.7416345,10.5979918
43.5957079,10.6646188
43.5236362,10.6187358
43.6831418,10.5706544
43.6034098,10.5687166
43.6063161,10.5307357
43.6061841,10.5327978
43.6065537,10.5345451
43.6067078,10.5351934
43.6074119,10.4626991
43.6079197,10.4624796
43.5889161,10.4764732
43.6150147,10.46558
43.6767015,10.5471032
43.6765759,10.546851
43.6765102,10.547053
43.6687073,10.5378672
43.6730473,10.5532627
43.6714293,10.6412234
43.6717197,10.6405754
43.601898,10.7055955
43.5913475,10.6702026
43.5854266,10.6740767
43.70472,10.7557276
43.7066005,10.7443389
43.7075483,10.7410775
43.7053035,10.7421153
43.7107867,10.7395798
43.6990284,10.8504546
43.6650622,10.6581749
43.6650677,10.6582174
43.6679579,10.7076561
43.6676462,10.7075453
43.667828,10.7076604
43.6678111,10.708022
43.6678538,10.7077636
43.6677362,10.7077954
43.6809292,10.742084
43.6850316,10.757894
43.6920419,10.8408971
43.6927774,10.8561242
43.6925822,10.8559903
43.6926028,10.8556131
43.6927079,10.8558954
43.6936573,10.8649504
43.7399722,10.7576883
43.4992392,10.7213121
43.5771253,10.4368047
43.5788261,10.4357327
43.6447033,10.6137622
43.6455383,10.5897374
43.5360662,10.5958363
43.536052,10.5959338
43.5362423,10.5959328
43.5362224,10.5960383
43.655886,10.5621357
43.6955976,10.6933942
43.7001358,10.7463552
43.699055,10.7416466
43.6988218,10.8344724
43.6985102,10.8348579
43.698424,10.8344813
43.5685209,10.5555902
43.5687279,10.555451
43.6248931,10.6776085
43.584039,10.5757368
43.5522767,10.7127202
43.5598987,10.5804209
43.5470578,10.7210058
43.6029051,10.4544163
43.6030595,10.4542936
43.5471401,10.7207283
43.5471145,10.7210096
43.5475282,10.7204566
43.5476717,10.7209052
43.5478637,10.7208314
43.718432,10.4164605
43.709866,10.4371638
43.7107198,10.4360525
43.7229259,10.4256872
43.7079241,10.4374449
43.6897771,10.7851662
43.758687,10.4340015
43.7560729,10.4382135
43.7561191,10.4377053
43.7558738,10.4379121
43.7555985,10.43811
43.7561931,10.4381381
43.7585874,10.4341966
43.7625861,10.4287617
43.7591156,10.4336197
43.7559212,10.4381293
43.7563475,10.4375202
43.7618717,10.428316
43.7562692,10.4385565
43.7582987,10.4406624
43.7583219,10.4405321
43.7475222,10.4627338
43.7752794,10.4310795
43.7942907,10.4242302
43.67646,10.7384762
43.6877038,10.8207819
43.6746506,10.5304196
43.4865489,10.6438691
43.4921647,10.5089459
43.5441489,10.7169228
43.6925894,10.4685801
43.6321671,10.4980439
43.6324135,10.498034
43.6993373,10.5147947
43.6936857,10.5200625
43.7179912,10.4272726
43.6543903,10.6310874
43.6653555,10.6180897
43.6612896,10.6378956
43.4724309,10.569015
43.5220352,10.6166693
43.5225257,10.6166642
43.5228186,10.6165797
43.5021732,10.637022
43.5022602,10.6371742
43.5022665,10.6372981
43.5022845,10.6372769
43.620056,10.6125999
43.6882309,10.8050111
43.6881807,10.8054172
43.6882994,10.8049595
43.6882848,10.8051411
43.6882012,10.8047511
43.6882316,10.805091
43.604484,10.4902152
43.6654994,10.6206041
43.7220352,10.4693387
43.7214357,10.5208683
43.6769114,10.7313429
43.6849315,10.6139265
43.4864694,10.64339
43.4866246,10.6441873
43.5891146,10.4763687
43.7275425,10.5896836
43.7152417,10.4147073
43.7131224,10.6208463
43.4933551,10.5107069
43.7076748,10.4140951
43.6620885,10.6641918
43.6737027,10.6059641
43.6678535,10.6030449
43.6841072,10.6149403
43.6831523,10.6165108
43.6834267,10.6152082
43.6832079,10.6156574
43.6599784,10.5994784
43.6658798,10.5890806
43.6657626,10.5860782
43.6651465,10.5896106
43.6835687,10.6148722
43.7258901,10.5885914
43.7262398,10.5893711
43.6706017,10.6497812
43.723596,10.6201197
43.6850981,10.6117685
43.6856237,10.6116774
43.6855277,10.6120785
43.685634,10.6117743
43.6851843,10.6150072
43.6993324,10.7456927
43.6994864,10.7460704
43.7115796,10.7569269
43.7117026,10.7578373
43.711529,10.7565867
43.7120243,10.7593823
43.7114048,10.7565791
43.7119418,10.7590979
43.7116139,10.7567319
43.7114818,10.7569999
43.7113561,10.7569472
43.7113043,10.7568144
43.7113057,10.7567405
43.7121436,10.7586018
43.5465402,10.7192936
43.5465825,10.719209
43.5461587,10.7177747
43.5466235,10.7192981
43.5494381,10.7197535
43.549572,10.7213896
43.5498457,10.7224044
43.6850015,10.799612
43.6849763,10.799641
43.6920976,10.4595029
43.5288051,10.4584775
43.5281264,10.458472
43.5265842,10.4565274
43.7197551,10.5375358
43.663653,10.6231064
43.720162,10.5369589
43.4822634,10.5697859
43.7293175,10.6091785
43.7751509,10.4309487
43.7750741,10.4310201
43.775058,10.4317712
43.7748417,10.4309035
43.6581001,10.5428033
43.7061499,10.4411936
43.7057524,10.4409849
43.7069235,10.4394517
43.7069796,10.4393013
43.7070228,10.4395203
43.7070765,10.4393719
43.7070814,10.4394009
43.6431923,10.6245927
43.6430431,10.6256192
43.6419217,10.6225443
43.6424742,10.6233612
43.6453184,10.6153438
43.6452585,10.6155065
43.6458246,10.6164749
43.6455135,10.6166701
43.6445303,10.6150068
43.645203,10.6154686
43.6447441,10.615915
43.6474567,10.6172742
43.6471806,10.6170772
43.7252036,10.6124059
43.6904319,10.8361221
43.6966647,10.8358974
43.6904291,10.8311705
43.6962281,10.8361517
43.6917715,10.8356607
43.6964635,10.8389141
43.6728451,10.5874236
43.6698521,10.5872673
43.6697997,10.5876747
43.6697669,10.5879513
43.6699926,10.5876971
43.6697926,10.5877285
43.6699205,10.5878055
43.6700836,10.593266
43.7568761,10.436693
43.7563706,10.4381708
43.6898713,10.7834086
43.6892491,10.783244
43.5486008,10.7178803
43.5491536,10.7171224
43.5502343,10.7163353
43.549037,10.714446
43.5486602,10.7141144
43.5490184,10.7144804
43.5482417,10.7156433
43.5491787,10.7141414
43.5487581,10.7149399
43.5491575,10.7143347
43.4725723,10.6360152
43.4818133,10.6417442
43.6342734,10.5827753
43.6342878,10.5835142
43.634345,10.5823016
43.6343543,10.5830225
43.7620746,10.4290905
43.7095001,10.4330505
43.7136771,10.4283064
43.6576174,10.6570112
43.7157157,10.6178182
43.7145573,10.6172158
43.7146082,10.6179613
43.7187834,10.617787
43.7188989,10.6180444
43.7193226,10.6163282
43.7196668,10.6177316
43.7531457,10.7037745
43.7539539,10.702453
43.7896559,10.6892114
43.7878492,10.6887898
43.7881243,10.6892222
43.7884679,10.6892878
43.7873786,10.6892647
43.7870874,10.6888814
43.7865826,10.690275
43.7858559,10.6891303
43.785627,10.6890368
43.7857796,10.6888457
43.7855537,10.6918145
43.7843388,10.6916492
43.7798003,10.6987305
43.7809854,10.7001105
43.7844579,10.6941205
43.785424,10.6960254
43.7849736,10.6952316
43.7851948,10.6950938
43.7645948,10.6657846
43.7645329,10.6669988
43.7698775,10.6642597
43.7703407,10.6651844
43.779978,10.6983819
43.7794049,10.6979891
43.7793139,10.698288
43.7797648,10.6998391
43.7791554,10.6998711
43.7791419,10.6996936
43.7765239,10.7041355
43.7737668,10.7030205
43.7797415,10.7010479
43.7786096,10.7007673
43.7785432,10.7060755
43.7780816,10.7080114
43.7771173,10.7078037
43.7767869,10.7079298
43.7774407,10.7077432
43.7746138,10.7156796
43.7748066,10.714448
43.7747102,10.7141688
43.774561,10.7137593
43.7733879,10.6873142
43.7725827,10.6888835
43.7621598,10.6818306
43.7718955,10.6856846
43.7679484,10.6861865
43.7735136,10.6609017
43.7745946,10.6597356
43.7742247,10.6582436
43.7785505,10.6594288
43.6846231,10.4941093
43.7715485,10.6623407
43.767826,10.6627055
43.7671753,10.6630365
43.7639321,10.6657039
43.7639622,10.6650023
43.7642945,10.6648961
43.7639775,10.6645492
43.7755503,10.6869458
43.7741437,10.6862645
43.7712915,10.6840763
43.7718888,10.6841865
43.7877695,10.6831518
43.7870468,10.6842588
43.7861203,10.682024
43.7891164,10.676355
43.7902182,10.6770243
43.7897293,10.6752415
43.7895512,10.6739836
43.7798109,10.6986665
43.7367819,10.5494563
43.7368301,10.5489033
43.73654,10.5490181
43.6927902,10.649051
43.6955554,10.6474115
43.6961688,10.6483771
43.6962032,10.6483402
43.6965738,10.6463017
43.5491282,10.4443574
43.5493648,10.445319
43.7115573,10.7830482
43.7116926,10.7829895
43.7117111,10.7830182
43.710964,10.7835339
43.7109226,10.7837802
43.7110435,10.7835114
43.7107958,10.78363
43.7816268,10.658282
43.7817037,10.6563533
43.7823498,10.6540641
43.7862257,10.6566458
43.7861808,10.6573026
43.7859788,10.6572805
43.8002671,10.6790987
43.7999342,10.6809326
43.8005134,10.6809687
43.7994862,10.6823342
43.7997865,10.6817821
43.7994868,10.6840171
43.8005338,10.6778535
43.8025232,10.6791186
43.5607569,10.6935732
43.5603715,10.692481
43.7332659,10.6198276
43.7332789,10.6198386
43.7327938,10.6243606
43.7332435,10.6266022
43.7329569,10.6244518
43.7336826,10.6291389
43.733005,10.6245523
43.7330345,10.624816
43.7329473,10.6240088
43.4858526,10.5037369
43.4967906,10.5039335
43.493497,10.5112461
43.4681579,10.5692734
43.596153,10.4727122
43.5953138,10.4725052
43.5959944,10.4721392
43.5959079,10.4724557
43.5958597,10.4726523
43.5934181,10.4705412
43.5948303,10.4702675
43.5916294,10.4722742
43.4567808,10.5490664
43.5885162,10.470721
43.5886594,10.4709777
43.5886285,10.4768022
43.6000754,10.4716183
43.5072709,10.5006925
43.5053312,10.4854048
43.4889046,10.5098739
43.7571987,10.4357678
43.7574635,10.4357712
43.7571871,10.4362024
43.4994247,10.5055026
43.5114821,10.5517313
43.5125379,10.5353837
43.5051505,10.543246
43.4724269,10.5696538
43.5458045,10.5012116
43.5454558,10.4998616
43.5451523,10.4987444
43.5448865,10.4994265
43.598576,10.4890993
43.5934366,10.4738484
43.6011026,10.4729823
43.5760597,10.4758119
43.5750811,10.4777635
43.7246592,10.4657068
43.7243597,10.4663994
43.7246264,10.4666085
43.4846494,10.6418163
43.4824991,10.6410454
43.4816718,10.64163
43.6642712,10.6245723
43.6599383,10.6500104
43.6973294,10.5119294
43.4932663,10.5071439
43.5234576,10.6114876
43.5017182,10.4896
43.4955188,10.5138553
43.4950987,10.5137479
43.495308,10.5133325
43.4953939,10.5132965
43.49543,10.5138925
43.6750289,10.4308527
43.6752174,10.430869
43.4928932,10.5106813
43.4926442,10.5110345
43.6895127,10.794525
43.6884349,10.7937661
43.6841488,10.4462192
43.6844014,10.4456332
43.6844635,10.4456995
43.6842284,10.44625
43.5991495,10.4735954
43.5991658,10.4737161
43.5992737,10.4737666
43.5993275,10.4735509
43.5993468,10.4736392
43.6531116,10.6572633
43.6523471,10.6603335
43.6547962,10.6553366
43.6543718,10.6562218
43.6539834,10.6556859
43.6539374,10.6555068
43.6539997,10.6551371
43.6542014,10.6549185
43.6549238,10.6557392
43.6545314,10.656254
43.5183291,10.657204
43.5583293,10.6375505
43.5542196,10.6346549
43.5534071,10.633501
43.553038,10.6331283
43.574438,10.628036
43.5739336,10.6279306
43.5195316,10.6247056
43.5193348,10.6245964
43.5197885,10.6243832
43.7116784,10.7565022
43.7115831,10.7571814
43.5009174,10.6393174
43.5006888,10.6376267
43.4995384,10.6397398
43.4846514,10.6429818
43.4845886,10.6429351
43.4858404,10.6403659
43.5419247,10.517852
43.455969,10.6468369
43.4548309,10.6447133
43.765617,10.7069695
43.6596553,10.7455556
43.5796277,10.6291671
43.6283009,10.5298276
43.628407,10.529555
43.6282523,10.5296075
43.6265823,10.5287817
43.6284007,10.5290995
43.6278051,10.5296888
43.608444,10.5263814
43.608329,10.5267267
43.6079861,10.5265793
43.6079662,10.5264849
43.6080943,10.5261428
43.6081579,10.5261118
43.6084335,10.5263267
43.6086545,10.5267591
43.6077685,10.5261647
43.6079233,10.5270951
43.623897,10.528653
43.6242399,10.5290189
43.6241736,10.5290939
43.6239307,10.5290799
43.623853,10.528883
43.6240478,10.5285417
43.6242103,10.5286184
43.6242703,10.5287482
43.6239831,10.5298075
43.6253611,10.5297458
43.6804884,10.5462449
43.6848608,10.5523168
43.6847297,10.5522993
43.6868567,10.5793572
43.624117,10.6030214
43.6236147,10.6030662
43.6237981,10.6020665
43.6244076,10.6024476
43.624242,10.6027085
43.6238754,10.6029932
43.6237832,10.6027487
43.6238642,10.6024967
43.6240857,10.6024374
43.6241623,10.6024971
43.6107589,10.6434437
43.6106952,10.6429361
43.619738,10.6270075
43.6196702,10.6270406
43.6195559,10.626892
43.6195893,10.6267737
43.6177259,10.6331637
43.6271985,10.6167574
43.6272011,10.6168911
43.6270172,10.6167499
43.6271768,10.6173397
43.6272425,10.6171513
43.6268072,10.616865
43.626745,10.6170569
43.6272225,10.6165467
43.6269779,10.6174427
43.6267819,10.6172813
43.6204596,10.6288139
43.5264818,10.621568
43.5261104,10.6203876
43.5270742,10.6210953
43.5271864,10.6215867
43.5271936,10.6215807
43.5271995,10.621327
43.5274999,10.6215781
43.5270997,10.6215993
43.5270246,10.6214063
43.5270634,10.6213285
43.5272383,10.6214003
43.5223867,10.6187195
43.5235255,10.6207438
43.5247458,10.620876
43.7147269,10.7720569
43.7135267,10.773202
43.7183907,10.7801906
43.7180354,10.7805474
43.7185648,10.7805802
43.7183736,10.7811712
43.534125,10.5827083
43.534247,10.5832039
43.5341203,10.5832321
43.5344301,10.5830676
43.5237869,10.6110177
43.5239505,10.6114573
43.524197,10.6110533
43.5241143,10.6109728
43.5226808,10.6158228
43.5230893,10.6173321
43.5237578,10.61574
43.523877,10.6145669
43.5240116,10.6127683
43.5240114,10.6125978
43.4840512,10.6419287
43.4849333,10.6416872
43.484995,10.6416777
43.4846633,10.641107
43.4848613,10.6417089
43.5101046,10.61789
43.5105089,10.6175236
43.5097761,10.6178568
43.5100761,10.617585
43.5102304,10.6176731
43.5090547,10.6163035
43.5115905,10.6183196
43.5099386,10.6182087
43.509064,10.6160832
43.5286026,10.6001934
43.5216777,10.6103602
43.5192601,10.6083479
43.5210315,10.6070585
43.5213354,10.6073125
43.5211623,10.6068042
43.5267924,10.5983917
43.5234483,10.5996421
43.5233663,10.5994362
43.5232812,10.5996166
43.7006708,10.4378229
43.7004191,10.4375377
43.700514,10.4379292
43.7006083,10.4375031
43.7273843,10.5059821
43.4991292,10.7212077
43.7076847,10.4611267
43.7075564,10.4612129
43.7076694,10.461197
43.6635748,10.772042
43.5367797,10.6999379
43.5371899,10.6997503
43.5371423,10.6995383
43.485184,10.668217
43.5819121,10.6296671
43.5819343,10.6282074
43.5811784,10.6281792
43.7213643,10.5136648
43.5954237,10.6700415
43.5960754,10.6706656
43.5955555,10.6701366
43.5955358,10.6700053
43.5964223,10.668243
43.595629,10.6675599
43.596865,10.6673684
43.5958277,10.6648985
43.5524074,10.694766
43.5523755,10.694982
43.5523121,10.6948136
43.5536603,10.6949038
43.5523476,10.6945752
43.7113613,10.4284086
43.7115116,10.4286104
43.7114499,10.4283984
43.6989479,10.7416633
43.6989996,10.7423686
43.6889746,10.428889
43.7976736,10.4212954
43.470005,10.5606288
43.4701293,10.5613152
43.7110909,10.4205541
43.7110789,10.4205461
43.71101,10.4205809
43.7110903,10.4206968
43.7111062,10.4206785
43.7110088,10.4206675
43.6788921,10.5018239
43.6794025,10.5005067
43.6774121,10.5005068
43.6776529,10.4998892
43.6792014,10.5010258
43.6792948,10.5007847
43.6785317,10.5002225
43.678441,10.5004678
43.6597295,10.6515995
43.663448,10.6502478
43.5499691,10.5881285
43.5351542,10.5348219
43.5378387,10.5265412
43.5460223,10.5375654
43.5341956,10.5273995
43.5335234,10.5276145
43.5346589,10.5300146
43.5331094,10.5306329
43.5294444,10.5397754
43.5303516,10.5400993
43.673186,10.8607139
43.6828227,10.6172796
43.6830789,10.6171853
43.6830826,10.6173883
43.6831685,10.6176631
43.6830314,10.6172277
43.6831585,10.6169157
43.6842155,10.6171259
43.6852024,10.6172393
43.5503662,10.5080114
43.5503813,10.5067746
43.5515571,10.504467
43.5523728,10.5034298
43.5515117,10.5053437
43.5520964,10.5054125
43.5515404,10.5048106
43.5510285,10.5047645
43.551461,10.5063255
43.5507182,10.5061935
43.5447415,10.499531
43.6886114,10.4786504
43.6961996,10.4536198
43.5322725,10.5040062
43.7317866,10.478482
43.5583809,10.5107152
43.55761,10.5072922
43.7254755,10.4601055
43.7208404,10.4220644
43.7580273,10.4435929
43.5199953,10.4612809
43.5189905,10.4608889
43.5192578,10.4612684
43.5372435,10.5349303
43.7066433,10.4166565
43.6989539,10.4283343
43.7138163,10.4763065
43.7054287,10.5033893
43.7100018,10.4833504
43.7544844,10.7130106
43.751109,10.6960497
43.753068,10.6962403
43.6149469,10.6792232
43.5255418,10.6132796
43.6102609,10.626748
43.6679121,10.6403566
43.6677931,10.6403469
43.6522247,10.6162137
43.5088655,10.5588773
43.7045432,10.4374152
43.7085281,10.43562
43.6669127,10.6462693
43.7593954,10.4631939
43.687908,10.8205368
43.6880574,10.8205049
43.6877267,10.8204132
43.687729,10.8203956
43.6876115,10.8224556
43.485566,10.5620234
43.4858181,10.5619432
43.4859467,10.5620456
43.6592957,10.6304754
43.6635187,10.6498684
43.6636703,10.6460862
43.6020453,10.4723654
43.6473186,10.5456579
43.6462871,10.5411339
43.6630424,10.6875798
43.6629716,10.6874737
43.6631706,10.6876266
43.6589498,10.6751327
43.6630157,10.6877498
43.6538826,10.617992
43.6831579,10.6173334
43.7770393,10.4282656
43.6690618,10.434516
43.6678083,10.4381793
43.6683804,10.4366301
43.6683081,10.4365886
43.667911,10.4378489
43.6679787,10.437895
43.6677726,10.4385255
43.6677063,10.4384876
43.6687035,10.4353152
43.728274,10.5994146
43.6704209,10.57424
43.6569792,10.5059398
43.6420788,10.6136139
43.5687911,10.8249177
43.630187,10.6291461
43.6517964,10.5576452
43.6540878,10.5578033
43.6538804,10.5589128
43.652493,10.5585844
43.6646014,10.5735226
43.6645766,10.5758104
43.654865,10.6838322
43.6562322,10.6864028
43.6587456,10.6751556
43.6606737,10.6826731
43.6593609,10.6808714
43.7022237,10.4581655
43.701441,10.4582465
43.6426567,10.6420896
43.645551,10.642305
43.6984581,10.4589231
43.6094173,10.4652296
43.6077172,10.4692622
43.6069699,10.4659904
43.614608,10.46449
43.6142556,10.4635762
43.6880786,10.4295494
43.7111789,10.7570021
43.6502405,10.6179238
43.650213,10.6180676
43.6502933,10.6179081
43.6288074,10.5843279
43.6286149,10.5806057
43.686807,10.6235565
43.6891017,10.6213384
43.5477871,10.4908679
43.6287151,10.622304
43.6617539,10.6499169
43.6706193,10.5810454
43.670618,10.5811103
43.6853266,10.5513262
43.7009698,10.4621876
43.6810678,10.5649883
43.7244608,10.420751
43.5138548,10.561278
43.4631751,10.419603
43.7093862,10.4328662
43.7093043,10.4328043
43.7092422,10.4329995
43.7093158,10.4330436
43.7089416,10.6533718
43.4725067,10.5660452
43.4723546,10.5666994
43.6841712,10.4814657
43.6851356,10.4819076
43.6849069,10.4818065
43.6843277,10.483909
43.5150836,10.4404019
43.515837,10.4433866
43.7227834,10.5135542
43.7216518,10.5121328
43.6851208,10.5792833
43.6924861,10.582381
43.6958663,10.5825374
43.6933395,10.5084897
43.7263746,10.423314
43.7262314,10.4236425
43.5508455,10.5904808
43.6709572,10.5497002
43.6700731,10.5496662
43.6850507,10.4748358
43.684637,10.4745068
43.6868388,10.5786973
43.7134244,10.6232093
43.7134206,10.6250117
43.7146744,10.6249421
43.7133338,10.6244419
43.7129642,10.6251461
43.7147994,10.6267741
43.7136569,10.6272428
43.7134123,10.6256671
43.6833618,10.5759374
43.6839438,10.5740365
43.6865628,10.5766227
43.7781713,10.6718638
43.6861329,10.6593436
43.6853446,10.6610113
43.6799419,10.7266784
43.6825147,10.7428906
43.6824647,10.7408071
43.6826307,10.7409363
43.5017097,10.4644333
43.654924,10.6557255
43.6546376,10.6551294
43.6821922,10.6225735
43.6822407,10.6224206
43.6823338,10.6225601
43.6817208,10.621959
43.6818663,10.6220156
43.7180539,10.5099156
43.7135872,10.4282126
43.513331,10.44095
43.7706457,10.4294409
43.771219,10.4297132
43.7710531,10.4295883
43.7708269,10.4292044
43.720509,10.42203
43.7205632,10.4218318
43.7609607,10.4618922
43.7263521,10.755222
43.7303902,10.7631211
43.7257454,10.7547276
43.729506,10.768038
43.7256474,10.7556301
43.7280207,10.7652464
43.7309692,10.7712874
43.7319901,10.7637117
43.7310444,10.7625177
43.7306026,10.7624301
43.725465,10.755357
43.7119791,10.5011095
43.6777471,10.4289536
43.6773273,10.428772
43.6772179,10.4286234
43.6774234,10.4291885
43.6772657,10.4288437
43.7171126,10.7487628
43.717116,10.7484152
43.7171982,10.7487575
43.7172783,10.7486223
43.7181358,10.747922
43.7180312,10.7478333
43.7172549,10.7484823
43.716326,10.7465419
43.7174641,10.7493
43.7135586,10.7515133
43.7088714,10.7558443
43.707317,10.7570854
43.7064117,10.7577274
43.707701,10.7565738
43.70813,10.7562177
43.7086629,10.7560109
43.7136195,10.7517277
43.7174271,10.752065
43.7176054,10.7518207
43.7175568,10.7522328
43.7177132,10.7522169
43.7176801,10.7519144
43.7286186,10.5232024
43.5646731,10.5905851
43.5659565,10.5955712
43.5591066,10.5977445
43.5596763,10.5975628
43.558354,10.5984497
43.5629908,10.6124133
43.562866,10.6143952
43.5629272,10.6134987
43.562741,10.6138166
43.6645052,10.6537581
43.6406036,10.6281199
43.6408026,10.6267898
43.6636665,10.5369368
43.7071796,10.4395565
43.6794111,10.6368213
43.6034814,10.5399066
43.6035137,10.5396353
43.6036189,10.5396789
43.6033885,10.5400617
43.6037344,10.5401938
43.6385385,10.6007894
43.6740798,10.6153397
43.6849292,10.6096204
43.685861,10.6099917
43.6724061,10.6206614
43.7093563,10.4362168
43.6954405,10.443235
43.6956369,10.4438645
43.4823218,10.4433652
43.6717064,10.5804258
43.6687029,10.5823815
43.5559866,10.7775692
43.5555666,10.7766322
43.5558303,10.7770785
43.5553299,10.7779999
43.697313,10.4474068
43.7579304,10.4433976
43.7576977,10.4433664
43.7577662,10.4435001
43.7577188,10.4432538
43.7578348,10.4431875
43.758125,10.4431887
43.7613817,10.4408768
43.7615115,10.4410668
43.653996,10.6166654
43.6541773,10.6160958
43.6539097,10.6175211
43.654172,10.6178258
43.6540656,10.6165604
43.6543173,10.6165262
43.6464634,10.6165298
43.6464406,10.616574
43.6984539,10.8833141
43.6972789,10.8862197
43.6880273,10.8773148
43.6876771,10.8769964
43.6922542,10.8372651
43.6924375,10.8372477
43.6923852,10.8377171
43.6923867,10.8371432
43.6921812,10.837019
43.7116742,10.8766814
43.7137223,10.8761801
43.7140525,10.875948
43.5769996,10.6125076
43.5772469,10.6127713
43.5771983,10.6124847
43.5414451,10.7000768
43.5420402,10.6999127
43.7106439,10.7891838
43.7100559,10.7174189
43.7223649,10.7599621
43.5882907,10.4787103
43.588756,10.4789546
43.5887546,10.478869
43.5446935,10.4657284
43.7476832,10.4631318
43.7476427,10.4635006
43.7477567,10.462942
43.7478131,10.4629421
43.6667511,10.6137295
43.6663249,10.6138745
43.6665052,10.6138325
43.6666551,10.6126209
43.5418338,10.7001328
43.5416475,10.7001593
43.5418074,10.6999072
43.5416374,10.6999353
43.5418439,10.7001076
43.7261224,10.4516315
43.7187471,10.7357988
43.7184692,10.7355098
43.5533736,10.4774111
43.5535583,10.4773807
43.5534692,10.4776324
43.5532795,10.4771655
43.5536172,10.4771558
43.5533616,10.4769958
43.5535432,10.4773961
43.6652301,10.6250627
43.6763759,10.7351245
43.6825608,10.6172415
43.7124636,10.478206
43.5642909,10.4537589
43.6533553,10.5024751
43.6534989,10.5029136
43.6537373,10.5030798
43.6537848,10.5034063
43.6563557,10.5610888
43.6563524,10.5607316
43.6544964,10.5592722
43.6542605,10.5587985
43.6539223,10.5586914
43.6533921,10.5582811
43.6537648,10.5582862
43.6557699,10.5532082
43.6550129,10.5535508
43.6554052,10.5536199
43.6556059,10.5538637
43.6554626,10.5534167
43.6555161,10.5531527
43.7208843,10.5370221
43.7164395,10.5063952
43.5910834,10.673759
43.5909571,10.6738192
43.5910258,10.6738823
43.7777901,10.6590557
43.7579343,10.4433724
43.6820969,10.4937729
43.6866815,10.51772
43.6128993,10.6292654
43.6130199,10.629304
43.6130264,10.6294625
43.6128841,10.6295015
43.6877471,10.5843267
43.6887513,10.7921033
43.6886227,10.7924031
43.6888406,10.7921348
43.6887047,10.7923054
43.6885564,10.7921556
43.6886092,10.7923009
43.690723,10.7907057
43.6887633,10.7921995
43.6898338,10.7917697
43.6886893,10.7923134
43.6885634,10.7922295
43.6818534,10.7948431
43.6819957,10.7946829
43.6852107,10.7924886
43.6816339,10.7924205
43.6856796,10.7935253
43.6845153,10.7896243
43.6818119,10.7947115
43.681805,10.7947681
43.6816939,10.794699
43.6856496,10.7898632
43.6834693,10.7920318
43.6820017,10.794769
43.6853376,10.7912102
43.6685848,10.433936
43.6688096,10.4340347
43.6685718,10.4341633
43.668697,10.433882
43.6753683,10.4278159
43.6754582,10.4305967
43.6747576,10.4310617
43.5954463,10.4739474
43.5949642,10.4738276
43.5939098,10.475213
43.5937656,10.4751648
43.5938272,10.4753499
43.5938788,10.4751401
43.5873332,10.4760722
43.5865615,10.4756455
43.5882599,10.477403
43.589071,10.476716
43.6065937,10.5414414
43.6655483,10.6181301
43.7248703,10.7029821
43.6748127,10.4366604
43.7082427,10.6550856
43.4886764,10.4653882
43.4822132,10.4751578
43.4833017,10.4840566
43.4695646,10.4850234
43.4647197,10.4873953
43.6777879,10.6152307
43.6936703,10.6214154
43.6937234,10.6214445
43.7041797,10.827602
43.7037938,10.8276889
43.6719049,10.6648647
43.6710815,10.6644501
43.6835299,10.431217
43.6891021,10.4651301
43.4552307,10.5668379
43.7170305,10.6831818
43.7123557,10.6628166
43.69897,10.6560761
43.6942835,10.7029065
43.6930454,10.709668
43.6936141,10.7082684
43.6930739,10.7128679
43.7171005,10.5121809
43.7172217,10.5123541
43.7168266,10.5124803
43.717021,10.5127406
43.7322816,10.4796104
43.6911001,10.832789
43.6910022,10.832653
43.6910751,10.8328923
43.690931,10.832913
43.6910294,10.8326606
43.5987186,10.562644
43.6853544,10.7932601
43.5669821,10.5920895
43.5648051,10.5955684
43.5650012,10.5950499
43.5655421,10.5932085
43.564767,10.5904012
43.5653909,10.5916128
43.5655725,10.5913232
43.5663923,10.5918675
43.4964435,10.6013526
43.4738527,10.5690488
43.5150358,10.5361177
43.8024604,10.6910088
43.80227,10.6911873
43.6894696,10.8382703
43.692781,10.8527425
43.6938816,10.8526672
43.6936309,10.8512912
43.6936059,10.8519647
43.7068262,10.6735303
43.7063204,10.6736193
43.7066057,10.6731606
43.6806202,10.622652
43.6073751,10.5392068
43.6985776,10.6747147
43.7003364,10.6737673
43.6997119,10.6744168
43.6998038,10.6736848
43.6085276,10.6008758
43.6964143,10.6932998
43.6962283,10.6941418
43.6958479,10.6930365
43.6984958,10.7498328
43.7258941,10.7696842
43.7268099,10.7689004
43.698715,10.7898585
43.6988819,10.7913015
43.7002509,10.7907593
43.5830136,10.5733711
43.5855991,10.5724669
43.5655966,10.6857041
43.7018601,10.6785845
43.7022944,10.6793007
43.7019737,10.6796915
43.7138385,10.662574
43.7137925,10.6634474
43.4625841,10.4100236
43.4623707,10.410997
43.6213601,10.5291881
43.7175376,10.7747753
43.7180071,10.7758317
43.7177977,10.7745405
43.7182322,10.7755128
43.6963793,10.7412425
43.6960024,10.8409357
43.6961184,10.8412206
43.712215,10.7705813
43.5867334,10.5488293
43.5876275,10.584779
43.5942589,10.6735471
43.7122028,10.7647713
43.6944382,10.828999
43.6940309,10.8288944
43.6999856,10.6554118
43.7002942,10.6559139
43.7100024,10.8665112
43.7288177,10.6058573
43.5859954,10.4736558
43.5859454,10.471362
43.5794082,10.5508105
43.5788247,10.5500569
43.7124434,10.4788317
43.7012849,10.8600419
43.7000987,10.8631025
43.6190687,10.6399403
43.5773087,10.6128581
43.5792108,10.6143582
43.6907328,10.8233175
43.7102961,10.6571618
43.7018379,10.6230485
43.6555124,10.6500133
43.702657,10.4600981
43.7021768,10.45969
43.6794123,10.6954031
43.6786266,10.6976291
43.7437624,10.5308764
43.7062511,10.4186363
43.6199208,10.6405312
43.7011324,10.4490625
43.7011606,10.4492258
43.7009068,10.4497833
43.7010986,10.4499245
43.650075,10.61793
43.6504195,10.6177717
43.6519184,10.6163038
43.6663327,10.5307189
43.713029,10.5056617
43.5690754,10.5519974
43.711667,10.5011246
43.5187008,10.4610626
43.5188321,10.4608386
43.7754541,10.4307422
43.5213906,10.5136346
43.5337965,10.5238493
43.5915797,10.5451471
43.6197085,10.4479066
43.5945926,10.4574072
43.5943342,10.4578847
43.5293321,10.5389571
43.5291979,10.5390765
43.6014155,10.474422
43.7010311,10.438478
43.7275066,10.5902235
43.7279741,10.5868378
43.7276597,10.5863706
43.667386,10.7045293
43.7790263,10.6909541
43.7268669,10.5861124
43.6794261,10.8523189
43.7212771,10.4227436
43.7274393,10.5096301
43.6204055,10.6318606
43.6114253,10.6161511
43.5875364,10.670336
43.6007914,10.7073009
43.6037542,10.7047138
43.5788505,10.7572869
43.5789467,10.757065
43.5962829,10.7624334
43.6700449,10.5933796
43.6823171,10.5891009
43.5134208,10.4883789
43.7158593,10.7884091
43.7303868,10.6208016
43.7303892,10.6212473
43.7286967,10.6201948
43.6665857,10.6132958
43.617564,10.633361
43.6908904,10.8328062
43.6909511,10.8329298
43.6908953,10.8327534
43.5266833,10.7422959
43.5262204,10.7424931
43.5457819,10.7196245
43.5481961,10.7182996
43.5486676,10.7186207
43.5495551,10.7109229
43.5492174,10.716843
43.5492735,10.7167565
43.5492086,10.7167281
43.5078092,10.7579787
43.5078115,10.7576178
43.506726,10.7564886
43.5067652,10.7533711
43.5873787,10.6737132
43.5871592,10.6750982
43.5873771,10.6747864
43.6094299,10.5105126
43.6091278,10.5098502
43.6092234,10.5100598
43.6083085,10.5112137
43.6086592,10.511995
43.6068408,10.513077
43.6072052,10.5124965
43.6086391,10.5156911
43.6078107,10.516449
43.7262234,10.5860608
43.7263769,10.5861305
43.7266888,10.5863103
43.6430264,10.6474893
43.6953076,10.7492425
43.6973416,10.7399088
43.6945632,10.7515363
43.4726065,10.5641018
43.4726185,10.5641594
43.6908123,10.8329264
43.6567049,10.5072498
43.7257271,10.4620713
43.7258987,10.4626091
43.4814275,10.547043
43.4812774,10.5471398
43.6051025,10.5864511
43.6041059,10.5867571
43.6857199,10.5458761
43.6858518,10.5463585
43.6854776,10.5465957
43.6855167,10.5461287
43.6855912,10.5463848
43.6856398,10.5463624
43.6854837,10.5462846
43.685685,10.5462052
43.7258721,10.4621384
43.6676259,10.6423298
43.7237821,10.4668797
43.5877258,10.6763417
43.5879753,10.6764782
43.7776385,10.4161669
43.7775207,10.4160647
43.6345681,10.6959438
43.7254217,10.4630066
43.7021045,10.4371757
43.463968,10.7191647
43.4669011,10.7225342
43.4659781,10.7231809
43.4657397,10.7231905
43.4660202,10.7227413
43.465277,10.7237364
43.7121899,10.4191505
43.6600954,10.4655084
43.7232425,10.5130154
43.7226029,10.5134869
43.6809513,10.4137591
43.6946805,10.8529718
43.6943357,10.8511472
43.6126896,10.6185878
43.6123527,10.6181915
43.7217883,10.5006513
43.7219049,10.5009858
43.7217858,10.4988949
43.6726415,10.615408
43.6996068,10.5151403
43.4815815,10.8300412
43.6827179,10.8549998
43.6827711,10.8549993
43.7055804,10.8713328
43.7055509,10.8713147
43.7057038,10.8714082
43.7056391,10.8712801
43.7056313,10.8712117
43.7069554,10.872144
43.7069211,10.8721237
43.706795,10.8720493
43.7069129,10.8720312
43.7069343,10.8719963
43.7070487,10.8720097
43.6906293,10.8881284
43.6781098,10.6134101
43.6786788,10.6122386
43.6788309,10.6119354
43.6873286,10.7388563
43.6850864,10.7349059
43.7234367,10.7506194
43.5649154,10.5905388
43.6711572,10.6143919
43.6083927,10.5256745
43.60827,10.5267614
43.5673255,10.5866392
43.6641148,10.6902348
43.7716053,10.7212559
43.7718641,10.7213077
43.6692713,10.6425517
43.6676655,10.6214057
43.6669646,10.6464496
43.6647562,10.6617879
43.6659834,10.6179146
43.6635804,10.6502517
43.7366022,10.4888844
43.7581539,10.4431084
43.7575173,10.442649
43.7573583,10.4423323
43.7560502,10.4408773
43.7255846,10.4231268
43.6724812,10.6398596
43.6635846,10.6458585
43.6635684,10.6460719
43.6636594,10.6460929
43.6544868,10.6358137
43.6511259,10.5901796
43.6555361,10.6231698
43.6640156,10.6240468
43.6640681,10.6245946
43.6641277,10.6242065
43.6639505,10.6246601
43.6640375,10.6242806
43.652776,10.6437451
43.6527883,10.6437984
43.5718394,10.7855778
43.6467365,10.6006906
43.6467418,10.594116
43.6469594,10.5944705
43.6467243,10.5945065
43.7007458,10.7447162
43.7002357,10.7455382
43.6989975,10.7462731
43.7017546,10.7373373
43.7015639,10.7377772
43.6996517,10.7439938
43.7000923,10.745159
43.6997991,10.7443836
43.6805762,10.8611259
43.5075157,10.8156841
43.6533147,10.6505726
43.6876783,10.4384803
43.6757731,10.5556885
43.7374919,10.4861994
43.5854334,10.6741141
43.689747,10.5126811
43.6889059,10.4908164
43.6813362,10.5235839
43.6819769,10.5183938
43.6804108,10.5259169
43.6085765,10.6240521
43.6034067,10.6256604
43.6984751,10.4301075
43.6648134,10.6167685
43.6855664,10.5460974
43.7179496,10.4282744
43.7127984,10.5054905
43.5878333,10.6765611
43.5876887,10.6761058
43.5876388,10.6767065
43.5878549,10.676012
43.5878416,10.6765631
43.6826117,10.6195789
43.6827102,10.6172717
43.6752285,10.4309686
43.6893701,10.4553999
43.6543224,10.6449784
43.6541187,10.6446145
43.6540959,10.6449883
43.6540535,10.644911
43.6541343,10.644603
43.6543398,10.6446748
43.6538939,10.6231922
43.6544936,10.6243117
43.6126229,10.623696
43.6115757,10.6250868
43.6665832,10.5855218
43.66718,10.585727
43.6289765,10.5299778
43.710944,10.7866271
43.7197063,10.7859153
43.7162745,10.7814613
43.7190252,10.7655062
43.7190462,10.7655639
43.7191367,10.7654138
43.7190571,10.7652275
43.723023,10.7613129
43.722791,10.7614364
43.7217578,10.7620077
43.7234048,10.7636818
43.6831138,10.8073038
43.6594902,10.6743156
43.7186683,10.7355842
43.718552,10.7361471
43.7183464,10.7360536
43.7183216,10.7356433
43.7186855,10.7360479
43.7182817,10.7358674
43.6901444,10.4862246
43.6903045,10.4854983
43.6904954,10.4846955
43.6903476,10.4853197
43.6902638,10.4852876
43.6006367,10.6945623
43.6002982,10.6944934
43.6002079,10.6947855
43.6006098,10.6949848
43.5416538,10.7001673
43.6189957,10.6746609
43.6648007,10.6592695
43.7136031,10.4759796
43.6838984,10.6162223
43.6703341,10.6136355
43.6891036,10.6215429
43.6889823,10.6214715
43.6889521,10.6215053
43.6890958,10.6215187
43.689195,10.6216982
43.6888111,10.6216927
43.688978,10.6216847
43.6890224,10.6217002
43.6931015,10.6212114
43.6814342,10.6187819
43.6703483,10.644607
43.6704883,10.6446732
43.6706466,10.6438682
43.6705757,10.6434569
43.6775489,10.5282826
43.7195552,10.5113565
43.7179166,10.5102856
43.7213855,10.5134239
43.7232196,10.5138457
43.7130605,10.5054461
43.7617302,10.4365378
43.7478848,10.4630811
43.761796,10.436846
43.6867161,10.614785
43.6732171,10.5770344
43.6730156,10.576706
43.6731922,10.5769955
43.6733747,10.577284
43.6648476,10.5324994
43.7080909,10.6143518
43.6834622,10.6246155
43.7230845,10.5134932
43.7229881,10.5136315
43.7230783,10.5137569
43.7230513,10.5138583
43.7230657,10.5136986
43.7229429,10.5136429
43.6197359,10.6267593
43.6195975,10.6267638
43.6197796,10.6268563
43.6914421,10.4730781
43.7000058,10.5152358
43.6973417,10.4937521
43.5497485,10.5874465
43.5521612,10.5895687
43.528163,10.6187173
43.5275533,10.6191369
43.5235461,10.6185809
43.5234767,10.6187931
43.5257148,10.6171975
43.6636339,10.5420203
43.6224648,10.5833127
43.6223437,10.582901
43.6226979,10.5827959
43.7130784,10.8499217
43.7133436,10.8499483
43.7128283,10.8502194
43.7130235,10.8506294
43.6581507,10.5057412
43.5800201,10.6825947
43.7024218,10.8222571
43.7087242,10.7802424
43.6908701,10.7160419
43.6920589,10.7170343
43.6329871,10.6977724
43.5105408,10.4969323
43.4966948,10.5180406
43.4723479,10.5323764
43.7644784,10.4407034
43.5477951,10.4140644
43.7615609,10.4601015
43.7613516,10.4567179
43.5365026,10.598503
43.5379339,10.5804968
43.5367873,10.5790519
43.5371389,10.5789473
43.670313,10.6449358
43.6704452,10.6439988
43.670583,10.6433979
43.6688341,10.6425087
43.6697869,10.6434226
43.6689161,10.6430473
43.6698015,10.6431269
43.7014059,10.7097906
43.7005034,10.7115415
43.7008516,10.7110458
43.7119528,10.6265521
43.7110884,10.6264485
43.5027687,10.4482178
43.6656575,10.6204658
43.5100462,10.6180685
43.4530117,10.5623327
43.4529519,10.5622178
43.4542898,10.5638452
43.7077395,10.6189206
43.7161169,10.6177927
43.6665647,10.6135255
43.6665686,10.6135447
43.6662215,10.6160987
43.730772,10.6146279
43.7271835,10.6051616
43.7288143,10.6049299
43.7292454,10.6048497
43.6832003,10.6191914
43.6839409,10.617365
43.7274867,10.5911272
43.727758,10.5831408
43.729125,10.5811082
43.7269746,10.6015575
43.6093521,10.6902105
43.6095574,10.6901938
43.609538,10.6899049
43.6093305,10.6901768
43.6093245,10.6899601
43.6093341,10.6905502
43.6094956,10.690251
43.6097756,10.6898643
43.6095865,10.6901228
43.6068844,10.7088093
43.7301678,10.608854
43.6857369,10.663042
43.6855461,10.6623131
43.6992657,10.6864619
43.7022786,10.6870069
43.702302,10.6870982
43.7038952,10.6865565
43.7031963,10.6871295
43.7033624,10.6869077
43.7031808,10.6870236
43.6830304,10.6173437
43.5598281,10.5803468
43.5594705,10.5783405
43.5591274,10.5798063
43.6733261,10.614024
43.5979759,10.591816
43.599648,10.5928558
43.5977314,10.5919169
43.5980671,10.5920676
43.600197,10.593134
43.5980516,10.591829
43.6001102,10.5928303
43.5979107,10.5919943
43.5999154,10.5929987
43.599989,10.5927484
43.6708199,10.5798819
43.5806767,10.5843227
43.5897458,10.5803556
43.5621248,10.6112872
43.5604468,10.6082296
43.6916471,10.5460692
43.5488946,10.603033
43.7246497,10.4160267
43.5342649,10.5828765
43.5344499,10.5830966
43.5345668,10.583295
43.5341974,10.5831705
43.5192159,10.6245968
43.5741511,10.627978
43.5736981,10.6278802
43.5194799,10.6247645
43.573864,10.6282543
43.5738541,10.628172
43.5192272,10.6250468
43.5192767,10.6246435
43.5857372,10.6753174
43.6106846,10.6442641
43.5955241,10.6648734
43.5929711,10.6688254
43.5930608,10.6685526
43.5931648,10.6689041
43.5899223,10.6725295
43.7093688,10.4330116
43.7083451,10.4356529
43.7107687,10.4289222
43.7107973,10.428573
43.7108368,10.4284138
43.7108038,10.42859
43.7093948,10.4329013
43.7006859,10.7117089
43.7005029,10.7115121
43.7003598,10.7111874
43.7007998,10.711505
43.7576505,10.4429329
43.7291349,10.5060943
43.6639359,10.7021567
43.6740396,10.5457833
43.6236803,10.6147999
43.6236152,10.6150326
43.6950007,10.7470883
43.6514703,10.5899565
43.6512944,10.5899481
43.6513752,10.5897446
43.6512974,10.5895632
43.651275,10.5897818
43.6539092,10.5995402
43.7227753,10.4267401
43.7226279,10.4267065
43.7226557,10.4267358
43.7227619,10.4264154
43.5060469,10.7560068
43.4966388,10.7258557
43.4942167,10.5106459
43.662538,10.6385252
43.571586,10.7939408
43.6625392,10.6358358
43.6625317,10.6361613
43.6066328,10.5392922
43.6840254,10.8725783
43.7228875,10.5137387
43.7338792,10.5997921
43.6849454,10.5329577
43.6568287,10.6477603
43.6873021,10.8808174
43.7243812,10.4944779
43.6824799,10.4358532
43.6824278,10.4360203
43.6825698,10.4359031
43.6825467,10.4360586
43.6825029,10.4360786
43.6824658,10.43586
43.7228216,10.5002135
43.7129454,10.4228075
43.7159405,10.4230541
43.7158791,10.4234909
43.6983188,10.745425
43.6969087,10.7480876
43.6977893,10.7474504
43.6965614,10.7489473
43.7070483,10.439503
43.7106882,10.4284351
43.6948189,10.748665
43.6946858,10.7499047
43.6953254,10.7438425
43.6967991,10.7435628
43.7001166,10.741447
43.7008589,10.7413651
43.7004956,10.7367563
43.7011785,10.7379261
43.7028585,10.7400401
43.7011402,10.7457121
43.700379,10.7482621
43.6765061,10.5114089
43.5942878,10.5833565
43.5940178,10.5796417
43.5888257,10.6264953
43.70471,10.425893
43.6635769,10.6458639
43.6635432,10.6460267
43.7189213,10.4192172
43.6951096,10.4419049
43.6774353,10.7384551
43.6642277,10.7039812
43.6007752,10.7744367
43.5992707,10.7241339
43.57878,10.4480069
43.5890939,10.4762619
43.7111814,10.4283805
43.7328798,10.4789368
43.7325239,10.4792965
43.7323478,10.4792555
43.732298,10.4791345
43.732556,10.4796699
43.7552765,10.7003911
43.7552492,10.7011013
43.7550716,10.7014412
43.755127,10.7011579
43.7547377,10.6972452
43.7547435,10.6973097
43.7570225,10.7008532
43.755053,10.7120784
43.754487,10.7128533
43.593535,10.476098
43.5940636,10.4763447
43.7572274,10.4652285
43.7548647,10.4657796
43.7591742,10.463906
43.7602323,10.4634682
43.7227381,10.497026
43.7323844,10.4794679
43.5451288,10.7179695
43.5553817,10.7107098
43.7287255,10.6249853
43.7286404,10.6248736
43.7284037,10.6247119
43.7288495,10.6245165
43.7289732,10.6246816
43.7275622,10.6247941
43.6131664,10.464274
43.4621973,10.4127981
43.4632947,10.4213577
43.4639503,10.4201272
43.4675383,10.4191571
43.4675369,10.4171204
43.4673745,10.4186882
43.4666869,10.4174609
43.4940407,10.4243542
43.4938297,10.4247084
43.4951178,10.4312423
43.4956417,10.4320966
43.4618845,10.4095146
43.6037706,10.5896446
43.6712499,10.61273
43.6645976,10.6256748
43.6645575,10.6259799
43.5713683,10.793648
43.6626293,10.6333388
43.4950959,10.6368765
43.4950983,10.6370307
43.4956451,10.6373607
43.4959138,10.6371183
43.7134168,10.7548595
43.4871312,10.6423294
43.4863087,10.6435069
43.4864822,10.6434544
43.4867173,10.643367
43.4865527,10.642566
43.7021986,10.6256756
43.5881225,10.4757128
43.6723366,10.6398815
43.4989855,10.721815
43.4991201,10.7216085
43.6752809,10.5512485
43.6111656,10.6162536
43.5933955,10.46965
43.4883123,10.6465539
43.5529797,10.6444277
43.5865451,10.6799049
43.5868553,10.6797551
43.5821658,10.6800325
43.5833761,10.6803747
43.5493823,10.7228255
43.672292,10.7545471
43.7101753,10.7542661
43.7104025,10.7541801
43.7103009,10.7546332
43.7095861,10.6575357
43.7101282,10.6574643
43.7259972,10.4633862
43.5876614,10.5833462
43.6678791,10.6459343
43.6648875,10.636904
43.6648907,10.6364592
43.6662626,10.6385181
43.6933472,10.4139891
43.7562437,10.437894
43.6577369,10.6355014
43.7179298,10.5102852
43.6659174,10.6183138
43.6659172,10.6182873
43.6823777,10.6175909
43.6109989,10.7059709
43.6975754,10.7487348
43.697543,10.748922
43.701435,10.7467203
43.7013451,10.7465079
43.580267,10.7266613
43.6248374,10.6252752
43.6952813,10.4402595
43.5226327,10.6139987
43.6886834,10.7920333
43.5279608,10.6172375
43.7090103,10.6915973
43.7089636,10.6916807
43.7086794,10.6915636
43.7090833,10.6913633
43.5298904,10.6164778
43.5242651,10.6108413
43.5227392,10.615378
43.522842,10.6158667
43.5224582,10.6173803
43.5438349,10.4998275
43.6624763,10.5424327
43.6657527,10.6194076
43.6322372,10.6048493
43.5457597,10.4989931
43.5456319,10.4994822
43.5451425,10.4993181
43.5431264,10.4917264
43.5446002,10.4993681
43.545195,10.4994502
43.545207,10.4993432
43.5445268,10.499332
43.5457557,10.4990085
43.7226159,10.4264761
43.7246833,10.4493292
43.7252331,10.4498891
43.7254013,10.4497213
43.725469,10.4498969
43.695984,10.5862225
43.6883172,10.525634
43.69039,10.5837712
43.4940924,10.5105277
43.494145,10.510466
43.4941886,10.5106365
43.4939756,10.5106425
43.5445766,10.4992451
43.6212664,10.6168546
43.6185474,10.5990036
43.6031918,10.5689499
43.5618017,10.4824562
43.5643589,10.4797475
43.6037562,10.701646
43.6038959,10.7045306
43.5629658,10.6123752
43.5628522,10.6124788
43.5630869,10.6123403
43.6721716,10.441088
43.6155314,10.467886
43.6145191,10.4681549
43.7080922,10.6149445
43.7080159,10.6152408
43.708224,10.6150705
43.6636641,10.6458551
43.7127861,10.6245854
43.6036051,10.5691924
43.6034115,10.5688055
43.6032607,10.5689956
43.6034448,10.5693026
43.4824714,10.4429642
43.4823747,10.4430591
43.482235,10.4443791
43.4728157,10.5676831
43.4725784,10.5672303
43.6395503,10.6489736
43.7088905,10.4229709
43.708631,10.4235136
43.7097277,10.7751024
43.6872821,10.8355596
43.6517043,10.7411124
43.6518567,10.741742
43.6918198,10.7694761
43.6907035,10.7695153
43.5993595,10.5862938
43.5995238,10.587995
43.6878396,10.4946552
43.6843201,10.5155296
43.684584,10.5152481
43.7247172,10.7538611
43.7249122,10.7537964
43.7245753,10.7543496
43.7244353,10.7540824
43.724442,10.7540239
43.7245922,10.7538338
43.7248118,10.7540275
43.724811,10.7541651
43.7246604,10.7543551
43.7250289,10.7536658
43.7250848,10.7547981
43.6062402,10.5712222
43.6058465,10.5719234
43.587891,10.6761921
43.5878472,10.6761881
43.5877343,10.6763027
43.5880855,10.6760859
43.5879969,10.6763849
43.5879429,10.6696518
43.7228103,10.7667752
43.7222624,10.7654538
43.7208858,10.761234
43.7210986,10.7619833
43.6390811,10.4715212
43.6502584,10.6181183
43.6503593,10.6179988
43.6842426,10.6152733
43.6436868,10.6131497
43.4987132,10.5481318
43.51276,10.442277
43.7621243,10.4608704
43.6878957,10.584434
43.5521645,10.7242056
43.621904,10.6313079
43.6220071,10.6310339
43.6908394,10.8672682
43.7620556,10.4565376
43.718518,10.529526
43.7187141,10.5287456
43.7123012,10.4296957
43.5954555,10.4748589
43.5955912,10.4748428
43.5956144,10.4752144
43.6801782,10.85153
43.6884479,10.8323892
43.691368,10.8518232
43.6928362,10.8518399
43.7367538,10.5489944
43.6711922,10.5948617
43.6711288,10.5952868
43.6666887,10.589574
43.6666357,10.5898695
43.6663288,10.5892364
43.5028084,10.6366457
43.5029589,10.6366459
43.5028586,10.6368603
43.4977602,10.6636829
43.4976865,10.6637879
43.5689518,10.6620609
43.568551,10.6616305
43.7484916,10.5546621
43.6694623,10.6596322
43.6704026,10.6584272
43.7080232,10.6177651
43.7784658,10.6673016
43.7476796,10.4630535
43.7288622,10.6253556
43.7289178,10.6249442
43.727462,10.6227204
43.6460024,10.617561
43.646476,10.6174823
43.6856763,10.5461734
43.6704912,10.6438582
43.4890179,10.6477732
43.6219182,10.6368134
43.7578803,10.4432114
43.7578262,10.4435148
43.706556,10.6411061
43.605784,10.5393672
43.6060634,10.5121373
43.6065191,10.5122582
43.6064265,10.5119429
43.612267,10.5118675
43.7226725,10.7737298
43.7225489,10.7741325
43.7229728,10.7737973
43.721662,10.7714261
43.7214053,10.7712774
43.7206337,10.7719731
43.7204446,10.7718327
43.7206447,10.7719632
43.7204315,10.7721565
43.6616639,10.6931157
43.6673846,10.7062187
43.6669925,10.7057571
43.6646272,10.7093207
43.7299341,10.7616155
43.730461,10.7623835
43.7324065,10.765573
43.731017,10.7631618
43.7310186,10.7630178
43.7317846,10.764335
43.7318193,10.7642441
43.7319236,10.7639637
43.7317685,10.7641421
43.731735,10.764236
43.731522,10.7637147
43.7320386,10.7647003
43.7315573,10.7647389
43.7320104,10.7647851
43.6887462,10.7500143
43.6259332,10.6248124
43.714557,10.7761176
43.715804,10.7778533
43.7152469,10.7786317
43.715799,10.7780784
43.7157363,10.7779237
43.7138794,10.7593151
43.6981127,10.7154733
43.6995887,10.7153418
43.6535753,10.5991435
43.653774,10.5996987
43.5450114,10.7205385
43.5449373,10.7204719
43.5448947,10.7205261
43.6575671,10.6286471
43.6575156,10.6287277
43.6858211,10.7957466
43.6848951,10.7992256
43.6847919,10.7992641
43.6875597,10.7926426
43.5449863,10.7203963
43.544993,10.7204917
43.5449584,10.7206356
43.5449288,10.7206297
43.5824772,10.6770128
43.6812229,10.6209231
43.5729139,10.5936089
43.6877866,10.5863247
43.6878457,10.586571
43.7242558,10.7580821
43.695657,10.8476946
43.6950829,10.8460731
43.6950947,10.8469327
43.6937471,10.8453411
43.691308,10.8487089
43.6916871,10.8485366
43.691516,10.8680339
43.6918,10.8681513
43.6916837,10.8680314
43.6948602,10.7893068
43.7012369,10.4644378
43.7273745,10.5841886
43.687867,10.748005
43.6876579,10.7474767
43.6862542,10.7981706
43.6850675,10.7986212
43.6854116,10.7984905
43.68546,10.7987433
43.6855657,10.7993462
43.6210823,10.6301534
43.6211584,10.6299644
43.6846998,10.7413517
43.6950781,10.7453552
43.6952798,10.7456352
43.6951791,10.7462186
43.6950159,10.7461925
43.695086,10.7454805
43.6950106,10.7459043
43.6951885,10.7457516
43.6950809,10.7459523
43.6949531,10.7482631
43.6857433,10.7613291
43.6867899,10.7611825
43.6887597,10.7629461
43.5440883,10.7228778
43.6986521,10.4300295
43.6827133,10.4361092
43.6823148,10.4358438
43.7212132,10.5132116
43.7214195,10.5133083
43.7127109,10.7845471
43.7308246,10.7627473
43.7307626,10.7628044
43.6378638,10.5970576
43.637959,10.5972119
43.6382046,10.5968002
43.6376679,10.5975499
43.6442024,10.6172527
43.7102271,10.7545955
43.7105178,10.7548466
43.7104949,10.7543577
43.7104672,10.7545289
43.7107882,10.7557261
43.7110846,10.7559018
43.7109403,10.7560719
43.7107561,10.7553976
43.6860665,10.6098758
43.6655883,10.6446432
43.6655177,10.644771
43.6656053,10.6449227
43.7253207,10.4497118
43.7254363,10.4499865
43.7253044,10.4500222
43.6926037,10.6961194
43.6923901,10.6963173
43.6923382,10.6961634
43.7276065,10.6257206
43.7286606,10.6246049
43.5799817,10.6803218
43.5799687,10.6805602
43.579837,10.6800996
43.5798758,10.6807207
43.5798703,10.6804991
43.5798658,10.6803904
43.6915122,10.8433218
43.6892768,10.8402275
43.6890259,10.7442719
43.5734821,10.5256608
43.5663572,10.5222735
43.6451441,10.6041264
43.6453018,10.6036892
43.6777287,10.5889756
43.5880995,10.6754447
43.5945567,10.5834271
43.5949311,10.5837139
43.544566,10.4366853
43.5461505,10.4352265
43.7313281,10.5733745
43.620929,10.5280548
43.6212281,10.528046
43.6212725,10.5280041
43.6214383,10.5280543
43.6214584,10.5280942
43.6214543,10.5282903
43.6211903,10.5282372
43.621308,10.5283847
43.5608604,10.4317439
43.6979659,10.8289751
43.6925103,10.8313295
43.6925493,10.8316822
43.6925052,10.8317908
43.6922312,10.8319198
43.7288777,10.6131005
43.7296748,10.6158126
43.7294251,10.6126803
43.7292863,10.6094601
43.6047575,10.5090882
43.6079427,10.5113272
43.6080777,10.5113622
43.6078822,10.51156
43.6469368,10.600765
43.7111534,10.7836795
43.7116118,10.7831913
43.526432,10.7391601
43.5264462,10.7392174
43.6741825,10.7307129
43.676457,10.7386494
43.6765206,10.7385036
43.6765915,10.738414
43.6623115,10.7386085
43.6623333,10.7384694
43.6965387,10.7399934
43.7002142,10.7475821
43.70033,10.7475526
43.7002478,10.7476188
43.7003093,10.7476021
43.7002974,10.7474583
43.7002782,10.7474495
43.7002389,10.7474581
43.7002227,10.7474747
43.700454,10.7473951
43.7101953,10.7840746
43.7100901,10.7841543
43.7100165,10.7840204
43.7099484,10.7842558
43.7392632,10.7485677
43.6874591,10.6585099
43.6873337,10.6580828
43.5904924,10.67099
43.590003,10.6698216
43.718492,10.7189568
43.7207438,10.7179147
43.724124,10.7649439
43.7263406,10.7629304
43.7262816,10.7628127
43.7261263,10.7554785
43.7256805,10.7556837
43.7157857,10.7499655
43.7034998,10.7471647
43.7820041,10.6961433
43.7811732,10.6949682
43.7930893,10.6897717
43.7927805,10.690127
43.7902142,10.6861455
43.7908893,10.6872125
43.6395366,10.6507803
43.6393821,10.6509338
43.6395092,10.6510871
43.6396008,10.650997
43.6392543,10.6512264
43.6398703,10.6507277
43.6393657,10.6505524
43.6227703,10.5829862
43.6550357,10.7985473
43.6915471,10.7713779
43.6906337,10.7713759
43.7211814,10.4132162
43.6991057,10.742453
43.6991751,10.7417124
43.5006262,10.6385553
43.6747501,10.7277402
43.6755976,10.7315972
43.6762,10.7308622
43.727982,10.4576734
43.7275113,10.4590983
43.6874901,10.4774801
43.6751745,10.6909311
43.600318,10.7542417
43.6005797,10.7541581
43.6829786,10.58099
43.7721592,10.7210468
43.7713913,10.720439
43.6241307,10.676093
43.6235294,10.6747982
43.624831,10.6721543
43.6268805,10.672234
43.625944,10.6695762
43.6243742,10.6783725
43.6225809,10.666014
43.6223986,10.6721515
43.6512195,10.7459831
43.6512042,10.7461804
43.6886761,10.473963
43.6895164,10.4742539
43.5526759,10.6434199
43.490721,10.5456305
43.695067,10.4900895
43.7076799,10.5046819
43.7076157,10.5053176
43.6393881,10.6508783
43.6383262,10.6522747
43.6424051,10.629179
43.6421283,10.6299497
43.6421307,10.6302832
43.6860192,10.7334649
43.6859302,10.7336687
43.7203344,10.5388128
43.72027,10.5388456
43.6575011,10.6286044
43.6613784,10.6380383
43.7216921,10.4181641
43.6607036,10.6498571
43.6748617,10.6422905
43.6032507,10.7562352
43.604635,10.762933
43.6044007,10.7631753
43.4569558,10.8299515
43.7250315,10.429442
43.6572578,10.61317
43.7020149,10.8232456
43.4823941,10.4416872
43.4824562,10.4418663
43.6303658,10.6114452
43.6301007,10.6113381
43.6301883,10.6111399
43.728226,10.6060711
43.6873024,10.7601804
43.6918441,10.7561134
43.6913507,10.7561045
43.6986548,10.7493033
43.5461081,10.4388774
43.5490602,10.4459411
43.546593,10.4415985
43.6991185,10.7294896
43.6988271,10.729257
43.6992011,10.7293048
43.6989049,10.7290652
43.6980852,10.7293579
43.6982674,10.7289536
43.6980312,10.7289929
43.697848,10.7292869
43.7178825,10.5101448
43.7230002,10.4965331
43.62157,10.5275158
43.5786042,10.4442725
43.7037115,10.7420156
43.7023258,10.7455556
43.7021686,10.7454414
43.7362502,10.5199985
43.5920758,10.7176058
43.5924225,10.7186893
43.5924158,10.7184917
43.5929591,10.7183899
43.5923324,10.7185519
43.7088131,10.6575615
43.7081286,10.657738
43.7288958,10.6944695
43.6674166,10.5806394
43.6694204,10.5782364
43.6671705,10.5763953
43.6831545,10.6172304
43.5270555,10.7430518
43.5268543,10.743133
43.6208295,10.6305334
43.6206105,10.6306607
43.6659688,10.6558089
43.6896959,10.8893706
43.6456005,10.5900195
43.6452198,10.5898396
43.762045,10.4285177
43.5086927,10.8176496
43.5088378,10.8175565
43.748233,10.4627237
43.7472192,10.4640772
43.7592438,10.4627183
43.664007,10.6244629
43.5807862,10.645133
43.6906962,10.8229234
43.6913176,10.8228936
43.6911792,10.8233538
43.6910659,10.8235079
43.691085,10.8237443
43.6889935,10.8262336
43.6886912,10.8319822
43.6882893,10.8321123
43.6907975,10.8371659
43.6232851,10.6010784
43.6957168,10.8372771
43.6964832,10.8408137
43.6950862,10.8463973
43.6914403,10.8388831
43.6910612,10.8389895
43.6907879,10.8415981
43.6906362,10.8418829
43.692417,10.8408395
43.6940436,10.8373818
43.6932242,10.8649626
43.6935422,10.8649536
43.6934278,10.8653408
43.6956601,10.7411197
43.5941765,10.6741522
43.5525574,10.6485729
43.5520887,10.6477346
43.5521263,10.6470368
43.5562777,10.6402355
43.5562604,10.6397152
43.5264317,10.7387388
43.5261934,10.7383784
43.5265112,10.7395793
43.6762934,10.5309298
43.5953016,10.717729
43.6108758,10.705734
43.6054959,10.7755154
43.6051311,10.7706256
43.6051173,10.770676
43.6682282,10.7050637
43.6683756,10.7050314
43.6855727,10.5812568
43.5534534,10.7169118
43.6049667,10.5913709
43.6190562,10.6405323
43.6185621,10.6404377
43.6870577,10.7389379
43.6869765,10.7386695
43.7112742,10.4236577
43.7001454,10.7322221
43.7004168,10.7330468
43.7003134,10.7323289
43.7000059,10.7320909
43.7004202,10.7325601
43.6019616,10.4723298
43.6016843,10.4727547
43.7104484,10.8650971
43.6886584,10.8761152
43.7111007,10.8547039
43.7092786,10.8575648
43.6910357,10.8308276
43.6942372,10.8171816
43.4924043,10.509305
43.4932231,10.5109498
43.7916053,10.6864964
43.7914289,10.6870885
43.4572356,10.8297751
43.6849332,10.5725765
43.6526731,10.6439912
43.6525735,10.6437142
43.7242588,10.7648633
43.7593845,10.4418251
43.7596828,10.4418604
43.7000469,10.7475482
43.7002293,10.7472181
43.7001269,10.7466194
43.6664472,10.6143391
43.6664987,10.6138382
43.6665953,10.61379
43.6731831,10.7230355
43.7077207,10.4371986
43.4714137,10.4929626
43.4712848,10.4928446
43.4715568,10.4929143
43.4717612,10.4933897
43.7059209,10.5036748
43.7049358,10.5035802
43.7065211,10.7691242
43.7065386,10.7693664
43.7066386,10.7693755
43.7066642,10.7691364
43.7066186,10.7692787
43.706403,10.769077
43.7064777,10.7694278
43.7020091,10.7436452
43.7019251,10.7435905
43.7018895,10.7437024
43.7019699,10.7437542
43.6647666,10.5860729
43.6647631,10.6374315
43.6643305,10.6374167
43.6595241,10.6520695
43.7313734,10.6149759
43.7367559,10.549063
43.6633482,10.5351801
43.6635053,10.5350212
43.7191708,10.6183513
43.7189862,10.6180026
43.7186565,10.6181437
43.7183192,10.6189576
43.7014733,10.7465159
43.7014006,10.7464284
43.7014061,10.7466052
43.7014267,10.7466018
43.7013641,10.7466693
43.7482467,10.4627549
43.7037865,10.8275349
43.7036614,10.827648
43.704331,10.8274673
43.7041523,10.8274549
43.6541258,10.5644393
43.6319126,10.6073071
43.6311244,10.6069714
43.6565006,10.5621333
43.6955331,10.8482473
43.5366546,10.5337704
43.5370475,10.5322587
43.6395065,10.6488572
43.6396042,10.6488369
43.6726204,10.5845006
43.4641175,10.4155054
43.4646484,10.4159484
43.6156893,10.6054144
43.6188961,10.5990548
43.6195939,10.6024748
43.6176285,10.6069446
43.7125381,10.6623924
43.5903582,10.4758514
43.5895864,10.4745549
43.5881844,10.47549
43.6233873,10.6146513
43.6954767,10.6206237
43.5525351,10.4671791
43.6984012,10.4924894
43.6982001,10.4924165
43.7487802,10.5546882
43.6983216,10.5134161
43.50977,10.7573154
43.5100865,10.7569464
43.5096922,10.7570967
43.5095046,10.757162
43.5067143,10.7558725
43.3113103,10.4864974
43.3115774,10.4859777
43.3753685,10.4950268
43.3732141,10.492778
43.3730254,10.496884
43.3309799,10.5264303
43.3318608,10.5252853
43.3316795,10.5246094
43.3266423,10.5062839
43.3263594,10.505788
43.323259,10.5079729
43.3260162,10.5061432
43.3190202,10.4983022
43.4395174,10.4827771
43.3778838,10.5024571
43.376486,10.5027875
43.3482289,10.5038087
43.328466,10.506896
43.3282127,10.5098475
43.3275997,10.508857
43.3268834,10.5075743
43.3240034,10.5093702
43.3233924,10.5098555
43.32298,10.5100372
43.3231266,10.5091508
43.3271208,10.5072099
43.3014705,10.4918322
43.2523725,10.5274242
43.2448418,10.5330109
43.2457771,10.5250352
43.3025905,10.5002802
43.2987749,10.5036923
43.2985375,10.5038017
43.4042298,10.8550049
43.4050305,10.8550877
43.4119482,10.8508897
43.3095843,10.5156313
43.3058031,10.519724
43.3043604,10.5210454
43.2902439,10.5284753
43.3756174,10.4897441
43.3675573,10.5047134
43.1736886,10.5633378
43.1786069,10.5644996
43.1767306,10.5615882
43.1770316,10.5616284
43.1775973,10.5674457
43.1708263,10.565157
43.1650741,10.5638111
43.1648653,10.57059
43.1547814,10.5599824
43.153739,10.5805176
43.1590207,10.609146
43.1601171,10.6126012
43.1403496,10.6426587
43.1792416,10.5676995
43.17924,10.5679664
43.1721956,10.5752455
43.1715967,10.5758169
43.1543481,10.5588997
43.15523,10.5559777
43.1545593,10.5598532
43.1700712,10.6080829
43.1920313,10.6109071
43.121821,10.6436072
43.0792563,10.6775739
43.0778596,10.678612
43.0783573,10.676361
43.0812377,10.5513702
43.1254239,10.7169943
43.1044729,10.5396171
43.1024611,10.5387186
43.1012962,10.5383552
43.0965583,10.5390894
43.0934778,10.5425532
43.1039121,10.5415837
43.0974781,10.5405483
43.2260118,10.5599894
43.231777,10.6005239
43.2332119,10.610497
43.2647597,10.5941585
43.2406843,10.5528489
43.2646312,10.5936645
43.2373328,10.5274457
43.2692839,10.5957133
43.2554109,10.6211758
43.1983004,10.7378295
43.2010596,10.7919936
43.2111854,10.7972243
43.2300101,10.876259
43.2479166,10.8781702
43.2495258,10.8790604
43.2497428,10.8793064
43.2533061,10.877967
43.2864334,10.8888137
43.3005389,10.8681178
43.3156601,10.8476314
43.3531307,10.8237605
43.3621764,10.8126407
43.4009489,10.8590777
43.3993284,10.8653226
43.4060101,10.8544941
43.428344,10.4817665
43.3098752,10.5166067
43.3103724,10.5163407
43.3130125,10.525544
43.3132891,10.5256843
43.3134429,10.5259301
43.3135306,10.5272058
43.313927,10.5324736
43.3132902,10.5258559
43.3008009,10.4965169
43.3007599,10.4966358
43.3008565,10.4966697
43.2971769,10.5005309
43.2947227,10.5022928
43.3140152,10.5339344
43.3142777,10.5342958
43.3144002,10.5343148
43.314682,10.5341113
43.3147471,10.5339307
43.3333825,10.5619529
43.3338615,10.5628267
43.3432605,10.5819261
43.3501987,10.6259879
43.3503421,10.6261993
43.3502838,10.6265909
43.3398774,10.6443275
43.3361919,10.6530671
43.3285035,10.6651899
43.3568774,10.7798089
43.4099053,10.4076321
43.4048377,10.4114243
43.4036615,10.4218426
43.3144283,10.5149626
43.31159,10.5143624
43.3105486,10.5149657
43.3119023,10.5155239
43.3107481,10.5176882
43.3059546,10.520239
43.3323212,10.5271386
43.3459957,10.5635677
43.3470022,10.5689335
43.3640275,10.597525
43.3674198,10.6018925
43.3716467,10.5975539
43.3819403,10.582552
43.410148,10.5772722
43.4104494,10.5772749
43.4123953,10.5761865
43.4126802,10.5766606
43.416234,10.5722569
43.4201108,10.5755376
43.224657,10.8915339
43.2150298,10.8990591
43.2123046,10.8994205
43.2104824,10.9006822
43.2058672,10.9054339
43.2056411,10.9053831
43.2000266,10.9050175
43.3920963,10.7457856
43.391649,10.7443806
43.3886148,10.7408786
43.32016,10.6699945
43.3127627,10.6758772
43.288974,10.6134584
43.2880317,10.6119976
43.2695955,10.5953741
43.270277,10.5897246
43.2704242,10.583677
43.2704708,10.574951
43.2716507,10.5673193
43.4321443,10.759291
43.4453215,10.5680406
43.4336973,10.5655575
43.4320473,10.5670999
43.4161687,10.5720886
43.3708147,10.4500067
43.3522974,10.4564463
43.3519597,10.4568911
43.3517018,10.4569679
43.259662,10.955755
43.2748426,10.8940148
43.3034895,10.8540092
43.302248,10.809345
43.3306244,10.7361243
43.2749448,10.8937516
43.3951182,10.4291897
43.3953872,10.4291255
43.3960226,10.4290413
43.3961778,10.4302385
43.3972802,10.4353868
43.3973957,10.4356325
43.3998244,10.4387303
43.4032132,10.4421173
43.404771,10.4454107
43.4044625,10.4445804
43.4007352,10.4355603
43.3986999,10.4420006
43.4055458,10.4428091
43.4037908,10.4436098
43.4029128,10.4403421
43.3988509,10.4419141
43.4033556,10.4422586
43.3971838,10.435108
43.3965232,10.4289532
43.3976048,10.4379032
43.403295,10.4420504
43.39704,10.4339672
43.3960474,10.4293718
43.3968029,10.4287864
43.3974801,10.4353291
43.3970269,10.4287714
43.3960878,10.4292803
43.3962673,10.43105
43.3968156,10.4285835
43.3958702,10.4294075
43.3965311,10.4310165
43.3970233,10.4286129
43.3970109,10.4268919
43.3963974,10.4271939
43.3961552,10.4312118
43.3962524,10.4313136
43.3963246,10.4312638
43.3971108,10.4304592
43.3972559,10.4353684
43.3882072,10.4424665
43.3881806,10.4426539
43.4053907,10.4463636
43.4061695,10.447496
43.4191231,10.4589741
43.4191464,10.4592974
43.4150435,10.4643029
43.41526,10.4644717
43.4270678,10.4812715
43.3988396,10.4388814
43.399571,10.4395551
43.3965632,10.4318403
43.396976,10.4308278
43.3972651,10.4303296
43.3976167,10.429897
43.3975836,10.4296723
43.3974258,10.4296054
43.3972998,10.4300441
43.3935231,10.4334179
43.3930201,10.432255
43.3935167,10.43186
43.3915725,10.4397593
43.3959457,10.452041
43.3960726,10.4523408
43.3940146,10.4524615
43.3934853,10.4509124
43.3928111,10.4513568
43.4058347,10.4090396
43.3930616,10.4307899
43.3951404,10.4309237
43.404397,10.4284897
43.4054223,10.4233143
43.4060287,10.4212054
43.4068176,10.4159514
43.4069998,10.4126586
43.4069895,10.4125686
43.4067844,10.4112821
43.4081287,10.4088981
43.4079824,10.4080173
43.4100524,10.4076174
43.3955714,10.4318157
43.3912958,10.4343266
43.3916217,10.4340593
43.3911917,10.4330428
43.3909397,10.4324618
43.3895326,10.4335566
43.388906,10.4370637
43.3886583,10.4364605
43.3905784,10.4327434
43.3915725,10.4349675
43.3919098,10.4347114
43.3111604,10.5125634
43.3090675,10.5139902
43.3055715,10.5189349
43.3032456,10.5200407
43.3016794,10.5209971
43.3027863,10.5203577
43.3002461,10.5210549
43.3004294,10.5216818
43.2972279,10.5239966
43.2977759,10.524224
43.2974555,10.5226735
43.3019754,10.5223153
43.3043116,10.5305037
43.3020575,10.5223865
43.3078515,10.5287961
43.3077002,10.5287599
43.3194566,10.5330958
43.3675709,10.5048877
43.4034758,10.4468738
43.4050695,10.4458884
43.4041619,10.4464444
43.404716,10.4463278
43.3015122,10.5204003
43.2974277,10.5247046
43.2979505,10.5244183
43.2979445,10.5241411
43.3021067,10.5222568
43.3020182,10.5222032
43.3078709,10.5286536
43.3077424,10.5285907
43.3870835,10.4353638
43.3843415,10.4376873
43.3834776,10.4413278
43.3559926,10.4496834
43.3548569,10.4526691
43.3538891,10.4518726
43.3518986,10.4526641
43.3493535,10.4545787
43.3488249,10.4551966
43.3274572,10.4631552
43.3199113,10.4719993
43.3110638,10.4865836
43.3113351,10.4865703
43.3111843,10.4863067
43.3027256,10.4942402
43.3099129,10.5098539
43.382436,10.4389788
43.3112602,10.486763
43.3928173,10.4302328
43.4027206,10.4230943
43.4030989,10.423599
43.4035555,10.4229488
43.4032928,10.4223263
43.4063701,10.409089
43.3992819,10.4276621
43.3988866,10.4270984
43.3984144,10.4277302
43.3977607,10.4268163
43.3893752,10.4415023
43.3913071,10.4500755
43.3913873,10.4508268
43.391344,10.451373
43.3903672,10.4541082
43.3879314,10.4591265
43.3854164,10.4616917
43.3845638,10.4689748
43.3841472,10.4682469
43.3856474,10.4618443
43.3857561,10.4615049
43.3908096,10.4488678
43.3906469,10.4405124
43.389465,10.437744
43.3945408,10.4341906
43.3946599,10.4338957
43.3948963,10.4339278
43.3948765,10.4333678
43.3972189,10.4338156
43.3969671,10.4336282
43.3888427,10.463095
43.3879322,10.467313
43.3920588,10.4478935
43.3880721,10.442583
43.388096,10.4424636
43.3869081,10.4434848
43.3876407,10.4413408
43.3848488,10.4662857
43.392351,10.4290776
43.3996273,10.4271971
43.4022556,10.4300972
43.4050592,10.4245556
43.4042406,10.424307
43.4079378,10.4115871
43.4086297,10.4117449
43.4091806,10.4124967
43.4014358,10.4269217
43.4010983,10.4273547
43.4028343,10.4287695
43.403197,10.4279524
43.4064096,10.4091825
43.3952686,10.4312472
43.3949985,10.4322545
43.4008021,10.4277457
43.401609,10.4266872
43.3950859,10.4318823
43.3954118,10.431656
43.4031585,10.4236722
43.3974063,10.4301306
43.3987169,10.4424641
43.3980915,10.4458238
43.3978901,10.4464097
43.3978317,10.4466784
43.3980098,10.4466925
43.3980472,10.4465552
43.397669,10.4466609
43.3982037,10.4487615
43.3981163,10.4493189
43.3967003,10.4533826
43.3968917,10.4532549
43.396852,10.4532315
43.3968613,10.4535601
43.4015295,10.4705635
43.4008027,10.4713962
43.4011248,10.4713086
43.3986797,10.4562485
43.398505,10.4515231
43.3979697,10.4473049
43.3983659,10.4443816
43.395168,10.42876
43.3951577,10.4291679
43.4043508,10.4197423
43.4061443,10.4206492
43.406695,10.4176604
43.4087136,10.4174558
43.4097979,10.415448
43.4090618,10.4146621
43.4087013,10.4136365
43.4073642,10.4114006
43.4073623,10.4099343
43.4038615,10.4194959
43.4037808,10.4204519
43.4037841,10.421149
43.4035492,10.4209358
43.4030487,10.4216177
43.403349,10.4222484
43.3925792,10.431174
43.3917899,10.4317973
43.3924754,10.433382
43.3932382,10.4327597
43.4039047,10.4190087
43.4087383,10.4144511
43.4097638,10.415506
43.3927495,10.4340403
43.3977988,10.4306916
43.3940012,10.433032
43.3953348,10.4444729
43.393262,10.4634373
43.3935899,10.4684761
43.3926355,10.4677784
43.3923882,10.4676103
43.391345,10.4670735
43.3875094,10.4568185
43.3871926,10.4563104
43.3902869,10.4436789
43.3923761,10.4419176
43.392904,10.4390392
43.3917845,10.4363023
43.3915092,10.4356899
43.3951774,10.4368844
43.3973565,10.4419879
43.3982461,10.4441168
43.3974622,10.4447893
43.3968382,10.4476506
43.3964325,10.4480414
43.3954684,10.4487261
43.3951469,10.4489532
43.3930754,10.4495017
43.3924846,10.447613
43.3910621,10.468364
43.3908793,10.4692277
43.3890261,10.444659
43.3949836,10.4317715
43.3943918,10.4281121
43.3944988,10.4294898
43.3964097,10.4324052
43.3960551,10.4355124
43.3963376,10.4359358
43.3943862,10.4375134
43.3978796,10.4457693
43.3970368,10.4464979
43.3973137,10.4470832
43.3932987,10.4502819
43.3919225,10.4507043
43.3915918,10.4506568
43.3913824,10.4507722
43.3893431,10.4556063
43.3884088,10.454856
43.3878644,10.4566655
43.3879023,10.4597353
43.3887183,10.4439515
43.3899659,10.4429181
43.3888275,10.4355002
43.3879717,10.436182
43.3882184,10.4368062
43.3918926,10.4383832
43.3913982,10.436576
43.3890788,10.4361289
43.3908679,10.4368603
43.3930352,10.4354041
43.3953299,10.4397698
43.396146,10.4391256
43.3976085,10.4379585
43.388716,10.4607171
43.3898025,10.4561864
43.3892319,10.4559122
43.3955656,10.4365401
43.3953565,10.4360602
43.3906628,10.4565561
43.3972525,10.4405121
43.3945022,10.4426928
43.3932047,10.4438064
43.3960454,10.4414698
43.3968629,10.4408205
43.3966742,10.4356814
43.3980497,10.439854
43.3963038,10.438249
43.3965389,10.438803
43.3938657,10.4499101
43.393629,10.4492328
43.3901873,10.4473918
43.3914376,10.4464195
43.3915671,10.4509266
43.3871294,10.4670574
43.3910759,10.4420458
43.3896254,10.4528333
43.3893154,10.4534326
43.3927772,10.4682058
43.3924744,10.4689681
43.391547,10.4660854
43.3850499,10.4641946
43.3883266,10.4650084
43.3901296,10.4543509
43.3882114,10.4387232
43.3905627,10.4443198
43.389302,10.4453291
43.3942947,10.4328146
43.3938617,10.4283668
43.3941521,10.429591
43.3897461,10.4511561
43.390777,10.453039
43.3914562,10.4511519
43.3935386,10.4524056
43.3936064,10.4525823
43.3909871,10.4453374
43.3897291,10.4463378
43.3899829,10.430187
43.3890882,10.4325441
43.3908562,10.4311109
43.3885824,10.4313426
43.3913131,10.4321665
43.3882587,10.430614
43.3918152,10.4293234
43.3949575,10.4278473
43.3988577,10.42953
43.3983882,10.4288544
43.4056558,10.4085742
43.4051175,10.4068287
43.4053324,10.4090163
43.4050345,10.4093839
43.4048458,10.4088699
43.4043833,10.4091641
43.4036555,10.4070904
43.4036685,10.4105195
43.4050172,10.4108997
43.4059856,10.4088899
43.3979463,10.4300704
43.3986206,10.4291976
43.4029413,10.4100322
43.4017479,10.4082188
43.401838,10.407131
43.4018904,10.4068776
43.4037152,10.4066575
43.2637056,10.9695455
43.3667093,10.8150924
43.3670139,10.8151182
43.3672661,10.8150259
43.398207,10.8511351
43.4006821,10.8540897
43.3988155,10.8561716
43.3986679,10.8593873
43.3990809,10.8586725
43.3992073,10.8667381
43.3991398,10.872219
43.3985863,10.8732002
43.3970667,10.8769987
43.3971552,10.884311
43.3924761,10.8949698
43.3923903,10.8957368
43.39225,10.896238
43.3861348,10.9067363
43.3861357,10.9399666
43.4044647,10.9747337
43.4124937,10.9774112
43.4138943,10.977331
43.4007033,10.8578947
43.3992125,10.8656381
43.076303,10.6750361
43.0770404,10.6804495
43.0755887,10.68166
43.0718479,10.7137137
43.0718036,10.7141513
43.0718847,10.7143904
43.1940006,10.7338545
43.1941051,10.7336371
43.2009957,10.7378335
43.2204145,10.7355418
43.2672337,10.7068875
43.2912747,10.6992787
43.293488,10.6984929
43.0766485,10.6783244
43.3460136,10.6636421
43.0715448,10.7143388
43.0716827,10.714274
43.2097518,10.9045355
43.2101936,10.9045724
43.2119918,10.9046146
43.2131116,10.905625
43.2130077,10.9064991
43.2137725,10.9091161
43.2084432,10.9213982
43.2170208,10.9247295
43.2100838,10.9030227
43.2966547,10.4998701
43.2955518,10.5019874
43.2960201,10.5024405
43.296359,10.5004465
43.2957427,10.4999375
43.296196,10.4988725
43.296498,10.4981974
43.2969719,10.4970803
43.3000438,10.4949636
43.2953951,10.5006925
43.3318486,10.7380387
43.3326177,10.7384874
43.3354491,10.7425877
43.2513646,10.5276381
43.4001382,10.8665746
43.403733,10.8662794
43.4016149,10.8651405
43.4044616,10.8653379
43.4031745,10.8650308
43.392809,10.4317269
43.3920329,10.4323591
43.3930944,10.4685855
43.3954524,10.4690966
43.3958751,10.4689554
43.3930683,10.4681005
43.3110065,10.4860104
43.4213619,10.420388
43.4204565,10.4204024
43.4180869,10.4197184
43.4116608,10.4164995
43.4140194,10.4190685
43.413394,10.4178839
43.4108177,10.4164204
43.4164822,10.4203531
43.4159524,10.4212586
43.4093204,10.4163176
43.4103411,10.416104
43.3075992,10.5148717
43.3135989,10.5132135
43.3281762,10.5088067
43.3311949,10.5002344
43.3485085,10.4660182
43.3487744,10.4662855
43.3503082,10.4650046
43.3508943,10.4647444
43.3512605,10.4654464
43.351402,10.4656782
43.3498631,10.4636049
43.3498472,10.4634843
43.3497391,10.4633986
43.3496713,10.4634242
43.3516985,10.4509804
43.3520149,10.4524275
43.3491541,10.4550549
43.3494549,10.454955
43.349734,10.4549232
43.3498001,10.4553311
43.3499006,10.457497
43.3495006,10.4578141
43.3503375,10.4520026
43.3507246,10.458971
43.3486278,10.4587677
43.34877,10.4629482
43.3419589,10.4769766
43.3357734,10.4604737
43.2957673,10.5029422
43.3084137,10.512363
43.3295701,10.5067251
43.3497906,10.4637335
43.2974776,10.5000341
43.3952663,10.451311
43.3949059,10.4507856
43.3944797,10.4513405
43.3952301,10.4383344
43.3916967,10.4396757
43.3933917,10.4436333
43.3956917,10.4485901
43.3973985,10.448923
43.3951046,10.4422117
43.3932976,10.4398665
43.3947721,10.4372065
43.3957366,10.4394421
43.3939076,10.4393815
43.3948414,10.4386345
43.3956636,10.4379974
43.351692,10.4566985
43.3333227,10.5629391
43.3220343,10.6323161
43.322313,10.6321815
43.322941,10.6314393
43.3260451,10.6264439
43.3259742,10.6280969
43.3274087,10.600499
43.3161968,10.6275065
43.3156141,10.628196
43.3119903,10.6287523
43.3114444,10.6291349
43.3312885,10.5674452
43.3273789,10.6199991
43.3132579,10.6308825
43.3106947,10.6293344
43.3061487,10.6300991
43.2984034,10.6152545
43.2958799,10.6151524
43.296328,10.6184068
43.2984274,10.6140671
43.2978047,10.6138867
43.0139794,10.5967327
43.0793415,10.559471
43.0771451,10.5587271
43.0796249,10.5580968
43.080562,10.5567064
43.0806685,10.5550027
43.0817738,10.5558104
43.0815173,10.5572747
43.0836438,10.5562215
43.2773982,10.5395489
43.2790904,10.5413735
43.2771417,10.5414498
43.2770059,10.5407015
43.1786001,10.5646064
43.178458,10.5630101
43.178319,10.5621562
43.178369,10.5623678
43.2348778,10.5555222
43.2489723,10.5504948
43.2492495,10.5503989
43.2492829,10.5504188
43.249317,10.550635
43.2492606,10.5507236
43.2490053,10.5507753
43.2691503,10.5432014
43.2807829,10.5409347
43.2769715,10.5409994
43.2766239,10.540821
43.2771449,10.5410516
43.2774536,10.5405537
43.4001725,10.4476269
43.4011281,10.446718
43.3980252,10.446668
43.4009052,10.446665
43.4023509,10.4468819
43.4192477,10.4592322
43.4308696,10.4826039
43.4326004,10.4572092
43.4147077,10.4649248
43.4104009,10.4710265
43.4097648,10.4716264
43.4072811,10.4728293
43.4071038,10.47296
43.4065906,10.473347
43.4066704,10.4749347
43.4060329,10.4761818
43.4027167,10.4782656
43.401093,10.47169
43.4153625,10.4643343
43.4010842,10.4719366
43.4080289,10.4762095
43.4029687,10.4758333
43.4031514,10.4759534
43.4057111,10.4739511
43.4043674,10.4731547
43.3950662,10.4705118
43.3963189,10.4685443
43.396079,10.469274
43.3959358,10.4700096
43.4058778,10.4739699
43.4051966,10.471741
43.405278,10.4727628
43.3175055,10.5336859
43.3071391,10.5259764
43.3989389,10.4533457
43.4049984,10.473617
43.4009655,10.4761145
43.3942332,10.4705411
43.3992442,10.4544104
43.4033482,10.476009
43.4067355,10.4732377
43.4064194,10.4682767
43.4064267,10.4681972
43.4063657,10.4682018
43.4065853,10.4680325
43.4063703,10.4682706
43.4071656,10.4725128
43.4075116,10.4720058
43.389912,10.452224
43.3906517,10.4490221
43.3937132,10.4442225
43.3947826,10.4432969
43.3953533,10.4428018
43.3958969,10.4423769
43.3966537,10.4441616
43.3970439,10.4438177
43.3978488,10.4431764
43.3986198,10.4417515
43.3976022,10.4425767
43.3974427,10.4361752
43.3969152,10.4362788
43.3958323,10.4371492
43.4009386,10.4358801
43.3959371,10.4305328
43.0793271,10.6755722
43.391401,10.4335425
43.3922487,10.4328578
43.2911337,10.5111182
43.3146315,10.5334019
43.3145263,10.5333118
43.3140215,10.5336253
43.313702,10.5156332
43.3137131,10.5158937
43.3152728,10.5206984
43.315199,10.520797
43.2772839,10.5383237
43.2790406,10.538603
43.2796721,10.5392262
43.3960304,10.4672429
43.3907545,10.4292526
43.3913388,10.4307468
43.3909408,10.429729
43.3975075,10.436849
43.39606,10.4376787
43.3969823,10.436958
43.3982544,10.4405098
43.3971065,10.4414016
43.3531056,10.4599848
43.352935,10.460176
43.3528557,10.4600955
43.3525878,10.459186
43.3522867,10.4581098
43.3516272,10.4588201
43.3510728,10.4601149
43.3506376,10.4615864
43.3497255,10.4620696
43.349882,10.4632954
43.3509954,10.4626375
43.3507213,10.4616422
43.3521853,10.460798
43.3525407,10.4606047
43.3529306,10.4604049
43.3530567,10.4607648
43.3533509,10.4606439
43.3603667,10.4613377
43.3703515,10.4632886
43.3587736,10.4541019
43.3563425,10.4491617
43.3538626,10.4557947
43.3731604,10.4639207
43.3512099,10.4625492
43.388815,10.434129
43.3895212,10.4357783
43.3897723,10.4363774
43.3883895,10.4331185
43.387052,10.4375877
43.3864383,10.4360399
43.3874156,10.4382348
43.3587584,10.4538766
43.3577283,10.4542457
43.3576868,10.4544913
43.3514239,10.4567702
43.3496103,10.4635625
43.3514425,10.4611946
43.3518144,10.4609998
43.351243,10.459028
43.3528174,10.4695925
43.3780919,10.4684184
43.3834475,10.4694435
43.4061142,10.471007
43.3840701,10.4691599
43.3953839,10.4286697
43.3293239,10.5027198
43.1763557,10.5651447
43.1754885,10.5638151
43.1755559,10.5871199
43.1688851,10.5827755
43.1125389,10.5436285
43.1142759,10.5460873
43.1154132,10.5448708
43.1101241,10.5453266
43.3554843,10.4691224
43.3514624,10.4655417
43.4068639,10.4910427
43.2944775,10.7291682
43.4009844,10.8544024
43.4011846,10.8543554
43.401377,10.8546993
43.199893,10.791015
43.248713,10.5343675
43.2464266,10.5369463
43.2480879,10.5337667
43.4250057,10.8764429
43.4128506,10.8641278
43.4117696,10.8642828
43.4071086,10.8597068
43.4054927,10.860538
43.4046657,10.8609569
43.3160297,10.542655
43.4028143,10.4425708
43.3980612,10.4461374
43.3998163,10.4474806
43.4016469,10.4467759
43.4314519,10.895151
43.3978764,10.4392429
43.3970101,10.4399312
43.3976988,10.438629
43.3967686,10.4393704
43.3951568,10.4321373
43.3958993,10.4320859
43.4051875,10.4201572
43.393426,10.452743
43.392969,10.4532663
43.3925365,10.4530637
43.3921595,10.454178
43.3907666,10.4530735
43.3938609,10.4521166
43.393659,10.4525259
43.3910645,10.4521561
43.3968144,10.4509022
43.3975339,10.4513046
43.3886095,10.4350415
43.3877503,10.4356535
43.3878292,10.4371201
43.387471,10.4374059
43.386709,10.4356605
43.3981454,10.4961246
43.4094075,10.5314435
43.3819477,10.4377309
43.3868045,10.4434382
43.3857365,10.4408435
43.3857576,10.4407348
43.3961502,10.4446024
43.3956018,10.4450588
43.3946036,10.4459603
43.3964582,10.4411452
43.3974432,10.4434875
43.3971618,10.4443955
43.3963924,10.445088
43.3958426,10.445556
43.3948419,10.4464589
43.3950451,10.4469107
43.3960627,10.4460252
43.3966039,10.4455346
43.3952358,10.4473831
43.3962733,10.4464854
43.3968187,10.4459987
43.3975489,10.4453455
43.3965108,10.4469832
43.3954137,10.4478673
43.3958319,10.4489643
43.3972056,10.4485123
43.3969747,10.4487488
43.397319,10.4491725
43.396127,10.4495508
43.3143899,10.5332109
43.3149824,10.5389639
43.1598331,10.6107872
43.1604424,10.6093656
43.178635,10.5620316
43.1784945,10.5618759
43.1784181,10.5618924
43.233884,10.6181635
43.2339178,10.6190653
43.2341301,10.6181803
43.2341684,10.6173885
43.1635025,10.5652983
43.1692501,10.5664095
43.16932,10.5647762
43.1147278,10.5448213
43.1125447,10.5438587
43.0935922,10.5407802
43.0916549,10.5412914
43.0919007,10.5420319
43.3141603,10.5330036
43.317397,10.5333452
43.4173015,10.4825942
43.4089026,10.4718851
43.4040033,10.4213796
43.4030507,10.4262379
43.40412,10.4263612
43.4029925,10.4263567
43.4041298,10.4265169
43.4050364,10.8508325
43.3992918,10.4382295
43.4226981,10.421348
43.4219802,10.4207406
43.421454,10.4213177
43.4219681,10.4195931
43.4219836,10.4197613
43.4213802,10.4213192
43.4029534,10.4404707
43.40329,10.4401447
43.4023312,10.4387003
43.4039899,10.4223891
43.4023211,10.4236413
43.4019175,10.4230694
43.402482,10.4221863
43.3730976,10.4969403
43.3180996,10.5338819
43.0987667,10.5388387
43.4000312,10.4266563
43.3980645,10.4257954
43.3915555,10.4312515
43.3923463,10.4306134
43.0724184,10.6749784
43.0716166,10.7141667
43.3901758,10.4330524
43.3906103,10.4340906
43.3911134,10.4353173
43.3899719,10.4346287
43.3904196,10.4336366
43.3897644,10.4341538
43.3891377,10.4338707
43.3898329,10.4355324
43.3887018,10.4328658
43.3508609,10.4547099
43.3046485,10.4984506
43.3897363,10.4320187
43.389215,10.4308001
43.3888256,10.4319176
43.3894819,10.4314134
43.3897685,10.4311812
43.3909258,10.4348578
43.3905929,10.4351283
43.30518,10.5056432
43.3046271,10.5061824
43.3058521,10.5070402
43.3052722,10.5075588
43.3023101,10.59465
43.302148,10.6061227
43.297956,10.611566
43.3059954,10.6302834
43.3059148,10.6308421
43.3016014,10.6382669
43.2000144,10.7918539
43.1999842,10.7921861
43.200219,10.7920373
43.1860052,10.8024533
43.1855857,10.802313
43.1856669,10.8027813
43.1851731,10.8028817
43.1858981,10.8028709
43.1851175,10.803648
43.1852542,10.8029911
43.1850782,10.8031876
43.1875098,10.798975
43.2406122,10.7684304
43.1066031,10.5398698
43.1066618,10.5390149
43.1060658,10.5398067
43.1060983,10.539334
43.1060262,10.5387865
43.1054831,10.5392548
43.1040943,10.5387445
43.1029462,10.5387382
43.0941046,10.5393744
43.0930516,10.5395056
43.0915578,10.5396508
43.0916039,10.5382002
43.0915815,10.5388008
43.0892436,10.5399166
43.0892094,10.539465
43.0984258,10.5521735
43.0973661,10.5512711
43.0971547,10.5498945
43.0963686,10.5520805
43.0955907,10.5526231
43.0976232,10.5495928
43.0970502,10.547809
43.0968245,10.547136
43.096643,10.5465571
43.0949769,10.5468583
43.096444,10.5459422
43.094703,10.5469915
43.0962722,10.5453928
43.0934692,10.547024
43.0923623,10.5432941
43.0929545,10.5451454
43.0956569,10.543454
43.0958652,10.5441109
43.0960761,10.5447765
43.0942842,10.5465338
43.0937227,10.5446136
43.0944392,10.5464518
43.093922,10.5452855
43.0954372,10.5427725
43.0948223,10.5431342
43.0952312,10.5421272
43.091557,10.5405541
43.0936174,10.5394217
43.0935175,10.5394327
43.0935406,10.5397213
43.0935969,10.5402862
43.0921233,10.5411776
43.092311,10.5417653
43.0927594,10.5430314
43.0931661,10.5427803
43.092713,10.5414847
43.0929446,10.5421266
43.0936077,10.5417262
43.113667,10.545058
43.1113342,10.5405128
43.1112054,10.5402962
43.1110417,10.5404646
43.1130536,10.5407297
43.096691,10.5530562
43.3852888,10.439878
43.3872359,10.4380283
43.3852511,10.4397931
43.383432,10.441221
43.3819689,10.4423803
43.3815103,10.4412925
43.3829635,10.4401723
43.3847979,10.4387421
43.3868561,10.4370984
43.3869637,10.4397573
43.3874728,10.4410665
43.3871765,10.4383242
43.3854481,10.4397451
43.3880643,10.4377192
43.4115426,10.4686158
43.4067928,10.47086
43.3312002,10.7105665
43.3850551,10.7387545
43.3466261,10.7052152
43.3299636,10.6922516
43.3291135,10.6702094
43.329319,10.6708839
43.328857,10.6705088
43.3366045,10.6526905
43.336613,10.6528059
43.3364204,10.6529999
43.3364807,10.6525439
43.3366796,10.6533028
43.3354803,10.7436123
43.3452529,10.7560102
43.3448975,10.7548656
43.3452418,10.7556008
43.3450198,10.7555787
43.014959,10.5951312
43.1779051,10.5618455
43.1785506,10.5624071
43.1802922,10.5503345
43.1802035,10.5503474
43.1801544,10.5506442
43.1802217,10.5507157
43.1802972,10.5506996
43.180243,10.5501231
43.1782088,10.5445737
43.1778186,10.543
43.1771405,10.5416167
43.1766477,10.5409576
43.1766567,10.5400028
43.1766451,10.539573
43.1760949,10.5396424
43.1761096,10.5401917
43.1761054,10.5400495
43.1806324,10.55066
43.180827,10.5506223
43.1845895,10.5540087
43.1873363,10.5498926
43.2457298,10.5948551
43.2687446,10.5948735
43.2691631,10.5956696
43.2692179,10.5952316
43.2695637,10.5988298
43.2854206,10.6042714
43.3525431,10.7737027
43.3526479,10.7745582
43.3527148,10.7749995
43.3527379,10.7748561
43.3530924,10.7746509
43.3529161,10.7743495
43.3984293,10.4440347
43.1774405,10.5704319
43.1614849,10.6206653
43.1797033,10.611599
43.1779917,10.5738465
43.1774333,10.5859708
43.1783856,10.6154139
43.1834707,10.6174238
43.0962512,10.5878
43.0987981,10.5889364
43.0988398,10.587361
43.0818579,10.5503511
43.0808039,10.5474356
43.4420199,10.5026588
43.3110901,10.8474284
43.2484207,10.544587
43.245724,10.5343452
43.3984426,10.4411473
43.3987086,10.4425015
43.3945502,10.4287564
43.3940095,10.4290124
43.3926028,10.4297264
43.3921396,10.4301105
43.3903984,10.4299792
43.3904947,10.4314039
43.3864473,10.4358705
43.3862737,10.4360165
43.384375,10.4375354
43.384277,10.4375044
43.3842431,10.437623
43.3520651,10.4525839
43.352233,10.453174
43.3527723,10.4530956
43.3537831,10.4529337
43.3538777,10.4529165
43.3537357,10.4555877
43.3509304,10.4535213
43.3519807,10.4552601
43.3524176,10.4550228
43.3537596,10.4543269
43.3908055,10.4469149
43.3914101,10.4483386
43.389179,10.4588626
43.3898216,10.459148
43.3895618,10.459657
43.3895349,10.4573353
43.3950619,10.4438883
43.3940045,10.444781
43.399463,10.4448375
43.402031,10.4438469
43.4009051,10.4467948
43.403899,10.443888
43.4034132,10.4468437
43.395377,10.4682941
43.0782024,10.6756173
43.4036892,10.8613747
43.4001819,10.8664879
43.1036813,10.5420183
43.101163,10.5452178
43.0992967,10.5427565
43.0989248,10.5417428
43.0980381,10.5407097
43.0974549,10.5408589
43.0977382,10.5419958
43.1689824,10.5820025
43.1539961,10.5672096
43.1685061,10.5822238
43.164832,10.5731191
43.1553375,10.585939
43.1632806,10.5672929
43.1588311,10.5644258
43.1932901,10.5654057
43.1845941,10.5789353
43.1619859,10.6108981
43.1853318,10.5782924
43.1821726,10.5668915
43.1692692,10.5657322
43.1706275,10.5660823
43.1728982,10.566854
43.1687605,10.5663216
43.168623,10.5675568
43.1692097,10.567671
43.1649663,10.566753
43.1656445,10.566888
43.1658048,10.5657398
43.1660386,10.5640115
43.1760613,10.5385857
43.1760802,10.5392195
43.1754485,10.5392761
43.1677727,10.5661392
43.1679963,10.5644688
43.1648812,10.5700168
43.1667284,10.5699806
43.166661,10.5707452
43.1668674,10.5678832
43.1806051,10.5987778
43.1796542,10.5843861
43.1058903,10.5458979
43.0989051,10.5871737
43.0977606,10.5882223
43.1131047,10.540054
43.1135453,10.5407799
43.1135277,10.5413136
43.1580403,10.5573676
43.1576085,10.5598075
43.1900458,10.5837006
43.181469,10.5998614
43.0707481,10.6105437
43.0733988,10.6160335
43.1288452,10.6440561
43.1769412,10.5673484
43.1713243,10.5701337
43.1698694,10.5708088
43.4319314,10.5655144
43.4323356,10.5666655
43.4321857,10.5678809
43.4326915,10.5672539
43.4336553,10.5662399
43.4340091,10.5660776
43.433671,10.5660225
43.4335467,10.565614
43.4334985,10.5653796
43.433598,10.5643764
43.4330686,10.5679559
43.4324636,10.5665428
43.4326918,10.5663185
43.4116413,10.5741306
43.4158957,10.556716
43.4170339,10.5518766
43.4046978,10.5348502
43.4118175,10.5777579
43.4108717,10.5787855
43.4089345,10.5784726
43.4122417,10.5738135
43.4116052,10.5750826
43.4122431,10.5760141
43.4126867,10.5759005
43.4126381,10.5747859
43.4115754,10.5752491
43.4158641,10.5765551
43.4201288,10.5750734
43.4112398,10.5749748
43.4059822,10.5674411
43.3807861,10.5434201
43.3673243,10.5069302
43.2993284,10.8725155
43.3000138,10.8734641
43.3027386,10.8705656
43.3022634,10.8688443
43.3014899,10.8686564
43.3008465,10.8687794
43.3024715,10.8694511
43.3005638,10.8719612
43.2998151,10.8730929
43.299573,10.8726867
43.3026947,10.8703577
43.3012906,10.8714592
43.3010188,10.8711882
43.3031982,10.8709216
43.3040859,10.8705852
43.32868,10.8747375
43.3317915,10.8589084
43.2876568,10.88454
43.2975072,10.8749671
43.297463,10.8692238
43.2974781,10.8690684
43.2983701,10.8685586
43.2987698,10.866414
43.2963125,10.8563102
43.3001699,10.8570377
43.2929144,10.8748132
43.2947784,10.869649
43.2955275,10.8683757
43.2950524,10.8734811
43.2818516,10.8087509
43.3049702,10.5207371
43.3056233,10.5235635
43.3945662,10.468867
43.3940456,10.4706841
43.2104892,10.9006306
43.212069,10.9016982
43.2115807,10.9043272
43.2108648,10.9036946
43.2125987,10.9038459
43.2103292,10.9024742
43.2124445,10.902834
43.2118475,10.9030041
43.2117671,10.9026936
43.211649,10.9024749
43.2125462,10.899455
43.2110154,10.9007747
43.2142301,10.900473
43.2139936,10.9014158
43.2148781,10.9047085
43.2130682,10.9068497
43.2137997,10.9093201
43.2125462,10.9060747
43.2125553,10.9056774
43.2109066,10.8993746
43.2101132,10.899941
43.2098733,10.9000562
43.2096853,10.9015349
43.2100506,10.9017031
43.2103856,10.9019184
43.2104345,10.9013733
43.2110594,10.8998923
43.2109831,10.8996566
43.2102231,10.9005043
43.2092127,10.9026865
43.2096312,10.9026367
43.2102178,10.9018397
43.2130738,10.8975175
43.2158242,10.8986105
43.2162108,10.9004714
43.2164363,10.903043
43.218962,10.9007829
43.2587723,10.9354882
43.2709122,10.929704
43.4059695,10.4743131
43.2058967,10.8539439
43.1952614,10.8482487
43.1944786,10.8479758
43.1924641,10.845762
43.1889895,10.8428648
43.1914321,10.8293768
43.1575896,10.8349
43.1692379,10.8576416
43.2671154,10.6189509
43.2498303,10.5961624
43.300138,10.6201182
43.2989125,10.6195466
43.2979295,10.6166883
43.2968911,10.6153961
43.2970483,10.6158889
43.2965379,10.6183257
43.2967657,10.6183904
43.2984911,10.6285034
43.2936503,10.6306578
43.2932193,10.6371083
43.2911668,10.6374018
43.2664088,10.5941265
43.2677459,10.5903878
43.2619642,10.5700124
43.2715785,10.5677827
43.2720037,10.5671566
43.2928639,10.5505796
43.301691,10.5457939
43.3134718,10.5451832
43.3141304,10.5432994
43.3146287,10.5418267
43.3154029,10.5395796
43.2792892,10.5395651
43.2839796,10.5552589
43.3091685,10.5185089
43.3108785,10.5244936
43.3108051,10.5245336
43.3101804,10.5248563
43.3107888,10.5271119
43.297894,10.5338493
43.2809766,10.5453171
43.2773525,10.5594613
43.2555758,10.5660121
43.2528718,10.5737721
43.2527888,10.576593
43.251022,10.5755352
43.2491238,10.5818954
43.2782431,10.5397916
43.2793614,10.538727
43.2801215,10.5388145
43.2967947,10.6169892
43.2966431,10.6158739
43.2967646,10.6157326
43.3642061,10.5981519
43.3667611,10.5993745
43.3596413,10.5932799
43.363877,10.5971908
43.3728727,10.603263
43.3716605,10.6088084
43.3637245,10.6095533
43.3597507,10.611247
43.3516803,10.6100665
43.3477834,10.6156529
43.3477497,10.6235138
43.3333499,10.5358431
43.1758273,10.7156414
43.1800391,10.7105226
43.1800058,10.7106726
43.1794644,10.7105316
43.1775542,10.7144171
43.1772867,10.7140169
43.176987,10.7139227
43.1781833,10.7134601
43.1784802,10.7139918
43.1796323,10.7119873
43.1845484,10.7133704
43.1525752,10.7247403
43.2255287,10.8867645
43.2258523,10.886906
43.2385572,10.8838013
43.2381008,10.8859993
43.2414665,10.886332
43.2359977,10.8890739
43.2375297,10.8883663
43.236965,10.8887199
43.2386531,10.8899227
43.2385242,10.8895015
43.2390725,10.8898994
43.2400953,10.8886435
43.2505467,10.8635974
43.2511707,10.8658379
43.2526413,10.8660032
43.2508919,10.8668184
43.2603785,10.861959
43.2459913,10.8787192
43.2474585,10.8766677
43.2466246,10.8780913
43.2444394,10.8856676
43.2471896,10.8823692
43.2486326,10.878072
43.2480435,10.8771983
43.2484009,10.8768558
43.2478693,10.8773894
43.2491152,10.878957
43.2477547,10.8801335
43.2479982,10.8800297
43.2483506,10.8795515
43.2488501,10.8812489
43.2486436,10.880906
43.250328,10.8802266
43.2502172,10.8803179
43.2523507,10.8786076
43.2527006,10.8780681
43.2504926,10.8803754
43.2483555,10.882161
43.2345535,10.8806244
43.2344845,10.8765484
43.2321906,10.8777007
43.2061619,10.9048573
43.2057564,10.9051208
43.2067648,10.9059144
43.2080762,10.9066022
43.2072829,10.9070341
43.2078147,10.9075495
43.2076071,10.9079594
43.2134814,10.8996807
43.3574572,10.7806947
43.3597182,10.7826359
43.357596,10.7818223
43.3738295,10.7838321
43.3581957,10.7935487
43.3561527,10.8095392
43.371187,10.8042123
43.3712551,10.8044148
43.3738418,10.8022774
43.3757335,10.7984336
43.3560591,10.8111557
43.3569038,10.811893
43.356452,10.8114513
43.3562515,10.8120888
43.3565482,10.8124265
43.3555411,10.813937
43.3550829,10.8142666
43.355276,10.8135949
43.3575272,10.8126169
43.3650319,10.8129989
43.364212,10.8142161
43.3647442,10.8136128
43.3645867,10.8134646
43.3651223,10.8153423
43.3670307,10.8118514
43.3672251,10.81072
43.3672806,10.8147074
43.3675626,10.8148955
43.3581834,10.8163774
43.3860575,10.8505956
43.387422,10.8538223
43.4050289,10.8536762
43.4082286,10.8510844
43.4080559,10.8503059
43.4095255,10.8506929
43.4096712,10.8505404
43.4083846,10.8509636
43.4087009,10.8515334
43.4092361,10.8499574
43.4080906,10.8521619
43.4086362,10.8540514
43.4088671,10.8538758
43.4114361,10.8497202
43.411915,10.8497109
43.3959708,10.8594789
43.3956573,10.860842
43.3951181,10.8624755
43.3967848,10.8588494
43.3965809,10.8581397
43.3963536,10.8599078
43.3992746,10.8567692
43.3995313,10.8570397
43.3990246,10.8573895
43.3997091,10.8573788
43.3995632,10.8583403
43.3965077,10.860086
43.3965462,10.8612783
43.3962199,10.8606889
43.3961537,10.8616066
43.3966874,10.8624207
43.3986366,10.8611193
43.3987016,10.8620045
43.3976406,10.862397
43.3986746,10.8655985
43.3992416,10.860286
43.3991424,10.860602
43.3988382,10.8633737
43.3987655,10.8640521
43.3976421,10.8661299
43.3984058,10.8658229
43.3996809,10.8708572
43.3967039,10.8719503
43.3983378,10.8729762
43.3985606,10.8725409
43.3972698,10.8714619
43.3981694,10.8726732
43.3984773,10.8720783
43.3999731,10.8711651
43.3988929,10.8721101
43.4086546,10.8753468
43.3982622,10.8849478
43.4084801,10.8780357
43.4072258,10.8768774
43.4104588,10.8811991
43.4113082,10.8841794
43.4118521,10.8842606
43.3716214,10.5982791
43.3760493,10.5728307
43.3534459,10.5888536
43.3574805,10.588641
43.359099,10.5877913
43.2561694,10.6875994
43.2870796,10.607373
43.3328802,10.5610583
43.3295297,10.6723065
43.377757,10.7206567
43.3848734,10.7381144
43.3783897,10.7508248
43.2710186,10.6693782
43.2306678,10.7173181
43.2315825,10.7202775
43.263583,10.7535785
43.2945898,10.7298041
43.2991085,10.6216021
43.3001524,10.631413
43.2941401,10.5911226
43.3027968,10.6000808
43.3335518,10.5328725
43.3480182,10.5859902
43.3725788,10.6158229
43.3203709,10.6274176
43.3259829,10.6276622
43.3268619,10.6262231
43.3269861,10.6264818
43.326482,10.6278156
43.3264418,10.6274769
43.3271761,10.6023835
43.3277018,10.610424
43.3262304,10.6235548
43.3264154,10.6233307
43.3263628,10.6232585
43.3360717,10.4889342
43.346819,10.4834551
43.3648779,10.4740246
43.3658047,10.4799152
43.3705272,10.4867748
43.396163,10.4960632
43.3961086,10.496104
43.3968353,10.5211472
43.425538,10.533967
43.4373513,10.5461036
43.0738077,10.639315
43.0749488,10.6750573
43.0793467,10.6786588
43.0929621,10.6639599
43.0939316,10.673533
43.4363041,10.4506661
43.4424052,10.4500376
43.44349,10.4484593
43.1403655,10.6282017
43.1591915,10.6161351
43.1688096,10.6104724
43.1898086,10.61148
43.1811786,10.6238859
43.1879049,10.6182402
43.2384641,10.583086
43.2406326,10.6066618
43.24265,10.582352
43.2371151,10.5549635
43.2818596,10.5563675
43.1598595,10.6162971
43.1601478,10.6170679
43.1953135,10.6117054
43.1153549,10.6396273
43.0930498,10.6397986
43.3783176,10.5860819
43.3566212,10.5719072
43.3554745,10.5832339
43.3276645,10.6232109
43.3328914,10.6204554
43.3347559,10.6216114
43.3158133,10.5407381
43.3187593,10.5380993
43.3169842,10.5406871
43.3195652,10.5377106
43.3221921,10.5406882
43.3175174,10.6472948
43.3401205,10.6443047
43.3401866,10.644781
43.3715817,10.6490987
43.2235642,10.7626672
43.4431338,10.4477839
43.4433985,10.4482772
43.2979181,10.8755264
43.2621882,10.9270514
43.2633323,10.9267663
43.2721924,10.9316151
43.3683321,10.9073149
43.4103043,10.6292666
43.3198248,10.5372771
43.4162435,10.5765899
43.3915709,10.7391545
43.2651433,10.5943159
43.2703719,10.5992048
43.4210351,10.4148872
43.3201439,10.4661694
43.3111527,10.5190995
43.3092825,10.5215797
43.3089106,10.5203026
43.3095889,10.519949
43.3955925,10.4931101
43.2577844,10.6909726
43.2583253,10.6932737
43.2585587,10.6928802
43.3640429,10.4710493
43.311926,10.6279474
43.3355668,10.5289918
43.3602398,10.5290919
43.3678444,10.5362758
43.1643156,10.8834171
43.3995396,10.6184596
43.3983802,10.450845
43.4016456,10.4515896
43.2982864,10.4952484
43.3248218,10.6294277
43.3253799,10.629892
43.3905885,10.7384536
43.390911,10.7380191
43.390738,10.7384261
43.3912777,10.7381943
43.2624482,10.9271181
43.266158,10.5906064
43.0758865,10.5900237
43.3085115,10.5188625
43.3120872,10.5185648
43.3097618,10.5205694
43.3102758,10.5223566
43.3113248,10.5197117
43.3118375,10.5214917
43.3737158,10.5036229
43.3759314,10.5037934
43.4027623,10.4391595
43.4021053,10.438466
43.4018121,10.4389773
43.4034312,10.439324
43.4031416,10.4398136
43.3409572,10.6423643
43.398305,10.4384036
43.1593123,10.5727537
43.1804857,10.5911407
43.4108739,10.4143406
43.4116517,10.4144202
43.4064969,10.418383
43.4069945,10.4191722
43.4069218,10.4211144
43.4047919,10.423436
43.41089,10.418743
43.4096835,10.4238748
43.246727,10.5297749
43.3250165,10.5042314
43.3226081,10.5067173
43.0787678,10.6712946
43.2169532,10.5622233
43.2206618,10.60984
43.2694073,10.5983664
43.2699455,10.5978163
43.2384621,10.5317413
43.2383755,10.5321162
43.2371446,10.5353948
43.2417945,10.532594
43.3136843,10.534486
43.3259982,10.6245037
43.3976596,10.4536601
43.3986644,10.4541814
43.3991516,10.4540867
43.168328,10.5662375
43.1681737,10.5674558
43.403587,10.4287848
43.25327,10.5490752
43.295348,10.615511
43.3111349,10.6298441
43.2772945,10.5153866
43.2945048,10.5028059
43.3031353,10.5216786
43.3010001,10.5462875
43.2941014,10.6139989
43.3111976,10.6295389
43.3122445,10.6298235
43.3123658,10.6316813
43.3131379,10.6329247
43.3130655,10.633157
43.3119213,10.6372233
43.2380968,10.5328295
43.2396868,10.531581
43.2461034,10.5357998
43.0780145,10.6786259
43.0802241,10.6775546
43.0887672,10.6743699
43.0934599,10.5395758
43.3216063,10.4694256
43.3199023,10.4636668
43.3245087,10.4662286
43.3238011,10.4649737
43.3225261,10.4625998
43.3207935,10.4654944
43.3210188,10.4667731
43.3094334,10.5221376
43.3099579,10.5212153
43.310119,10.5217857
43.3104279,10.5228915
43.3106268,10.5235843
43.3108076,10.5220518
43.3109672,10.5226074
43.3128307,10.5249016
43.3115118,10.5203632
43.3116684,10.5209221
43.3121991,10.5227279
43.3111689,10.5232967
43.3105252,10.5261532
43.3130953,10.5259022
43.3153484,10.520761
43.3144492,10.5346084
43.3150078,10.5354419
43.3330494,10.5256245
43.3322377,10.5267555
43.3325374,10.5269821
43.3325486,10.5271281
43.3324233,10.5275606
43.3328625,10.5269147
43.3479824,10.5037823
43.3783527,10.4967552
43.3881448,10.9455825
43.1672845,10.8626249
43.166994,10.8645457
43.1668156,10.8646508
43.1716308,10.8598136
43.1714156,10.8582568
43.1715553,10.8583634
43.1716275,10.8593955
43.1716987,10.8590973
43.1721056,10.8587844
43.171415,10.8601805
43.1745836,10.8609094
43.1686206,10.8656478
43.3758582,10.8882517
43.3837868,10.9051946
43.3682678,10.8981294
43.3836487,10.883171
43.3708638,10.9070662
43.369365,10.9045471
43.3970184,10.8845572
43.3752743,10.8557767
43.3666406,10.8134684
43.3652611,10.8130023
43.3667443,10.8121771
43.3592721,10.8085159
43.3663621,10.8108349
43.3603026,10.8117308
43.3627489,10.8138338
43.3657576,10.8119493
43.3608363,10.8218118
43.3620358,10.8132674
43.3675536,10.8169167
43.3649407,10.8138001
43.3554715,10.8309066
43.3744794,10.4993024
43.3749436,10.4914088
43.3566262,10.7835451
43.2331095,10.5330699
43.2329768,10.5344547
43.2333803,10.5344068
43.2490533,10.5499166
43.2489447,10.5505509
43.2486401,10.5507593
43.2496992,10.550402
43.2491663,10.5511393
43.396983,10.4480026
43.3978065,10.4483012
43.2126878,10.8544506
43.1676731,10.8880371
43.2065277,10.8782364
43.3452914,10.7553222
43.3454851,10.7556487
43.3505012,10.6264051
43.3504523,10.625976
43.3505895,10.6263689
43.3506254,10.626046
43.3503549,10.6262727
43.3509012,10.6268129
43.1038518,10.5414753
43.3423545,10.5788365
43.1050461,10.5410527
43.343372,10.5823288
43.343199,10.5823014
43.3432757,10.5827466
43.1038617,10.5418071
43.1047343,10.5411745
43.3431573,10.5823383
43.3424404,10.5787829
43.3425974,10.5791459
43.3429424,10.5823094
43.0935904,10.5400139
43.3135465,10.5157381
43.1036217,10.5416576
43.0975324,10.5404864
43.2970638,10.8596318
43.2850122,10.8783607
43.289171,10.8599204
43.2891617,10.8724715
43.2921219,10.8730674
43.246605,10.8976085
43.2388086,10.9031073
43.2870003,10.8717803
43.2975351,10.8638806
43.2886493,10.87191
43.3004392,10.8684534
43.246111,10.9209164
43.2971233,10.8657005
43.2912955,10.8745155
43.2887851,10.8792195
43.3006641,10.8685696
43.2951793,10.8678724
43.2820357,10.9044843
43.3006347,10.8686891
43.2908077,10.8741103
43.2905566,10.8752256
43.2863221,10.8813679
43.2879866,10.8794461
43.2853964,10.8803659
43.2952563,10.8679781
43.2899443,10.871599
43.3057582,10.869415
43.2859053,10.8816697
43.2501071,10.8951946
43.2976403,10.8652481
43.3002801,10.8688465
43.2883809,10.8714307
43.2977401,10.8596843
43.2913751,10.8731025
43.29033,10.8765073
43.2416079,10.85638
43.2505081,10.8636472
43.1950268,10.8327214
43.3513511,10.4545629
43.4094354,10.6649582
43.3701239,10.6694964
43.3941399,10.4904411
43.3943242,10.4902298
43.4223612,10.4817003
43.4230622,10.4921901
43.4049188,10.4745811
43.4036997,10.475576
43.4039961,10.4746454
43.404323,10.4739363
43.4053072,10.4738173
43.4055374,10.4744637
43.4033842,10.4752153
43.3833315,10.4320235
43.3551275,10.4681841
43.4520275,10.469705
43.3500378,10.4574623
43.3500278,10.4573612
43.3499464,10.4573163
43.3488857,10.4629893
43.3490262,10.4627682
43.3507586,10.4615639
43.3514007,10.4654027
43.3513773,10.4653907
43.3521978,10.4566693
43.4408272,10.5272826
43.4253627,10.5424084
43.4390359,10.5667774
43.3996625,10.8927034
43.4097809,10.937792
43.4424824,10.5261317
43.3555075,10.460855
43.355721,10.4608878
43.3557379,10.4605374
43.3530575,10.4589382
43.3527637,10.4578493
43.3532,10.4569053
43.3530544,10.4561741
43.3537255,10.4567224
43.3537132,10.463153
43.3532457,10.4614936
43.3438447,10.4587249
43.3426318,10.459176
43.3423382,10.4615518
43.3425866,10.4596527
43.3135103,10.5256903
43.3247804,10.5074424
43.3233669,10.5081382
43.3245149,10.506963
43.3539097,10.4558264
43.3538097,10.4558503
43.3538231,10.4559265
43.3538386,10.4559422
43.3539019,10.4559305
43.3539129,10.4559119
43.3504063,10.4538608
43.3508031,10.4547112
43.3521062,10.4565214
43.3480964,10.4656456
43.3231182,10.5096608
43.3232114,10.5099179
43.3232805,10.5099335
43.3232712,10.5094995
43.3233876,10.5086791
43.3235126,10.5087822
43.3235637,10.5085601
43.3235353,10.5085275
43.2628456,10.9566698
43.2653192,10.9584964
43.2657321,10.9587252
43.2664198,10.9572126
43.2660971,10.9584278
43.266186,10.9572966
43.2654001,10.9568943
43.2652853,10.9569438
43.2650718,10.9574219
43.34962,10.4636419
43.3478337,10.4567054
43.3519022,10.4583252
43.3513308,10.4612541
43.3524912,10.4618855
43.3522908,10.4544327
43.3531674,10.4611886
43.35286,10.4616937
43.3518399,10.4595798
43.3529511,10.4635589
43.3530039,10.4605834
43.3521171,10.4620814
43.3505981,10.462858
43.3522331,10.4544584
43.3516669,10.4642224
43.3516172,10.4623363
43.3515214,10.4544742
43.3520648,10.4640136
43.3533261,10.4633566
43.3532389,10.4603648
43.3521945,10.4593879
43.3535222,10.4605191
43.3525911,10.4637417
43.3519159,10.4532326
43.3533112,10.4604323
43.3511079,10.4600532
43.3109217,10.4870411
43.3115558,10.4869788
43.3110618,10.4864133
43.3514582,10.4597811
43.1546121,10.6766456
43.1828505,10.6610223
43.1517387,10.6756653
43.401537,10.8646455
43.3533001,10.4592365
43.3538537,10.4545627
43.3493453,10.4570113
43.3538369,10.4568145
43.3537488,10.4551099
43.3510486,10.4645501
43.3545785,10.4562952
43.3538837,10.4599216
43.3483406,10.4577619
43.3539749,10.4595691
43.3545619,10.4568601
43.3498987,10.4567925
43.3924873,10.4379547
43.3936553,10.4369777
43.3491613,10.456519
43.3549341,10.4538062
43.3548956,10.4531848
43.3947324,10.4524588
43.3210187,10.4650618
43.3222646,10.4652753
43.3218919,10.4657648
43.3245522,10.492736
43.3196872,10.4811388
43.3221961,10.462957
43.3373544,10.4803015
43.3305658,10.4642875
43.3314799,10.4858043
43.3226051,10.4648622
43.3194069,10.4729365
43.3213351,10.4645207
43.319551,10.4714727
43.339866,10.4812277
43.3214704,10.4661738
43.3229749,10.4644478
43.16976,10.5664941
43.163384,10.566473
43.1660995,10.5687548
43.1722687,10.571429
43.1650019,10.5655866
43.171756,10.5733823
43.1707224,10.5731478
43.1649547,10.567339
43.1698307,10.5658604
43.1713747,10.5728297
43.1643841,10.5654653
43.1666927,10.5641606
43.167434,10.5693527
43.1700297,10.5707234
43.1691438,10.569745
43.1702017,10.5724672
43.1703644,10.572678
43.1681833,10.569225
43.1667256,10.572258
43.1685274,10.5682921
43.1661386,10.5707073
43.1543808,10.5593325
43.1680686,10.5681711
43.1654152,10.5686286
43.1637859,10.5635247
43.1696725,10.5717568
43.1638291,10.5679375
43.1715599,10.5748139
43.1672779,10.5720011
43.1722851,10.5728297
43.1636387,10.5638212
43.1691883,10.5712146
43.1699361,10.5649148
43.1684271,10.5709202
43.1691957,10.5681109
43.1718733,10.572308
43.175942,10.5712104
43.1649252,10.568539
43.1642543,10.5666118
43.1754627,10.5709914
43.1668033,10.5688679
43.1662368,10.5677424
43.1619987,10.5650267
43.1700126,10.5722108
43.1655483,10.56758
43.1691568,10.5693371
43.1649387,10.5679549
43.1730736,10.5659644
43.1537593,10.5594153
43.1691854,10.5684364
43.1724254,10.5696142
43.1541631,10.5593014
43.1635688,10.5634748
43.170444,10.571612
43.1663301,10.5670421
43.1550956,10.5564292
43.166475,10.5658792
43.1673343,10.5707959
43.1711539,10.572535
43.1701986,10.5696919
43.1694703,10.5734638
43.1675131,10.5680366
43.170791,10.572061
43.1709677,10.5702981
43.1681407,10.5695067
43.1728123,10.5740842
43.1660493,10.5725735
43.1649549,10.567435
43.1555366,10.5561626
43.1701106,10.5711515
43.1687991,10.5712943
43.1635836,10.5643928
43.1676085,10.5673373
43.1620922,10.5641194
43.1867271,10.5482155
43.1878979,10.5460372
43.1831209,10.5524629
43.1920034,10.5425635
43.177819,10.566729
43.1802005,10.5620223
43.1781546,10.5674022
43.0757523,10.5382825
43.1893277,10.5503949
43.0757839,10.5384996
43.185074,10.5504361
43.1833789,10.5523569
43.1879962,10.5476664
43.1893243,10.5467221
43.1861541,10.5473651
43.1779113,10.567203
43.1831966,10.5525429
43.1872052,10.5489258
43.1882554,10.5472425
43.1889387,10.5462359
43.1854496,10.5452351
43.0751816,10.5388493
43.1843069,10.5982194
43.0616891,10.6149094
43.0614619,10.6148139
43.0771913,10.6802581
43.0752212,10.6818911
43.0790585,10.678481
43.0782363,10.6786311
43.0778367,10.680842
43.0748676,10.6812248
43.0787868,10.6777662
43.3486441,10.4749471
43.3139281,10.5210393
43.3279041,10.5027068
43.3254913,10.5051832
43.325045,10.507928
43.3274923,10.5018962
43.328972,10.5154655
43.3265968,10.5055701
43.3249084,10.5073017
43.3144559,10.5179881
43.3128616,10.5162742
43.3311296,10.5192965
43.3137397,10.5204605
43.327812,10.5157189
43.3274211,10.501753
43.3260817,10.5045901
43.3512395,10.4811363
43.3137035,10.5183915
43.3291282,10.5018954
43.325286,10.5085798
43.3142628,10.5232418
43.3255192,10.5051504
43.3418216,10.52902
43.3125709,10.5165308
43.3281677,10.5031922
43.3139157,10.5190359
43.3147896,10.52489
43.3148231,10.5191885
43.3133874,10.519323
43.3135474,10.5198733
43.3118933,10.5141875
43.3312368,10.5179342
43.3150055,10.5197585
43.3246245,10.5076061
43.3311833,10.5193019
43.3496662,10.5042792
43.3280596,10.5117086
43.3298763,10.5045502
43.3284371,10.5037092
43.3146617,10.5186503
43.3301336,10.5168959
43.3293625,10.505026
43.3140766,10.5195993
43.3129994,10.5180731
43.3280586,10.502983
43.3299372,10.5152304
43.3126463,10.5197281
43.3304188,10.501908
43.3277888,10.5010577
43.3267995,10.5038444
43.3517001,10.5007628
43.3162711,10.5230995
43.3230974,10.5076517
43.3627021,10.495067
43.3290793,10.5003363
43.3136393,10.5235987
43.3158796,10.5190916
43.348117,10.503961
43.3291544,10.5183689
43.3263327,10.5050625
43.330407,10.5196537
43.327987,10.501437
43.328791,10.5108424
43.3123098,10.5184497
43.3242502,10.5064705
43.3124669,10.5190997
43.342409,10.4857448
43.3129875,10.5208708
43.3285442,10.5024962
43.3296726,10.5034082
43.3237462,10.5055407
43.3272967,10.5126084
43.3268064,10.5005755
43.3131464,10.5237205
43.3500771,10.5290705
43.330258,10.5181506
43.3128141,10.5202778
43.3131909,10.5186962
43.3145236,10.5240598
43.3125871,10.5137538
43.3283458,10.5010925
43.3281424,10.5006904
43.326526,10.5134976
43.3456545,10.4972546
43.3291091,10.5017785
43.356123,10.4984675
43.306677,10.5042968
43.3032042,10.4971419
43.3040603,10.4989695
43.301728,10.4985101
43.3063233,10.5046152
43.3060791,10.5016033
43.3073288,10.5056898
43.3001107,10.5000883
43.3010978,10.4941526
43.3077964,10.5052943
43.3045427,10.502977
43.3055868,10.5020447
43.2997113,10.4930822
43.304092,10.5033938
43.3023716,10.496171
43.3018641,10.4952933
43.3037965,10.496593
43.3029355,10.4973757
43.3071409,10.5038775
43.2981618,10.4992618
43.2986724,10.4998849
43.2886322,10.5293271
43.28946,10.5382997
43.3003453,10.4955856
43.3036722,10.5576046
43.2987081,10.4986659
43.2871937,10.5300701
43.2974606,10.4983177
43.2889745,10.5269663
43.2885071,10.5288409
43.2958915,10.5615438
43.2871882,10.566164
43.300463,10.5816403
43.3015982,10.5809681
43.3498026,10.792612
43.1759599,10.6421252
43.0742701,10.6301059
43.2705091,10.5936815
43.2704481,10.592418
43.2709737,10.5943576
43.2700953,10.5927144
43.2710448,10.5929134
43.154062,10.6748011
43.1536349,10.6706808
43.0823274,10.5374054
43.0851238,10.5389837
43.0870694,10.5398322
43.0852291,10.537814
43.0870301,10.5391056
43.0835078,10.5375573
43.0851525,10.5386847
43.097237,10.5417509
43.0836914,10.5384519
43.0825562,10.5382828
43.0838496,10.5393823
43.087095,10.5389338
43.0850163,10.5395461
43.0870641,10.5383747
43.0822605,10.5391664
43.3953502,10.4749594
43.3860007,10.4619341
43.385771,10.4616242
43.3928847,10.4488163
43.3916512,10.4495212
43.3918831,10.4502117
43.3956438,10.441788
43.3944322,10.4389574
43.3005965,10.5223117
43.3035134,10.5209829
43.3072961,10.5195168
43.3053842,10.5299444
43.3078751,10.521601
43.3059928,10.5233737
43.3063747,10.5216817
43.3052225,10.5292656
43.3068587,10.5314764
43.3068021,10.5300924
43.3075103,10.5396278
43.3070227,10.5321148
43.3010115,10.5235373
43.3018616,10.5216126
43.307142,10.531362
43.3057637,10.5246368
43.3042984,10.5205944
43.3076184,10.5280503
43.3073265,10.52983
43.3050065,10.5271335
43.3063825,10.511081
43.3066831,10.530763
43.3061561,10.528805
43.3028637,10.5251701
43.3037162,10.528323
43.3126248,10.5356163
43.3026748,10.5307288
43.3028276,10.5312857
43.3097041,10.5353988
43.3014515,10.5251638
43.3077025,10.520965
43.3020628,10.5248599
43.3065565,10.5223137
43.3065855,10.5293199
43.3016118,10.5232177
43.3049561,10.5250465
43.3045061,10.5264319
43.3048161,10.5276162
43.3063298,10.5294487
43.30417,10.5299802
43.3049282,10.5301778
43.3058145,10.5223006
43.3049479,10.523285
43.3055,10.5262909
43.3040369,10.5196412
43.3030839,10.5260343
43.3026876,10.5219514
43.3018986,10.5242388
43.3091912,10.5338868
43.3079807,10.5316396
43.3054924,10.5321765
43.3064469,10.5261496
43.3072585,10.5266881
43.3070937,10.509647
43.305389,10.5269618
43.3064001,10.5255805
43.3053909,10.522483
43.2997328,10.5230428
43.3022308,10.5290968
43.3076866,10.5399805
43.3030144,10.5212298
43.3090895,10.5209134
43.3016736,10.5267453
43.3052267,10.5262931
43.3039368,10.5244705
43.3075647,10.5311641
43.3047801,10.5262966
43.3025049,10.5239248
43.3039518,10.5291891
43.3016179,10.525846
43.3037865,10.5238965
43.3077125,10.5317732
43.3047976,10.5227405
43.30559,10.5306986
43.3005951,10.5127252
43.3056505,10.5327773
43.3019969,10.5282821
43.3052875,10.5314711
43.3079581,10.5344683
43.3022519,10.5264534
43.3041164,10.527155
43.3070773,10.5290651
43.3057174,10.5272033
43.3080547,10.5222507
43.3118338,10.532574
43.3061522,10.5244276
43.312283,10.5343263
43.31039,10.5273528
43.304212,10.5254388
43.3012868,10.5245512
43.3094507,10.5278189
43.3011529,10.5240649
43.3035028,10.5274814
43.3073018,10.5319887
43.3069427,10.5306235
43.3051333,10.5309239
43.3074814,10.5303472
43.3054995,10.523002
43.3065445,10.5302265
43.3017544,10.5237223
43.3024747,10.5299547
43.3032029,10.5136157
43.3026747,10.524556
43.3022445,10.5255202
43.302354,10.5234012
43.3945703,10.7522427
43.3727556,10.7748344
43.3570329,10.7800038
43.060991,10.6714601
43.0786866,10.6952627
43.0754025,10.6760375
43.1029512,10.7023907
43.062824,10.6821071
43.3076963,10.5151788
43.3038094,10.502787
43.3067115,10.508858
43.4012696,10.4290494
43.4002887,10.4294092
43.4015169,10.4285283
43.4005161,10.428117
43.4020179,10.4274138
43.401795,10.4279023
43.4007753,10.4299286
43.4052299,10.4239588
43.4024673,10.4275993
43.4021238,10.431544
43.404985,10.4267164
43.4026231,10.4304713
43.4026817,10.4267908
43.4029302,10.429742
43.4023663,10.4269997
43.2150869,10.9233203
43.2193944,10.9121221
43.1766258,10.5390042
43.1777166,10.5395121
43.1776998,10.5389226
43.1827967,10.5395017
43.1788669,10.5398525
43.1788307,10.5388408
43.1760799,10.5390443
43.1777665,10.5405722
43.1811154,10.5387543
43.1810967,10.538968
43.1788174,10.5382753
43.1789016,10.5405653
43.1777438,10.5399337
43.1788532,10.5394232
43.1776908,10.5384278
43.326263,10.6243171
43.3258794,10.6224585
43.3260776,10.6238719
43.3224636,10.6207805
43.3260543,10.6218877
43.326469,10.6227428
43.1981145,10.7870047
43.2721377,10.5484489
43.275022,10.5413402
43.2713897,10.5434525
43.2705794,10.5460262
43.2706722,10.5466661
43.2735027,10.5623041
43.2709359,10.5490582
43.2723438,10.5500006
43.2739909,10.5643205
43.2716052,10.5450379
43.2694764,10.5440075
43.2717866,10.5464182
43.2702339,10.5437905
43.2700737,10.5488055
43.2704705,10.5453072
43.2712551,10.542547
43.2697513,10.546227
43.2717027,10.5457538
43.2696604,10.5454954
43.2705451,10.5492532
43.2722694,10.5494778
43.2695524,10.5446786
43.2700096,10.5429417
43.2703384,10.5444781
43.2698363,10.5468678
43.2710521,10.5497635
43.2714888,10.5441858
43.2706894,10.549851
43.2669913,10.5439727
43.2718527,10.5468832
43.3201716,10.5419149
43.3260755,10.6110117
43.3186869,10.5381634
43.3191718,10.537904
43.3275708,10.6133557
43.3654846,10.755984
43.3987053,10.4524794
43.398213,10.4522731
43.3978741,10.4529772
43.3980215,10.4525032
43.0962519,10.5884449
43.1548026,10.5601781
43.112049,10.5427059
43.1126538,10.5429147
43.154699,10.5601453
43.109298,10.5427858
43.1093822,10.5423571
43.112533,10.5432225
43.1253054,10.6394814
43.1549645,10.5600851
43.1126579,10.5432268
43.15472,10.5605759
43.1083463,10.5413861
43.1112743,10.5395174
43.1131373,10.543089
43.1125677,10.5433747
43.1686912,10.8577599
43.1689849,10.8579505
43.1684036,10.8575553
43.310349,10.5375658
43.3101889,10.5377153
43.3014872,10.5466404
43.2772607,10.5595875
43.3102167,10.5375123
43.3014778,10.5463453
43.3013319,10.5460958
43.3011048,10.5453472
43.3011982,10.545843
43.4055778,10.4776762
43.4161016,10.572099
43.4139997,10.5760249
43.2702011,10.5498532
43.2702261,10.5490989
43.2702856,10.5491503
43.2702946,10.5493891
43.2702808,10.5494106
43.2701059,10.5494281
43.2700706,10.5491782
43.27032,10.5428465
43.26591,10.5399501
43.2691874,10.5383561
43.24513,10.5331307
43.2453536,10.5326969
43.2451994,10.5329154
43.2452393,10.5332891
43.2452538,10.5330259
43.0985392,10.5409758
43.0939786,10.5393911
43.0987563,10.5424578
43.0936661,10.5396697
43.0972155,10.5433161
43.0974277,10.5439723
43.1689203,10.5824629
43.0981712,10.5463303
43.0965819,10.5413266
43.0965464,10.5462537
43.0983155,10.54424
43.1003669,10.5411968
43.0970053,10.5426377
43.1626864,10.576266
43.0982447,10.5422227
43.0967857,10.541973
43.0978967,10.5454613
43.1689374,10.5823439
43.3154473,10.6284637
43.3135417,10.6320316
43.3132853,10.6329344
43.3143956,10.6327904
43.3129901,10.6320137
43.3143898,10.6317324
43.0970863,10.5479098
43.0984343,10.5468762
43.0828432,10.5400584
43.0848718,10.5395291
43.0993615,10.5445657
43.0979807,10.5507425
43.081359,10.5398561
43.0828753,10.5395963
43.1009521,10.5524463
43.0986315,10.5527872
43.0831151,10.5392848
43.0995964,10.543548
43.1014355,10.5484506
43.1003665,10.5457045
43.0993136,10.5548755
43.1005392,10.546736
43.0986365,10.5468248
43.0880677,10.5422696
43.1007785,10.55409
43.0976231,10.5446148
43.0826964,10.5392278
43.0811762,10.5393997
43.0987547,10.5445719
43.4088178,10.4112864
43.4039024,10.4077682
43.4086058,10.4217686
43.4077732,10.4093701
43.2946593,10.7275607
43.2945546,10.7276887
43.2009532,10.9238857
43.3983707,10.4463312
43.3988938,10.4439989
43.399189,10.4424569
43.3987837,10.4445545
43.3992236,10.4447416
43.3987083,10.4465753
43.3988246,10.4421099
43.3998411,10.4439107
43.3993189,10.444168
43.3999671,10.4432115
43.3995939,10.4428646
43.4011988,10.4374784
43.3985617,10.4438652
43.4000325,10.4432772
43.3991546,10.4479335
43.3998842,10.4474895
43.415922,10.4427659
43.4021818,10.4340313
43.4061508,10.4274297
43.407442,10.4279618
43.3955538,10.4611261
43.3916512,10.4568445
43.3724189,10.5007167
43.3725615,10.5046686
43.3727557,10.5044004
43.3727733,10.5042562
43.3727866,10.5039141
43.3728236,10.5045453
43.3729551,10.5041494
43.3725437,10.5017986
43.3730085,10.5041845
43.3730732,10.5043372
43.3731872,10.5040931
43.3769432,10.50172
43.378319,10.4965955
43.212732,10.9306906
43.098131,10.544353
43.0996395,10.5448064
43.0979937,10.5457653
43.0984074,10.5460752
43.0993472,10.5463282
43.0993878,10.5447064
43.0989774,10.5465803
43.098586,10.546617
43.0990306,10.5445692
43.1003794,10.5421641
43.0971981,10.5469188
43.0975554,10.5456638
43.0977357,10.5466048
43.0975253,10.546731
43.0970553,10.5464807
43.0966317,10.545183
43.0978253,10.5465511
43.0978653,10.5470312
43.0974057,10.5475705
43.0966898,10.5467006
43.0964122,10.5458352
43.0969723,10.5449847
43.0973843,10.5462857
43.0974267,10.5452409
43.0969149,10.5460405
43.097689,10.546103
43.0972921,10.5447984
43.0967765,10.5456218
43.097245,10.5458459
43.0971119,10.5454254
43.3884665,10.4697751
43.106461,10.5431586
43.1094959,10.5417782
43.1033088,10.5422594
43.1078547,10.5430719
43.1064341,10.5419177
43.3996865,10.4443024
43.0801194,10.5597523
43.0804845,10.5604464
43.0808119,10.55904
43.0809158,10.5537342
43.0810507,10.5532361
43.0812135,10.5535387
43.081246,10.5558075
43.0823733,10.5510835
43.0825596,10.5510493
43.0829288,10.5531435
43.0830998,10.5530579
43.0840317,10.5501437
43.0911236,10.5437364
43.0912321,10.5440525
43.0900406,10.5417362
43.0856049,10.5478287
43.0857536,10.5478542
43.0857733,10.5477115
43.0891609,10.5454447
43.089202,10.5452597
43.0893115,10.5455328
43.0893687,10.5453146
43.080997,10.5534335
43.1080217,10.5400573
43.1080735,10.5393518
43.1086167,10.5401295
43.1091866,10.5402096
43.1092545,10.5391134
43.1094049,10.5402398
43.1096444,10.5406974
43.1096713,10.5402766
43.1101688,10.540755
43.1101946,10.5403489
43.1106847,10.5404167
43.1111484,10.5413
43.1111621,10.5410385
43.1121482,10.5411419
43.112185,10.5406165
43.1130213,10.5412486
43.0824834,10.5368484
43.3990947,10.4468759
43.4435668,10.4485838
43.4004082,10.4478381
43.4425139,10.4530471
43.3994263,10.4460763
43.4144342,10.4187872
43.0954142,10.5402429
43.0957017,10.5410401
43.4044947,10.4360647
43.0991588,10.5524591
43.0993134,10.552357
43.0994999,10.5522337
43.0997521,10.5520671
43.0999593,10.5519301
43.1001623,10.551796
43.1003829,10.5516503
43.1006409,10.5514798
43.1007902,10.5513811
43.1009152,10.5531383
43.1009449,10.5525899
43.1009947,10.5512578
43.101231,10.5511076
43.1015743,10.5532636
43.1014442,10.5509668
43.1016395,10.5526582
43.1014994,10.5509337
43.1019466,10.5506438
43.0995961,10.5535197
43.0998413,10.5537458
43.0998565,10.5535383
43.1002812,10.5531715
43.100892,10.5536449
43.0996264,10.5530331
43.100418,10.5531017
43.36357,10.4620785
43.3892613,10.4994774
43.1040233,10.5395306
43.1040679,10.5395501
43.1041213,10.5396632
43.3984593,10.4559396
43.3886606,10.4541027
43.3983746,10.4579651
43.3968856,10.4536916
43.4008424,10.4067894
43.4024825,10.4080508
43.4025339,10.4057789
43.4033157,10.4084885
43.4035462,10.407624
43.4049856,10.4063419
43.4021202,10.4094732
43.4031151,10.4092303
43.4039555,10.409617
43.4041975,10.4086139
43.3957563,10.4269456
43.3961834,10.4310818
43.4004189,10.4261509
43.3997202,10.4373348
43.4008191,10.4356532
43.4050957,10.4173925
43.4051681,10.4184357
43.4052064,10.4189079
43.4052281,10.4194851
43.4054578,10.415327
43.4058851,10.4205146
43.4059012,10.4197993
43.4059294,10.4191756
43.4059661,10.418648
43.4059828,10.4153964
43.4060223,10.4179831
43.4068483,10.4154794
43.4078568,10.4104381
43.4082217,10.4094426
43.4083407,10.4101675
43.4086572,10.409992
43.4087285,10.407761
43.4088466,10.40874
43.4088935,10.4092507
43.4089784,10.4099889
43.1781465,10.5425393
43.17874,10.5428647
43.1789287,10.5446736
43.1792262,10.5426009
43.1796737,10.5426771
43.1797105,10.5481249
43.1797014,10.5424061
43.1808283,10.5449894
43.1810045,10.5433539
43.1814244,10.5442163
43.1823828,10.5418565
43.1832096,10.5411496
43.1833234,10.541564
43.1834453,10.5414629
43.1847967,10.5423424
43.1848865,10.5428455
43.4059614,10.477043
43.15416,10.5596247
43.3969415,10.4533444
43.1766796,10.5406859
43.177689,10.5435378
43.1778158,10.5411979
43.177927,10.5435212
43.1791433,10.5416967
43.1784205,10.5408532
43.1805676,10.5527338
43.182435,10.5424783
43.1831806,10.5444826
43.1835343,10.5428473
43.1842866,10.54177
43.1851993,10.5386022
43.1853903,10.5447297
43.1867987,10.542009
43.1835427,10.5430574
43.192397,10.537581
43.4032582,10.4436652
43.4004288,10.4490402
43.4035861,10.4434935
43.4021919,10.4468545
43.4006723,10.4484519
43.3999268,10.4490483
43.4021941,10.4435038
43.402285,10.4450903
43.4011397,10.4488139
43.4027386,10.4439471
43.1528496,10.578477
43.1670466,10.5808804
43.171344,10.5742645
43.3929026,10.4473435
43.4422064,10.4521793
43.4423642,10.4526547
43.4423652,10.4500436
43.1028997,10.5393746
43.3062642,10.5269377
43.2393384,10.5313901
43.2385019,10.5328198
43.2139792,10.5626369
43.2182016,10.5812965
43.3919837,10.4466677
43.3916524,10.4469341
43.3921852,10.4465033
43.259526,10.5466971
43.2701118,10.543824
43.2758595,10.5389919
43.2791676,10.5396642
43.2792498,10.5387853
43.2893747,10.5301402
43.2562639,10.5436964
43.3257945,10.462196
43.326476,10.4616824
43.3251604,10.4635331
43.3271974,10.4627564
43.3268413,10.462212
43.3240927,10.4608566
43.324457,10.4620177
43.3278741,10.4620485
43.3226042,10.4624463
43.327572,10.4614248
43.3279459,10.4603845
43.3269062,10.4589614
43.3255526,10.4643163
43.3245428,10.4623176
43.2731934,10.5620247
43.2745224,10.5594201
43.2748742,10.5589188
43.296526,10.5231931
43.2999922,10.4932743
43.3000085,10.4924012
43.300071,10.4922251
43.3001656,10.4924428
43.3002718,10.4926168
43.3138168,10.5244772
43.2929859,10.499266
43.2951205,10.5013593
43.295188,10.5026578
43.2963927,10.495816
43.2992471,10.4923108
43.2995284,10.4965059
43.2996115,10.494092
43.3007018,10.5019779
43.2997395,10.4930183
43.2998803,10.4960307
43.2999295,10.4974466
43.3003547,10.4970369
43.3008503,10.496526
43.4353011,10.7225735
43.3913526,10.429537
43.391744,10.4304249
43.3029244,10.8705657
43.4141604,10.416623
43.412804,10.415483
43.4137772,10.4137724
43.4126711,10.4166179
43.4127323,10.4142601
43.0801521,10.5395454
43.1054026,10.5516548
43.0765938,10.5383952
43.4223222,10.4814062
43.2022091,10.9050458
43.2121731,10.9127507
43.4014911,10.8631515
43.4021951,10.8638782
43.4023288,10.8637192
43.3976394,10.87112
43.3977162,10.8719617
43.3980329,10.8710511
43.406988,10.8592322
43.4103086,10.408098
43.3436511,10.4791868
43.3420885,10.4767034
43.3734495,10.4637421
43.3775045,10.4678906
43.3777103,10.468128
43.391014,10.4454006
43.3929694,10.4438089
43.4124295,10.4136393
43.4128186,10.4133115
43.4039639,10.9742845
43.40412,10.9747848
43.404216,10.9753485
43.4043579,10.9747842
43.4043423,10.9747033
43.4134622,10.9777773
43.4083312,10.4240355
43.40889,10.4241047
43.4113015,10.4239436
43.4085935,10.4218113
43.4091632,10.4200601
43.4086924,10.4218249
43.4002382,10.4434461
43.3991512,10.4469165
43.401222,10.4431776
43.4004822,10.4440466
43.4001899,10.4447485
43.4008657,10.4443983
43.399062,10.4472685
43.4005254,10.4439564
43.0987988,10.5390248
43.1003079,10.5406542
43.4020135,10.8513481
43.4029254,10.7877291
43.4031859,10.7880266
43.4033138,10.850197
43.4059764,10.851267
43.4061644,10.8522415
43.4071014,10.8531346
43.4163311,10.8526053
43.4169851,10.8517862
43.4173098,10.8528232
43.4175725,10.8537155
43.4268667,10.8402617
43.4307422,10.8436796
43.3190047,10.4709309
43.3196635,10.4712663
43.3198391,10.4717512
43.3197734,10.4673827
43.3200228,10.4651964
43.3206526,10.4646191
43.3212831,10.4639937
43.3214506,10.4637969
43.3218514,10.4633642
43.3227622,10.4630479
43.3230964,10.4636042
43.3239913,10.4615908
43.3242686,10.4614273
43.3265223,10.4625218
43.3268121,10.4631563
43.3306565,10.4641409
43.3256975,10.4608719
43.3259455,10.4601749
43.3261634,10.4606263
43.3263329,10.4616322
43.3263725,10.46142
43.3265156,10.461471
43.3268411,10.4602504
43.3068387,10.5091206
43.3077162,10.5064516
43.4024852,10.7756545
43.3821308,10.7987393
43.3848969,10.8177727
43.3786228,10.800739
43.3638529,10.8126722
43.3644328,10.812486
43.3738312,10.8024512
43.3906023,10.8133659
43.2787623,10.6038315
43.3366891,10.6021176
43.3557273,10.8144445
43.3582908,10.8129381
43.3912382,10.4516613
43.3960322,10.4617201
43.3972859,10.4568968
43.3965919,10.4556111
43.3962573,10.4580061
43.3971782,10.4576109
43.3672162,10.5026288
43.3669166,10.4928208
43.3308015,10.5001464
43.3306763,10.499971
43.2937821,10.8742681
43.2960288,10.8666143
43.2963896,10.8744039
43.2981595,10.8709075
43.2966355,10.8713972
43.2882191,10.8794122
43.2985716,10.8715392
43.297484,10.8710243
43.3022038,10.870575
43.298849,10.8712552
43.2987907,10.8714475
43.2986893,10.8716562
43.2971871,10.8706845
43.2978581,10.8704457
43.2933667,10.8741184
43.2956315,10.8734386
43.2965895,10.8706686
43.298651,10.8713476
43.2885313,10.8798163
43.2884422,10.8795481
43.2935084,10.8744022
43.2986932,10.8713423
43.2968342,10.8708182
43.2886066,10.8795873
43.303591,10.8543527
43.3005541,10.8698209
43.2977191,10.8710766
43.2967009,10.871034
43.3034977,10.8542658
43.2970344,10.8707542
43.3011075,10.8693615
43.2984789,10.8717667
43.2987801,10.8715813
43.3011107,10.8728146
43.2984677,10.8712951
43.2988363,10.8717861
43.3015247,10.8724244
43.2967951,10.8685247
43.3009491,10.8724128
43.2935977,10.8738693
43.2986347,10.8716422
43.2985693,10.8714733
43.2884545,10.8793372
43.2950921,10.8744987
43.3034609,10.8545701
43.2934936,10.8739496
43.3019852,10.8696606
43.3016426,10.8698096
43.2460438,10.8772178
43.2360914,10.874207
43.236344,10.8742414
43.2358062,10.8741623
43.2359034,10.8744722
43.235765,10.8747509
43.2457232,10.8768517
43.236186,10.8744687
43.2154606,10.8543802
43.215318,10.854374
43.2151831,10.8544478
43.2153507,10.854114
43.3138229,10.4826649
43.3165285,10.4879308
43.3863107,10.4358262
43.386123,10.4318245
43.326737,10.4591068
43.4110707,10.4709806
43.4090265,10.4752066
43.4081882,10.4741275
43.4089252,10.4748311
43.4061135,10.4752732
43.4062266,10.4752342
43.2339346,10.6167318
43.266627,10.5946036
43.2650522,10.5958711
43.2423442,10.5576263
43.2694124,10.5958324
43.2667031,10.6119242
43.2652415,10.5946235
43.2457457,10.579309
43.2617726,10.5802576
43.2658511,10.5945891
43.2658479,10.5943045
43.2180796,10.8153065
43.2178306,10.8133483
43.2306138,10.8076984
43.2268392,10.8127648
43.2216183,10.820631
43.2180924,10.8150569
43.2178603,10.8129089
43.2176174,10.8122434
43.2183614,10.8153052
43.2169443,10.8106596
43.2182895,10.8129048
43.2157949,10.816732
43.2174966,10.8119884
43.2203727,10.8189288
43.2192312,10.8161665
43.2200131,10.8162056
43.2175648,10.8139178
43.2039401,10.7941257
43.2049627,10.7946226
43.1933073,10.7733701
43.2009609,10.7383175
43.1779597,10.7118362
43.1776644,10.7135398
43.1980775,10.7378523
43.1774248,10.715092
43.1988195,10.7378845
43.198016,10.7367996
43.1973218,10.7370919
43.197397,10.7379127
43.1990065,10.7378287
43.2005408,10.7384336
43.1794848,10.7117546
43.1793203,10.7115439
43.1581334,10.6092071
43.1605606,10.6149984
43.1586329,10.6092243
43.1577976,10.6094751
43.1574352,10.6087164
43.1602292,10.6152141
43.1570942,10.6097232
43.1587757,10.6102924
43.1588234,10.6083609
43.1596873,10.610923
43.1550035,10.6108928
43.0786608,10.6778039
43.3947344,10.4500686
43.3956385,10.4498693
43.3931167,10.4476546
43.3946049,10.4465489
43.3947146,10.4468055
43.3935758,10.4492637
43.3937374,10.447191
43.3936385,10.4469271
43.3917763,10.4554523
43.3939219,10.4538609
43.3923609,10.4550107
43.393273,10.4536195
43.393309,10.4534899
43.3927481,10.4552591
43.3930237,10.455429
43.3893849,10.4579789
43.388622,10.4576415
43.3903743,10.4555404
43.3901685,10.4563318
43.3885975,10.4550049
43.3892934,10.4548691
43.3883334,10.4564579
43.3889772,10.4566188
43.3881621,10.4577719
43.3885783,10.4565683
43.3911496,10.4486975
43.3911987,10.4498183
43.3938549,10.447491
43.393793,10.4484218
43.3934668,10.4489049
43.3494309,10.4650727
43.3492607,10.4660248
43.3494145,10.4659398
43.1280141,10.6437569
43.1291817,10.6435312
43.1291514,10.6432926
43.1289377,10.6436779
43.1295245,10.6436524
43.1275924,10.6440139
43.1263322,10.6440398
43.125237,10.6421469
43.1312094,10.6453121
43.3949857,10.4490774
43.3950953,10.4499816
43.0771531,10.6708373
43.0943845,10.6595733
43.0726365,10.6751945
43.07464,10.6740789
43.0939848,10.6618081
43.0642634,10.6661581
43.0944935,10.6603093
43.0603598,10.6821039
43.0953541,10.6616412
43.0946747,10.6593979
43.062472,10.6713144
43.093607,10.659002
43.0778073,10.6763831
43.074119,10.675292
43.0742501,10.6752157
43.0952004,10.6608943
43.0738692,10.6745
43.0945311,10.6602031
43.0929566,10.6631395
43.0768276,10.67221
43.0956146,10.6613998
43.0943265,10.6599809
43.0683252,10.6619962
43.0643611,10.6662751
43.1680183,10.5889839
43.1610072,10.5785454
43.1793372,10.5672318
43.1645286,10.5993126
43.1643767,10.5992017
43.1615462,10.5863812
43.0805705,10.555829
43.0812017,10.5508037
43.15995,10.5975473
43.1625947,10.6016023
43.080608,10.5598809
43.164213,10.5994096
43.1645698,10.5996114
43.1645724,10.5989468
43.1567698,10.5920793
43.1626468,10.60135
43.1622546,10.6017158
43.1620062,10.5872018
43.1644206,10.5994224
43.162798,10.6017496
43.1576303,10.5943421
43.4119784,10.4114073
43.4106641,10.4113891
43.411994,10.4105865
43.4116205,10.4100109
43.410866,10.4120246
43.4114074,10.4125069
43.4098488,10.4109726
43.4095067,10.4123359
43.4077698,10.4135611
43.4083168,10.4140237
43.4082071,10.4176045
43.4082771,10.4152655
43.407799,10.4158172
43.4077892,10.4167529
43.4082836,10.4149749
43.4082249,10.4170589
43.4087658,10.4173324
43.4075455,10.411456
43.4118208,10.4155644
43.4102434,10.414669
43.4131953,10.4172374
43.4162496,10.4203547
43.416337,10.4207456
43.4141643,10.4181897
43.4145601,10.4208969
43.4149629,10.4214348
43.4125689,10.4212671
43.4138333,10.4219021
43.4028152,10.4209511
43.4030871,10.4205563
43.4029059,10.4203498
43.4034944,10.419143
43.402557,10.4202908
43.4020153,10.4209184
43.4012456,10.4219565
43.4006707,10.4226456
43.4013925,10.423598
43.3810372,10.4401398
43.4004665,10.4236853
43.4016249,10.4237525
43.3999535,10.4254755
43.3981382,10.4281018
43.3991409,10.4275166
43.3987028,10.4273567
43.3958868,10.4274326
43.4363204,10.7241731
43.4350813,10.7221825
43.3898032,10.7352005
43.3914999,10.7408504
43.4356344,10.719924
43.4009758,10.4253997
43.4014145,10.4258108
43.4016706,10.4260205
43.4017176,10.4253313
43.4020111,10.4240428
43.4018974,10.4249148
43.4022664,10.4243974
43.4023768,10.4245421
43.4025625,10.4247942
43.4045101,10.418192
43.4046033,10.4198662
43.4048173,10.4197367
43.4048873,10.4217207
43.4049262,10.4218846
43.4049472,10.41816
43.4050059,10.4273979
43.4050507,10.4267626
43.4052007,10.4217712
43.4055532,10.4211871
43.4056232,10.4226065
43.4057322,10.4222261
43.4060118,10.422579
43.4060337,10.4236897
43.4063899,10.4207826
43.4064627,10.411044
43.406481,10.4222617
43.4065027,10.4225527
43.4065588,10.4235369
43.4068589,10.4152412
43.4069616,10.4222266
43.4070541,10.4240307
43.4072442,10.4222108
43.4072806,10.4229617
43.4074307,10.4221978
43.4074822,10.4240767
43.4074855,10.4125978
43.41612,10.5723392
43.4160584,10.5722651
43.4159448,10.5726602
43.3433747,10.5826954
43.34956,10.6046413
43.3501659,10.6034864
43.3459978,10.5940552
43.3424297,10.5792339
43.3422998,10.5790519
43.343427,10.5824306
43.3437234,10.5828026
43.3431244,10.5830278
43.3424809,10.585972
43.3430373,10.5832954
43.3420781,10.5787299
43.3426185,10.5789259
43.339685,10.5822609
43.3480458,10.6635509
43.4293707,10.6565924
43.4097924,10.6314974
43.3503084,10.6631432
43.3501952,10.66339
43.4091882,10.8496213
43.4033967,10.8521918
43.4025609,10.8535856
43.4305817,10.84362
43.4301718,10.8601765
43.409044,10.8515766
43.4097722,10.8472897
43.4028875,10.8518366
43.4088901,10.8488005
43.4096437,10.8510165
43.4187181,10.8526641
43.4096967,10.8487576
43.4341639,10.8518274
43.4030643,10.8524674
43.449427,10.7722796
43.4040136,10.4224286
43.4043576,10.4218962
43.4039254,10.4224744
43.3998288,10.4277017
43.3993307,10.4275964
43.3996846,10.427935
43.3997976,10.427986
43.3985777,10.4291326
43.4481499,10.5647462
43.3977356,10.4297624
43.3975505,10.4312449
43.3967441,10.430841
43.3969335,10.4313725
43.396984,10.4311818
43.3966743,10.4316098
43.3967803,10.4309455
43.3964716,10.4317037
43.3964216,10.4316211
43.3965608,10.4315411
43.3964256,10.432013
43.4104677,10.4248909
43.4101197,10.4248934
43.4109946,10.4240852
43.4108055,10.4245501
43.4108212,10.4240659
43.4109322,10.4231151
43.4094789,10.4230184
43.4077625,10.4212531
43.4077893,10.4196391
43.4060257,10.4231658
43.4058621,10.4243758
43.4057943,10.4237755
43.4067609,10.4276248
43.2595285,10.9572854
43.3660754,10.5068621
43.3661255,10.5071281
43.3661646,10.5074156
43.3663637,10.5071106
43.36639,10.5073183
43.3665862,10.5072092
43.4040449,10.4240291
43.2257935,10.8865459
43.2294629,10.8867511
43.233073,10.8880652
43.2977803,10.8759966
43.2978519,10.8757806
43.2910506,10.5597559
43.292084,10.563491
43.302061,10.5584082
43.3010824,10.5631572
43.3032865,10.5530792
43.2979866,10.5241967
43.308055,10.516595
43.3082239,10.5174608
43.3083488,10.5181699
43.310074,10.5172661
43.3102665,10.5179301
43.3134741,10.5157379
43.1601769,10.5637353
43.1709603,10.5669217
43.4005986,10.4269936
43.4002056,10.4278657
43.2993698,10.4937572
43.2994655,10.4937722
43.3005931,10.4919798
43.300725,10.4930273
43.3011127,10.4933638
43.3015165,10.4928484
43.3018293,10.493388
43.3110883,10.5159585
43.3120551,10.5160763
43.3601643,10.8122611
43.398231,10.8645569
43.3983472,10.8635064
43.3983489,10.8723295
43.3984189,10.86458
43.3984761,10.8624567
43.3984764,10.8640208
43.3985681,10.863354
43.3985953,10.8630156
43.3986633,10.8652704
43.3987181,10.8646168
43.398813,10.8735683
43.398946,10.862322
43.3992005,10.8681368
43.3992187,10.8641474
43.3994369,10.8687273
43.4024463,10.8534465
43.4033402,10.8649643
43.4035597,10.8633039
43.4037017,10.8631554
43.405496,10.8543061
43.4059294,10.8527594
43.405954,10.8538115
43.4063921,10.8533049
43.406433,10.8538936
43.4076199,10.8526307
43.4079941,10.8529459
43.4080518,10.8525631
43.4082749,10.8533175
43.3954781,10.8605691
43.395663,10.8615646
43.3961818,10.8611303
43.3963593,10.8609408
43.3966958,10.8611054
43.3974633,10.8619175
43.3976007,10.8647591
43.3974935,10.8618829
43.3980112,10.8659802
43.4074505,10.8537406
43.4086105,10.854839
43.3981692,10.8572221
43.3987762,10.8572098
43.4052307,10.855085
43.4054632,10.855459
43.4057092,10.8566737
43.4060384,10.8549099
43.3623582,10.8142508
43.3639717,10.814008
43.3642732,10.8118301
43.3646373,10.8122754
43.4100803,10.8512738
43.4111175,10.8506269
43.3079888,10.50568
43.3933542,10.4533594
43.3960776,10.4524181
43.3961282,10.4524828
43.3961423,10.4522508
43.3961852,10.4522551
43.3962439,10.4523898
43.3963083,10.4525057
43.4012748,10.4709553
43.4020969,10.4707444
43.4086617,10.4139913
43.3959557,10.8378149
43.3968521,10.8374122
43.3984332,10.8489407
43.400038,10.8343703
43.4004767,10.8489481
43.4010946,10.8468105
43.401176,10.8472328
43.4012683,10.8477117
43.4015352,10.8470792
43.4022367,10.8460057
43.3962878,10.8357799
43.3969578,10.8374861
43.3983006,10.8357607
43.1658721,10.8648531
43.1671124,10.8647355
43.1672263,10.8649068
43.1673282,10.864954
43.1673522,10.8648051
43.1674396,10.8648303
43.1674805,10.8645827
43.1675017,10.8647046
43.1676681,10.8651474
43.1677457,10.8651784
43.1678077,10.8651145
43.1678255,10.8647855
43.1678973,10.865387
43.1681393,10.8652241
43.1681589,10.8656386
43.1683908,10.8651219
43.1689485,10.8568417
43.1689617,10.8661566
43.2137287,10.8990759
43.2139828,10.8980633
43.2149015,10.8994789
43.2149104,10.9010429
43.2071158,10.9078781
43.2072583,10.9060438
43.2073936,10.907161
43.2074541,10.9070476
43.2076309,10.9073625
43.2076383,10.9081801
43.2076756,10.9072162
43.2077522,10.9070544
43.2077787,10.9084036
43.2077793,10.9069366
43.2078218,10.9081025
43.2078624,10.9079246
43.2079057,10.9065527
43.2079288,10.9060633
43.2079113,10.9083001
43.2079283,10.9080938
43.207946,10.9063863
43.2079435,10.9071569
43.2079716,10.9070463
43.208083,10.9081738
43.2079971,10.907888
43.2080114,10.9072477
43.2080402,10.9067767
43.2080427,10.9063897
43.2080441,10.9085936
43.2080825,10.9072999
43.2081394,10.9079202
43.2082153,10.9068949
43.2082342,10.9072797
43.2082775,10.9072816
43.208303,10.9078852
43.2083055,10.9070552
43.2083127,10.9077399
43.2094505,10.9029315
43.2094492,10.9014032
43.2118096,10.905071
43.2121042,10.9064111
43.2958755,10.8686884
43.2964306,10.8773133
43.2975635,10.8757098
43.2989245,10.8729447
43.2990572,10.8731008
43.2998724,10.873205
43.3009436,10.86762
43.3017126,10.8691904
43.3017144,10.8722448
43.3017279,10.8680985
43.3030041,10.8684708
43.3033204,10.8690236
43.1915606,10.8452009
43.1918955,10.8454299
43.192441,10.8465963
43.3926091,10.7498227
43.4321745,10.7240292
43.4352751,10.7216844
43.4357521,10.7237741
43.43575,10.7236078
43.4368,10.7264903
43.4386501,10.7259155
43.176187,10.5929293
43.1767711,10.5960102
43.180291,10.5919653
43.3508275,10.6264832
43.2076883,10.9069602
43.2079113,10.906847
43.207966,10.9067121
43.2080527,10.9058116
43.2081512,10.9068552
43.2809232,10.8079544
43.2817359,10.8082535
43.281755,10.8079341
43.2817634,10.8078367
43.2817787,10.8074053
43.2818824,10.8074543
43.4085429,10.8747588
43.4095603,10.8675535
43.078137,10.557134
43.0803702,10.5573503
43.0804211,10.5555804
43.0809634,10.5535638
43.0815651,10.5536425
43.0837985,10.5527064
43.0846408,10.5496055
43.1718098,10.5837977
43.1778651,10.5782926
43.163308,10.6100081
43.1639003,10.6097413
43.1640544,10.6101037
43.2471939,10.8784582
43.2468038,10.881132
43.2474558,10.883171
43.2476654,10.8827988
43.2483238,10.882281
43.2484495,10.8833054
43.2486091,10.8826303
43.2488724,10.8823344
43.2478646,10.8781437
43.2479539,10.880049
43.2481314,10.8812159
43.2483081,10.8813337
43.2485393,10.8814447
43.2475222,10.8802164
43.2476402,10.8809688
43.2479012,10.8808363
43.2501902,10.879415
43.2506102,10.8800137
43.2648805,10.9572341
43.2650145,10.9571971
43.2650942,10.9570014
43.2651584,10.9577803
43.2661412,10.9582931
43.2372396,10.8890697
43.2376508,10.887821
43.2379482,10.8878202
43.2382779,10.8932005
43.2394607,10.8897914
43.2306935,10.8860789
43.2390459,10.8869763
43.2401025,10.8880518
43.2405077,10.8901832
43.2406327,10.8872393
43.2414118,10.8879794
43.2108844,10.9006984
43.2123708,10.9028541
43.2124968,10.9037679
43.2130833,10.9049117
43.2623269,10.9279405
43.2625127,10.9268849
43.2625079,10.9273687
43.2626271,10.9270148
43.2628988,10.9268696
43.2628877,10.9272285
43.2629722,10.9270126
43.2631116,10.9271828
43.2631142,10.9270774
43.2632249,10.9272185
43.263345,10.9271845
43.166839,10.5659516
43.1672423,10.5665222
43.1676813,10.5643929
43.3136249,10.5281441
43.3142209,10.5172157
43.3031254,10.5235487
43.3056113,10.5210284
43.3172253,10.5196184
43.3133277,10.5221685
43.3175188,10.5340677
43.3136351,10.5282624
43.3133765,10.5220615
43.3132504,10.5263552
43.3148204,10.516217
43.3134542,10.5220541
43.3059432,10.5172706
43.3057535,10.5263206
43.3099024,10.5188977
43.3040641,10.5223369
43.3039171,10.5217311
43.3061062,10.5177828
43.3152337,10.517662
43.3125104,10.5262243
43.3117312,10.514887
43.3169336,10.5211903
43.3131694,10.521494
43.3039863,10.5266884
43.3063319,10.5184958
43.3175088,10.5334077
43.3138401,10.5161281
43.3163228,10.5347122
43.3046099,10.5220415
43.3127075,10.5268895
43.3157231,10.5185017
43.3145193,10.5170409
43.3178233,10.5193274
43.3122349,10.5252359
43.3093578,10.5191791
43.3141341,10.5158409
43.3050899,10.5212601
43.3105803,10.5279656
43.303429,10.5226807
43.3036069,10.523285
43.3054365,10.5204931
43.3056328,10.5259475
43.3148253,10.5179921
43.3086919,10.5195136
43.3058421,10.5271464
43.3109043,10.5153337
43.3122537,10.5289477
43.3067862,10.5197913
43.3107607,10.5148433
43.317352,10.5337311
43.3110042,10.5295912
43.3120184,10.52212
43.3172604,10.5335086
43.2480047,10.8812909
43.2482792,10.8794764
43.2128139,10.906456
43.3993157,10.4403095
43.4030711,10.4309698
43.4011033,10.4356491
43.4047085,10.4247492
43.369997,10.4500883
43.3871697,10.4376342
43.3873744,10.4382571
43.3876399,10.4387494
43.3958078,10.4293255
43.3958225,10.4290853
43.3519985,10.4526158
43.3530351,10.4522089
43.353219,10.4530089
43.3533687,10.453421
43.353777,10.4532433
43.354606,10.4546166
43.3566528,10.449407
43.3577557,10.451084
43.3576736,10.453105
43.3577006,10.4535996
43.3578816,10.4518123
43.3584347,10.4521924
43.3585492,10.452775
43.3585762,10.4509805
43.3586209,10.4517095
43.3586467,10.4532617
43.3586835,10.4539034
43.3620066,10.4617052
43.3563211,10.4540813
43.3564381,10.4547063
43.3566331,10.4546499
43.356666,10.454862
43.3567765,10.4539123
43.3568116,10.4545788
43.3883468,10.4344827
43.3811966,10.4383353
43.4078889,10.8508823
43.4083288,10.8513008
43.3991995,10.4381469
43.2784297,10.6127192
43.2954083,10.6158221
43.2955618,10.6135855
43.2956567,10.6155259
43.2961619,10.6137182
43.3467632,10.58507
43.3113385,10.4868036
43.2691296,10.5986218
43.2719461,10.5930441
43.2722522,10.5932395
43.3499108,10.4632533
43.3550544,10.4555436
43.355149,10.4552963
43.3551905,10.4554699
43.3288629,10.5068363
43.3313494,10.506471
43.3314776,10.5243479
43.3317314,10.5239911
43.3317938,10.5066677
43.3319221,10.5063975
43.3399718,10.5052238
43.3400924,10.5054054
43.3401992,10.5052077
43.354555,10.5070324
43.3546895,10.5072482
43.3547981,10.5071222
43.3751725,10.4954901
43.3753615,10.4956103
43.296783,10.4975121
43.2971964,10.498774
43.2968675,10.4994377
43.2969333,10.4993004
43.2987515,10.4982195
43.2979122,10.4973278
43.1829628,10.5495836
43.1830508,10.5523881
43.1837267,10.5513676
43.1842595,10.548666
43.1843389,10.5488588
43.1862664,10.5475318
43.1840062,10.551789
43.3539422,10.464087
43.3539861,10.4642559
43.3540126,10.4640501
43.3540757,10.4641716
43.3553707,10.4632664
43.3555803,10.4629424
43.1650356,10.5646315
43.1653975,10.5660425
43.1654374,10.5656677
43.1655362,10.5647578
43.1659208,10.5648534
43.3095873,10.5226979
43.3143109,10.5150169
43.3124563,10.5236452
43.3143316,10.5148597
43.3502083,10.457332
43.3525003,10.4724812
43.3558697,10.4707924
43.1029067,10.5397002
43.10397,10.539814
43.1040867,10.5397877
43.1048497,10.5412917
43.1049754,10.5409191
43.1052814,10.5432395
43.1059153,10.5463341
43.1083373,10.5419682
43.1624206,10.6016279
43.0935906,10.5423625
43.0936077,10.5422879
43.0936765,10.5424674
43.0936847,10.5422464
43.0937383,10.5424201
43.0937438,10.542305
43.0950487,10.5415511
43.0963775,10.5406827
43.0973465,10.5404668
43.0973616,10.5403267
43.0974593,10.5402745
43.0975218,10.5405068
43.0976855,10.5407072
43.0981609,10.5421873
43.1032979,10.5387663
43.1033857,10.5386375
43.103402,10.5384856
43.1035188,10.5386225
43.1036519,10.5387774
43.0962548,10.5880719
43.0977502,10.5879619
43.0991183,10.5896241
43.0991462,10.5896153
43.0997335,10.588665
43.0996092,10.5909285
43.1069514,10.548802
43.3300785,10.5025858
43.3302591,10.5044449
43.3283778,10.5074378
43.3344124,10.5250072
43.3425554,10.5795346
43.3426974,10.5784515
43.3430996,10.582527
43.3431271,10.5826416
43.3290334,10.6703235
43.3290528,10.6705423
43.3291289,10.6706186
43.3291626,10.669865
43.3292819,10.6702371
43.3293136,10.6705359
43.3362784,10.6527916
43.3363699,10.6529774
43.3366944,10.6523119
43.3449788,10.7553576
43.3451163,10.7551915
43.3452226,10.7556184
43.3925246,10.8958262
43.3925515,10.8957645
43.3926472,10.8958529
43.4066531,10.490948
43.4068631,10.4907864
43.4069099,10.4904683
43.406938,10.4907993
43.4071642,10.4911879
43.3033058,10.5222231
43.3077936,10.5288336
43.3079458,10.5292763
43.3123862,10.5234004
43.3130775,10.5230329
43.306781,10.536948
43.307371,10.5390784
43.3083961,10.5360871
43.3089891,10.5382354
43.3095569,10.5354846
43.3095968,10.5353511
43.3096575,10.5355544
43.3099883,10.5376037
43.4062428,10.8596275
43.3957644,10.4693353
43.3957663,10.4690085
43.4027253,10.4380186
43.4116163,10.5033289
43.4239345,10.5710791
43.4249102,10.5700492
43.4324058,10.5658608
43.4326723,10.566081
43.4329548,10.5660803
43.3634297,10.5980951
43.3636226,10.598794
43.3639478,10.6011006
43.3643244,10.5984819
43.3721917,10.6023106
43.3729595,10.6031598
43.3729805,10.603287
43.3237112,10.6309391
43.3242984,10.629546
43.3243455,10.6288266
43.3244848,10.6282813
43.3246564,10.6285515
43.3249689,10.6307567
43.3252327,10.6245137
43.3252681,10.6302672
43.3258685,10.6258465
43.3261623,10.6285175
43.3263162,10.6233549
43.3263628,10.6233996
43.3269353,10.6203295
43.3270496,10.6202501
43.3270517,10.6204238
43.3270746,10.6206402
43.3271818,10.6204404
43.327415,10.6199506
43.3281688,10.616486
43.2947665,10.6175586
43.2954984,10.6162232
43.2980691,10.6169816
43.2921606,10.6139073
43.2943307,10.6163476
43.3014942,10.629108
43.3015368,10.6180004
43.3017774,10.6195722
43.3034227,10.6262278
43.2888231,10.613243
43.2889957,10.6132423
43.2890457,10.613088
43.2891375,10.6131989
43.269922,10.5997814
43.2700015,10.5944461
43.2701451,10.5990679
43.2706726,10.593918
43.2709742,10.5922744
43.2709801,10.5931464
43.2713201,10.5914805
43.3942815,10.4687917
43.3944132,10.469105
43.4028808,10.4725089
43.4038254,10.4724987
43.4129459,10.5427551
43.3112378,10.6294239
43.3109381,10.6294334
43.311115,10.629259
43.3144409,10.6409306
43.3191195,10.6250558
43.3158052,10.6279341
43.3113949,10.6296308
43.3159117,10.6272517
43.3154307,10.6253236
43.3147134,10.6297107
43.3159165,10.6274485
43.3159809,10.6273948
43.3056795,10.6298545
43.3058398,10.6302136
43.3059718,10.63001
43.3160214,10.6276821
43.1717555,10.5753545
43.1718362,10.5756204
43.1717443,10.5755084
43.1718467,10.5752714
43.1719947,10.5754727
43.1766136,10.5386687
43.1605687,10.6081999
43.1617935,10.6066165
43.3776073,10.5997921
43.111601,10.6556216
43.1481184,10.6880365
43.3180224,10.6243603
43.317999,10.62465
43.318725,10.6244568
43.3171404,10.625283
43.3175496,10.6267888
43.4127446,10.5749484
43.4089132,10.5776318
43.4129437,10.5766096
43.4124104,10.5749787
43.4109507,10.5765403
43.4116278,10.5756415
43.4081663,10.5776838
43.4093276,10.5806664
43.0926202,10.5440059
43.1002907,10.5491593
43.1011105,10.5502812
43.0909943,10.5464826
43.1006483,10.550528
43.0904849,10.5468435
43.099865,10.549549
43.0922444,10.5441824
43.0997239,10.5510966
43.0993796,10.5498564
43.1002018,10.5508177
43.1012247,10.5485811
43.1007718,10.5488615
43.1010543,10.5486866
43.0745422,10.6787108
43.0748788,10.6803922
43.0754776,10.6815246
43.0745333,10.6799802
43.0747854,10.6798807
43.0771541,10.6786761
43.0764842,10.6781339
43.0802436,10.6788146
43.0800928,10.6776997
43.1470558,10.5729621
43.3973523,10.4448823
43.396395,10.4435652
43.3943037,10.4453714
43.3958833,10.443998
43.3734352,10.4640324
43.4336903,10.4564388
43.4435734,10.448365
43.3264504,10.625447
43.3577011,10.5818656
43.3293566,10.6244015
43.3362385,10.619682
43.2030145,10.6151638
43.2014926,10.613274
43.1716815,10.5750861
43.1719476,10.5753086
43.1789547,10.5672877
43.1793564,10.5677809
43.1797394,10.567199
43.4425433,10.4526243
43.4427725,10.4499541
43.4040354,10.4745326
43.4043315,10.474516
43.4062429,10.473579
43.264799,10.5943843
43.2648459,10.5946806
43.2649516,10.5943826
43.1549261,10.555804
43.396149,10.4473001
43.3960718,10.4483126
43.3957916,10.4475808
43.4028625,10.4343308
43.4031688,10.4331209
43.4026256,10.4329356
43.1482554,10.6732257
43.1511729,10.6787267
43.1762549,10.7137528
43.1739113,10.7153
43.4047481,10.435126
43.4033037,10.4349815
43.4046509,10.4355525
43.4033923,10.434571
43.4032438,10.4350295
43.4038131,10.4400684
43.4020222,10.4403608
43.1598412,10.6133768
43.1615201,10.6209228
43.1541314,10.6758283
43.3853098,10.4622066
43.3855098,10.4613786
43.3855854,10.4618577
43.3856591,10.4613736
43.3856622,10.4611185
43.3879745,10.4562908
43.103461,10.5415788
43.3851965,10.4664255
43.3869343,10.468144
43.3884081,10.4674716
43.4011909,10.4479317
43.4012867,10.4467366
43.4012086,10.4477048
43.401403,10.4477294
43.211854,10.8630363
43.1624303,10.6017602
43.2649155,10.5942885
43.2661605,10.5409361
43.2662604,10.5413144
43.2690796,10.5956418
43.271708,10.5669947
43.2718416,10.5672371
43.2718489,10.5673787
43.2950452,10.5259446
43.2954654,10.5258858
43.2954761,10.5257346
43.2955246,10.5259311
43.2955338,10.5257054
43.2956099,10.5258523
43.295613,10.5258039
43.2957277,10.5261864
43.2957307,10.5255889
43.296994,10.5249323
43.2977873,10.523826
43.2979182,10.5244384
43.2982467,10.5242754
43.3012241,10.5456724
43.3075207,10.5401367
43.3075608,10.5398077
43.3076214,10.539767
43.3078468,10.5398401
43.3920879,10.4544206
43.3939021,10.4522597
43.3978457,10.4295926
43.3108675,10.5160764
43.3960327,10.4314421
43.3987208,10.442132
43.4007592,10.4361463
43.400776,10.4356969
43.4048183,10.4461683
43.4048379,10.4462119
43.0809584,10.5509642
43.0811153,10.5535567
43.0811282,10.5534178
43.0812136,10.5511189
43.0812731,10.5510841
43.0814861,10.5506074
43.4026283,10.4242159
43.4027627,10.4240465
43.1625901,10.7963727
43.1928053,10.8461697
43.4433528,10.4498017
43.4434922,10.4496552
43.4460369,10.448791
43.0862939,10.7006431
43.0771004,10.6890775
43.0854843,10.7049718
43.09148,10.6960698
43.4065406,10.4750273
43.4203192,10.8137923
43.4058778,10.8131691
43.221135,10.7040737
43.22455,10.7126676
43.1941995,10.7337279
43.1598744,10.60908
43.4336054,10.5652869
43.4335595,10.5645343
43.4392139,10.5669422
43.4267358,10.5726481
43.4318706,10.5633955
43.4123734,10.5772204
43.4124966,10.5783555
43.4125856,10.5767937
43.4076178,10.5785141
43.4072924,10.5796514
43.2639017,10.9563624
43.2634303,10.9567352
43.264862,10.9578786
43.2652862,10.9573595
43.2650403,10.9576574
43.2625719,10.9649179
43.2648102,10.9607886
43.2663038,10.9616977
43.1939592,10.8475966
43.1716797,10.8591757
43.1711714,10.8594919
43.1711634,10.8594977
43.1656693,10.866279
43.1674824,10.8650536
43.1673954,10.8650681
43.1662358,10.8653255
43.1706487,10.8623564
43.3993202,10.453031
43.4042098,10.4338331
43.1667785,10.5692337
43.3994675,10.4527029
43.2334345,10.5346664
43.3032449,10.517479
43.3034976,10.5183577
43.084819,10.5502061
43.0857708,10.5495491
43.0859492,10.5502067
43.0863266,10.5500268
43.0865219,10.5507272
43.0915895,10.5434953
43.0904525,10.5441676
43.0871549,10.5375175
43.0824391,10.5513308
43.0826141,10.5512779
43.0812159,10.5516876
43.104223,10.5395768
43.0924375,10.545504
43.091136,10.5449186
43.0909453,10.5404695
43.0910901,10.5414424
43.0830466,10.5374934
43.0831087,10.5368517
43.0843714,10.5376869
43.0844101,10.5371091
43.0851048,10.5377986
43.0851517,10.5372198
43.0857243,10.5378821
43.0857621,10.5374027
43.0875388,10.5389845
43.099278,10.5513819
43.0993487,10.5514276
43.0997824,10.5546269
43.0997992,10.5543224
43.0998419,10.5520077
43.0998579,10.5514079
43.1001531,10.5544287
43.1006649,10.5508798
43.102059,10.5498458
43.4116479,10.8519331
43.2978582,10.4995957
43.2974345,10.4990419
43.2977192,10.4986432
43.2979671,10.4956758
43.2991943,10.4969223
43.2993363,10.4967118
43.299655,10.4977327
43.2990931,10.4972314
43.2989131,10.4984781
43.2992524,10.4981281
43.2999273,10.4986573
43.2999576,10.4974235
43.3001354,10.4977832
43.3009229,10.4992841
43.3013647,10.4988747
43.3012183,10.4990039
43.3020638,10.5007145
43.3008467,10.4993564
43.3016607,10.5010876
43.3021907,10.4981007
43.3030598,10.4998831
43.3026356,10.4976618
43.3035279,10.4994679
43.3032414,10.4953727
43.3029691,10.4947747
43.3021579,10.4957579
43.3007395,10.4944384
43.301405,10.4958166
43.2976445,10.4960488
43.2990757,10.497295
43.2921681,10.5062548
43.292232,10.5063527
43.2922546,10.5062211
43.2950332,10.5015839
43.2956674,10.5028066
43.2959187,10.5026273
43.2959638,10.5011651
43.2987157,10.4984073
43.2987508,10.4986268
43.2988901,10.5009408
43.3346552,10.7461829
43.3346558,10.745837
43.3346945,10.7443898
43.3347503,10.7415062
43.3360119,10.7454604
43.3375517,10.7466502
43.3341459,10.7434084
43.3346571,10.7457962
43.3347127,10.7434352
43.334804,10.7461741
43.3350777,10.7467493
43.3352168,10.7458771
43.3352471,10.7453113
43.3353036,10.7471644
43.3354086,10.7457535
43.335588,10.7475741
43.3356113,10.7462271
43.3358217,10.7465913
43.3359308,10.7479061
43.3360496,10.7469153
43.3363105,10.747234
43.3363511,10.7480875
43.33663,10.747566
43.3315942,10.7371774
43.3320009,10.7375309
43.2871035,10.7848476
43.2871224,10.7846299
43.2877837,10.7872386
43.3353413,10.7464913
43.3351018,10.7459538
43.3347214,10.7430378
43.2956312,10.5028131
43.2955617,10.5029909
43.2958956,10.5228361
43.0769467,10.6778113
43.0772055,10.677689
43.3061717,10.5017826
43.3469281,10.5630487
43.3200894,10.4995849
43.3199559,10.4997162
43.3196229,10.5000438
43.3203173,10.4986779
43.320815,10.4996032
43.3193703,10.499575
43.3205583,10.4991236
43.31954,10.5008587
43.3197711,10.5013244
43.3192881,10.5003732
43.3034963,10.5192029
43.3036827,10.5198228
43.3026161,10.5197333
43.303933,10.5207752
43.3000569,10.6203567
43.3101159,10.5152485
43.310414,10.5163185
43.3104629,10.5166653
43.3099699,10.5169209
43.4032796,10.4350933
43.4408821,10.4505778
43.4434291,10.4497174
43.4436502,10.4500948
43.3134398,10.5335078
43.3138438,10.5333183
43.3139424,10.5330583
43.3139754,10.5333982
43.4094302,10.5779468
43.4098885,10.5778636
43.3914805,10.4284897
43.2692655,10.5934506
43.2761191,10.6011561
43.2644876,10.5824625
43.2696984,10.5941677
43.2688315,10.5998966
43.2698029,10.5969116
43.2699019,10.592118
43.271687,10.5938969
43.2703683,10.5933438
43.2752897,10.5769767
43.2699045,10.5974766
43.2700173,10.5975636
43.2693557,10.5980737
43.3641321,10.5979091
43.3679067,10.6015192
43.367253,10.6010402
43.3659097,10.601989
43.3678957,10.6018217
43.365886,10.6008173
43.3648356,10.6002616
43.3676347,10.6013086
43.3675343,10.6015822
43.3500595,10.6636001
43.3363979,10.7441853
43.3310924,10.7109059
43.336353,10.7453744
43.3506259,10.6630378
43.3366637,10.7429738
43.3602914,10.8088319
43.3309921,10.710738
43.3471385,10.6274824
43.3361351,10.7440565
43.3502573,10.6637552
43.3593503,10.8048127
43.3503485,10.6635775
43.3360858,10.7429086
43.3358931,10.7439069
43.3363593,10.7429684
43.3308897,10.7105642
43.3511018,10.6647544
43.3555792,10.4632446
43.3722154,10.4580969
43.3553114,10.4630459
43.3741338,10.4597998
43.3705423,10.4551727
43.3707019,10.4552423
43.3705697,10.4548463
43.3708246,10.4550093
43.3707533,10.4552113
43.3732243,10.4636948
43.3707333,10.4548264
43.3638247,10.8127765
43.3612837,10.8121783
43.4026012,10.7752958
43.4026176,10.7755025
43.4027852,10.7753795
43.402913,10.7878968
43.4026504,10.7749248
43.402496,10.7753387
43.4392421,10.4513361
43.43914,10.4511812
43.4161603,10.4807004
43.4165466,10.4796194
43.3989114,10.8867885
43.3999318,10.8893948
43.4003685,10.8870659
43.3968986,10.4288708
43.397304,10.4297521
43.3143969,10.5885227
43.3160652,10.5883483
43.3683227,10.9045703
43.3682388,10.9049216
43.3675201,10.9040775
43.3708262,10.907864
43.3677032,10.9043092
43.3699376,10.9073005
43.2065559,10.9046037
43.2136065,10.9002772
43.2062901,10.9054181
43.2095353,10.8994163
43.1859244,10.8027968
43.1839557,10.8032365
43.2030848,10.7401013
43.1849589,10.8035282
43.1769972,10.7152404
43.1776593,10.7139494
43.1764233,10.7144627
43.1764035,10.7151626
43.1605304,10.6100492
43.1599557,10.6106747
43.1595515,10.607753
43.1606654,10.6103345
43.161555,10.6108912
43.1605056,10.6111153
43.1601391,10.6104172
43.161449,10.6110123
43.1601534,10.6101133
43.161404,10.6103641
43.1613189,10.6105636
43.1614718,10.6109502
43.1605042,10.6111361
43.1620238,10.6110354
43.2207064,10.6101708
43.3089359,10.5123467
43.3091501,10.5121509
43.3080406,10.5116014
43.3107764,10.5117346
43.3109941,10.5128091
43.3085702,10.512678
43.3078219,10.5352464
43.3073298,10.5366555
43.3059829,10.5049217
43.307306,10.5076675
43.3074918,10.5070896
43.3047357,10.5033893
43.3081987,10.50614
43.3084734,10.5384974
43.3078895,10.5363572
43.3076199,10.5353497
43.3062901,10.5066393
43.3088042,10.5132501
43.3057627,10.5024315
43.3102457,10.5133368
43.3056274,10.5052417
43.308115,10.5350979
43.3082802,10.5053652
43.3066555,10.5063024
43.3090047,10.5357627
43.3079197,10.5387892
43.3069886,10.5060005
43.3071011,10.5083047
43.311087,10.5087883
43.3096029,10.5379239
43.3051978,10.4996683
43.308428,10.5112658
43.4069028,10.4731106
43.405033,10.4748984
43.4053513,10.4728975
43.405618,10.4727153
43.405843,10.4735506
43.4056692,10.4729698
43.4040587,10.4751559
43.4062373,10.4742976
43.4041436,10.4754391
43.4060553,10.4738038
43.4042126,10.4735787
43.4032236,10.4732266
43.406627,10.4725863
43.4064722,10.473426
43.4060502,10.473332
43.4056176,10.473332
43.4055046,10.472656
43.4398918,10.4532023
43.4394916,10.4529146
43.4405423,10.4506108
43.2246794,10.7026409
43.4033508,10.8650885
43.3011732,10.4912969
43.2996298,10.4916872
43.1646269,10.6100788
43.1647193,10.6097811
43.4550013,10.4756501
43.2877413,10.5937217
43.411023,10.5770067
43.4112291,10.5750579
43.4125874,10.5762612
43.4120537,10.5753851
43.4120814,10.5756011
43.4121042,10.5754916
43.4121172,10.5752271
43.4059732,10.4738967
43.343022,10.7514565
43.3451975,10.7499346
43.441309,10.4498968
43.4415892,10.4496975
43.4417125,10.4496133
43.4419182,10.4500838
43.4423758,10.4501792
43.4424418,10.4501293
43.4434347,10.4486974
43.4434353,10.4484982
43.3486464,10.4635976
43.3493902,10.464282
43.4040966,10.8799252
43.3928475,10.8950638
43.3930699,10.894441
43.3927576,10.8942379
43.3939232,10.8942593
43.1605575,10.6085689
43.1648247,10.6092182
43.1687936,10.6105224
43.3903965,10.4539803
43.3904848,10.4539706
43.3905127,10.4541414
43.3841918,10.4686559
43.3930309,10.4686334
43.3927564,10.4682716
43.3931186,10.4681559
43.3937939,10.4686062
43.3939578,10.4684857
43.3939942,10.4687038
43.390929,10.4696077
43.3911762,10.469791
43.3908856,10.4699258
43.3907559,10.4696152
43.3904405,10.4700764
43.2338158,10.6191328
43.2338581,10.6191888
43.234062,10.6188567
43.1798028,10.5534775
43.1816997,10.5405877
43.1822237,10.5491721
43.1824972,10.5499108
43.1826095,10.5570546
43.1828342,10.548442
43.1831809,10.5494275
43.1844843,10.5523936
43.184753,10.5506288
43.1851826,10.553165
43.1853199,10.5502906
43.1856041,10.552524
43.1858482,10.5511762
43.1860189,10.5489249
43.1862896,10.5495723
43.1865338,10.5494527
43.187583,10.5495063
43.1881195,10.5502595
43.1638481,10.565843
43.1643349,10.5659375
43.164689,10.5660026
43.1648401,10.5714157
43.1651316,10.5706145
43.1695702,10.570153
43.1696883,10.5695186
43.1696922,10.5670721
43.1697774,10.5690678
43.1701527,10.5665803
43.1708723,10.5668909
43.1697792,10.5683021
43.2994677,10.493606
43.1779706,10.543699
43.1783257,10.5438139
43.1823127,10.5419161
43.1837024,10.5398643
43.1838674,10.5414662
43.1809183,10.540909
43.315303,10.6287088
43.3154477,10.6287541
43.3154478,10.6288008
43.3155208,10.6285822
43.3156304,10.6283021
43.3161145,10.6278808
43.3150271,10.6300809
43.3165622,10.632789
43.31338,10.634634
43.3137437,10.6337713
43.3136588,10.6334652
43.3126443,10.6384414
43.3085812,10.654866
43.3129804,10.6511411
43.3000731,10.639564
43.2990255,10.6455825
43.3003572,10.655767
43.2955754,10.6598181
43.2923885,10.6575042
43.2922341,10.6514727
43.295149,10.6638196
43.2950371,10.6660031
43.4048776,10.4248648
43.4049001,10.4247597
43.4049105,10.4247545
43.404932,10.4248985
43.4139404,10.5761188
43.1649021,10.6008567
43.169512,10.5759825
43.1699408,10.5764926
43.1728189,10.5673172
43.1735208,10.5675725
43.3200544,10.5368251
43.3211977,10.5384033
43.3215639,10.5402006
43.3204172,10.5361439
43.3207687,10.5377926
43.3207713,10.5387289
43.3206524,10.5416249
43.3204031,10.5397862
43.3199753,10.5399997
43.3185301,10.5367805
43.3195172,10.5402591
43.3194446,10.5400751
43.3189376,10.5400542
43.3195787,10.540411
43.3191491,10.5406864
43.3197064,10.5407381
43.3197744,10.5409102
43.3197455,10.5421858
43.3200384,10.5415717
43.3196046,10.5418663
43.3201564,10.5366328
43.3170097,10.5409017
43.312824,10.5414377
43.3144301,10.5424023
43.314848,10.5390993
43.3107722,10.5348749
43.3110314,10.5360763
43.311004,10.5359493
43.310068,10.5352283
43.3156986,10.5452662
43.3136371,10.5447158
43.3060533,10.5342034
43.306388,10.5354656
43.3129953,10.5320255
43.3109721,10.5277697
43.3130426,10.5276913
43.296741,10.6131501
43.2980308,10.6143688
43.2981798,10.6142333
43.2984014,10.614406
43.3001535,10.6202894
43.3002403,10.6204234
43.3002852,10.6202604
43.3004742,10.6204496
43.3107223,10.504324
43.2859777,10.5668159
43.3908794,10.7388567
43.3909585,10.7379689
43.3911411,10.7396815
43.3202726,10.4670624
43.3201896,10.4671021
43.1812571,10.5585893
43.1039152,10.5416933
43.1811904,10.5552279
43.3635362,10.81726
43.3329091,10.7923158
43.3643536,10.7518118
43.4352263,10.4504164
43.3282413,10.61694
43.3348539,10.6143671
43.3364383,10.612774
43.3373011,10.6195731
43.3376763,10.6115201
43.0795778,10.6778625
43.0780692,10.6817544
43.3717657,10.5971366
43.2954402,10.6291375
43.4269391,10.4816742
43.4271105,10.48135
43.427214,10.481694
43.4272443,10.4813751
43.3605185,10.812278
43.366698,10.815162
43.3671291,10.8143174
43.367091,10.8146356
43.399298,10.8680682
43.4030792,10.863358
43.4435343,10.448531
43.4008628,10.8641104
43.2557909,10.5943204
43.2533137,10.6021672
43.4027772,10.4059492
43.1037728,10.54185
43.1040599,10.5417588
43.1040153,10.5417906
43.1035684,10.5420906
43.1036693,10.5417959
43.0815785,10.5404856
43.3580262,10.8126382
43.2755886,10.5346743
43.4029765,10.863271
43.402519,10.854478
43.40103,10.8592019
43.4009739,10.8592151
43.4045023,10.8604956
43.40495,10.8602153
43.3991054,10.8690343
43.3974314,10.861785
43.3974011,10.861828
43.4015861,10.8651287
43.4031727,10.8649268
43.4031185,10.8669227
43.4035085,10.8604152
43.404243,10.86027
43.4066181,10.8532727
43.4108569,10.8603107
43.4125954,10.8616034
43.4096136,10.8637767
43.4100156,10.8593611
43.4126383,10.8566306
43.4117769,10.8611074
43.4041497,10.8613251
43.4041344,10.8612823
43.3995428,10.8575805
43.3992266,10.8568954
43.3989675,10.8565618
43.399205,10.8670242
43.3998392,10.8674613
43.4085162,10.8527295
43.4084249,10.8530024
43.4082522,10.8522996
43.4081993,10.8520446
43.4084174,10.8526287
43.4086479,10.8530785
43.3714598,10.5006324
43.4042999,10.867709
43.4057535,10.8687537
43.4067087,10.8688245
43.4060543,10.8693146
43.4050258,10.8686351
43.406278,10.8697446
43.4067194,10.8660622
43.337665,10.6017197
43.4386266,10.4499304
43.4423314,10.4509055
43.4426201,10.4505461
43.4426304,10.4500111
43.4350164,10.4537277
43.43508,10.4528518
43.4354246,10.4533808
43.4345815,10.4532148
43.4337671,10.4566048
43.4338548,10.4564465
43.4339074,10.4572297
43.4396572,10.453062
43.4462135,10.4481462
43.4503042,10.4764234
43.4503514,10.4764967
43.4503905,10.4767795
43.4504256,10.4767594
43.4501958,10.4768921
43.4503156,10.4765978
43.4506884,10.4766212
43.4452905,10.4582625
43.4436443,10.4793765
43.2963678,10.6190332
43.2949686,10.6161405
43.2964553,10.6162811
43.2974158,10.6161039
43.2970605,10.6149178
43.3225758,10.6315711
43.3227334,10.6315241
43.3247276,10.6311379
43.3267431,10.6266583
43.3271081,10.6263367
43.3227379,10.6317448
43.3266066,10.6242231
43.3267178,10.625752
43.3226564,10.6313164
43.3022172,10.5228953
43.30295,10.5210242
43.3119035,10.517028
43.3043392,10.5280106
43.2445392,10.5509565
43.2449234,10.5523411
43.4083089,10.4703738
43.4006641,10.8543667
43.4005247,10.8547197
43.4008172,10.8543261
43.4007996,10.8544697
43.3568772,10.7833041
43.3567567,10.7834033
43.3565874,10.7832783
43.3567206,10.7841598
43.3567813,10.7835614
43.3260447,10.4607025
43.3260811,10.4605875
43.3261332,10.4607535
43.3289447,10.4617348
43.2777353,10.5152752
43.2786035,10.5155331
43.0933795,10.5408296
43.0934299,10.5410086
43.0935969,10.5410283
43.3974165,10.4349482
43.3516662,10.4569513
43.3490902,10.4549007
43.30706,10.5171928
43.3072792,10.5179792
43.3073688,10.5170166
43.3075878,10.5177945
43.2107306,10.9001592
43.2107733,10.9004149
43.2105644,10.9003656
43.2107194,10.9006106
43.2004755,10.9047606
43.2124356,10.9002032
43.2125656,10.8991868
43.3044232,10.8676152
43.297899,10.861209
43.2977079,10.8612333
43.2966966,10.8608616
43.2918901,10.8735564
43.2910937,10.8728594
43.358471,10.4523625
43.4037579,10.4755564
43.4018309,10.4707276
43.3286367,10.5041106
43.329029,10.5033676
43.328898,10.5032108
43.3214924,10.4642153
43.4111311,10.8645781
43.4123626,10.8675716
43.3029124,10.5402221
43.3036853,10.5438492
43.333624,10.5319297
43.3243487,10.5313841
43.3305072,10.5360442
43.333325,10.538512
43.285181,10.5791328
43.2703744,10.5948785
43.2965537,10.622927
43.3209011,10.5034784
43.3468442,10.5713917
43.253445,10.5495095
43.3865578,10.4388742
43.4009571,10.4715398
43.4011115,10.4714077
43.4014014,10.4706346
43.4014711,10.4701049
43.4014822,10.4703508
43.4014989,10.4705702
43.4015106,10.4706225
43.4015293,10.4703368
43.4016489,10.4707861
43.4042696,10.4265194
43.4047922,10.426639
43.4090752,10.424106
43.4102985,10.4239994
43.4117351,10.4168355
43.4117773,10.4165129
43.4136356,10.4166673
43.4136962,10.4168519
43.4138753,10.4167986
43.414138,10.4170135
43.4141943,10.4172452
43.4391219,10.4554975
43.4391488,10.4522984
43.4391497,10.4505932
43.4392657,10.451321
43.439304,10.4535724
43.4429804,10.4498254
43.443369,10.449657
43.3905166,10.4482441
43.3706274,10.4555019
43.3706556,10.4545122
43.3710021,10.4552514
43.3728469,10.4637506
43.3734015,10.4633633
43.3737541,10.4640917
43.3773687,10.4675507
43.3776059,10.467636
43.3778774,10.4679334
43.3146513,10.5244574
43.3114186,10.5223905
43.311147,10.5258196
43.3112561,10.5218147
43.3116028,10.5230553
43.3032862,10.5268001
43.3067035,10.5230074
43.3067787,10.5230653
43.3051931,10.5260311
43.3067214,10.5229361
43.3037128,10.5257075
43.3068206,10.5229463
43.3067569,10.5173803
43.3046072,10.5209206
43.3070718,10.5196375
43.3045041,10.5204926
43.3066809,10.5183183
43.3069806,10.5181517
43.3042705,10.5195234
43.306885,10.5189282
43.3064511,10.5175694
43.3124388,10.5149381
43.3139579,10.5153595
43.3171133,10.5191886
43.3126921,10.516974
43.3129139,10.5144934
43.3131918,10.5166478
43.3133375,10.5171365
43.3134677,10.5143027
43.3130101,10.5147112
43.3178497,10.5188368
43.3130652,10.5134221
43.3139257,10.5170946
43.3078669,10.506004
43.3018327,10.4962753
43.3075555,10.5054899
43.3071535,10.5046331
43.3015311,10.4956849
43.304405,10.4979275
43.3038174,10.4984476
43.2060729,10.9071292
43.3680705,10.9047049
43.3682029,10.9044485
43.2149979,10.8986929
43.2154161,10.8987479
43.2151964,10.898715
43.2004491,10.9043722
43.2004057,10.9046596
43.2003627,10.9047735
43.215195,10.8990335
43.2084104,10.8959592
43.2151455,10.8989181
43.2154468,10.8988554
43.2155701,10.898746
43.2096075,10.8958005
43.2002855,10.9046334
43.2151423,10.8988818
43.4354413,10.7258594
43.2363794,10.5352658
43.2362743,10.5351205
43.3305041,10.5003275
43.2539532,10.9864857
43.2263645,10.5624802
43.2274426,10.5621159
43.2461693,10.5335548
43.2950789,10.4971397
43.2953231,10.4976329
43.294356,10.4978742
43.2946224,10.4983685
43.3020357,10.4890365
43.2947127,10.4975118
43.2949481,10.4979637
43.2940236,10.4982119
43.2942551,10.4986826
43.2936754,10.4985656
43.2939525,10.4990286
43.2933426,10.4989036
43.2936382,10.4994363
43.3002159,10.4925252
43.299368,10.5983207
43.2941922,10.6002298
43.2993482,10.5997162
43.295049,10.597703
43.4009588,10.8591597
43.4010873,10.8593453
43.4011134,10.859409
43.1777729,10.5672194
43.1778671,10.567437
43.2693889,10.543368
43.396751,10.4284213
43.3097174,10.5182184
43.3103978,10.5195072
43.3099951,10.5180726
43.3095249,10.5175537
43.3089823,10.517838
43.3051994,10.5200341
43.3093283,10.5168896
43.3090518,10.5159607
43.3047876,10.5296622
43.3039249,10.5264682
43.4087676,10.4080701
43.4087728,10.4081267
43.3073178,10.5028169
43.3068427,10.5032198
43.097732,10.5875089
43.0984737,10.5864649
43.0984311,10.5879844
43.0989757,10.587098
43.0997953,10.5865506
43.0999324,10.5861671
43.0988585,10.5890964
43.0999739,10.5866756
43.0989953,10.5893565
43.0977392,10.5876897
43.0997415,10.58605
43.0993739,10.5870262
43.0987672,10.5887584
43.0965291,10.5874761
43.097728,10.5874098
43.3471055,10.5853245
43.4053177,10.4697342
43.3579919,10.5304969
43.3571519,10.5291
43.4129598,10.5768181
43.4130143,10.5770461
43.4127644,10.5762512
43.4130202,10.5757211
43.412839,10.5762441
43.4119432,10.5749627
43.4122798,10.5744122
43.4115995,10.5751142
43.4119531,10.5742465
43.4124084,10.575925
43.4124024,10.5771516
43.4117375,10.5757273
43.4103438,10.5043781
43.4133931,10.5108508
43.4149499,10.5107242
43.3987384,10.4986543
43.3989714,10.4982951
43.399027,10.4994498
43.3273321,10.5048251
43.3270078,10.5070554
43.3251494,10.5081828
43.3266162,10.5072961
43.3251443,10.5077083
43.326252,10.5066039
43.3248479,10.5080286
43.3241946,10.508729
43.3244596,10.5084482
43.3242333,10.5080138
43.3257775,10.5056708
43.3239913,10.5059887
43.3228425,10.507155
43.3312356,10.5174081
43.3157415,10.5204054
43.4043795,10.4747773
43.403707,10.4751655
43.2967799,10.6137682
43.4069552,10.5661373
43.4093494,10.5576333
43.3985821,10.4987978
43.398561,10.498668
43.3240992,10.5108611
43.3245977,10.510234
43.325884,10.509626
43.326362,10.5101839
43.3244862,10.5113062
43.3234451,10.510075
43.3249434,10.5107535
43.3185413,10.5127667
43.3004937,10.5231
43.3041597,10.5211491
43.3007297,10.5228129
43.3037601,10.5213557
43.3001422,10.5224454
43.306109,10.5220633
43.2998325,10.5247662
43.2996307,10.524044
43.3002418,10.5245456
43.299526,10.5256003
43.3003811,10.5251099
43.2992754,10.5257556
43.299048,10.5238442
43.2993762,10.5250182
43.3830567,10.5070992
43.380344,10.5461236
43.3812412,10.5433547
43.4048091,10.4742471
43.4045182,10.4732704
43.4059163,10.4741225
43.3519577,10.4807591
43.3534055,10.4813004
43.3527833,10.481523
43.3522131,10.4816413
43.3522594,10.4818051
43.3533977,10.4813647
43.3524693,10.4822713
43.3527424,10.4812843
43.352401,10.4823062
43.3530376,10.4815481
43.3533099,10.4809892
43.3333157,10.5224669
43.4125689,10.5761771
43.4108987,10.5768701
43.4109133,10.5769349
43.4108747,10.577079
43.4107845,10.5771266
43.4106701,10.5770152
43.4107912,10.5767794
43.4093982,10.5772431
43.4098593,10.577261
43.4100093,10.5780655
43.3689537,10.6028979
43.3693492,10.6033496
43.3762073,10.6038775
43.376257,10.604002
43.3763739,10.6040154
43.3764899,10.6010382
43.3150248,10.5336255
43.3157143,10.5332493
43.319177,10.5349139
43.3194665,10.5350555
43.3190281,10.5353031
43.3191195,10.5349446
43.3192575,10.5351773
43.3191991,10.5352104
43.3219501,10.535931
43.3219405,10.5325376
43.3214166,10.5332154
43.3214977,10.5330852
43.3221036,10.5323315
43.3211748,10.5324857
43.3221094,10.5357258
43.3336468,10.5627172
43.333743,10.5625688
43.33353,10.562738
43.3334029,10.5626136
43.3334296,10.5623062
43.3335744,10.5622265
43.320993,10.535047
43.3222181,10.5362293
43.332945,10.528927
43.333691,10.5264181
43.3296462,10.527047
43.3340646,10.5347571
43.3262626,10.5194762
43.3310647,10.5230322
43.3311892,10.5231251
43.3312953,10.5230582
43.3317591,10.524906
43.3317772,10.5249737
43.3315956,10.5250708
43.3315687,10.5249824
43.3722566,10.500266
43.372472,10.4998313
43.3721527,10.4999479
43.3724587,10.5002334
43.3724192,10.4986162
43.3083906,10.5309178
43.3100474,10.5300851
43.2664554,10.5924306
43.1016075,10.5384739
43.0992763,10.5427
43.4151148,10.4641117
43.4151934,10.4643366
43.1777049,10.5390567
43.075943,10.6774211
43.0760518,10.6775556
43.093456,10.6588145
43.1930257,10.6109451
43.1686953,10.5822068
43.2840396,10.555227
43.0780979,10.6802304
43.082095,10.6806783
43.075804,10.6726181
43.0767506,10.6726331
43.1819001,10.5602807
43.180689,10.5587637
43.4119213,10.5764876
43.4119367,10.5768671
43.2597641,10.6921967
43.0809978,10.5389968
43.0811115,10.5391744
43.0811566,10.5390182
43.081307,10.5390382
43.081185,10.5392307
43.091891,10.5420032
43.0797663,10.5445304
43.2941624,10.727236
43.2944166,10.7277629
43.171684,10.8582215
43.1716107,10.8584084
43.1856046,10.8026416
43.1854375,10.8025805
43.1852224,10.8032463
43.1856928,10.8026516
43.1853593,10.8033339
43.185306,10.8033876
43.1857911,10.8029641
43.2025286,10.8052254
43.1547912,10.6765571
43.1790474,10.7244909
43.4116013,10.5749362
43.2153893,10.8542671
43.2152851,10.8542682
43.2153802,10.854236
43.2178627,10.8141117
43.2180846,10.8140485
43.1939901,10.7335034
43.1940025,10.7337686
43.1940831,10.7336116
43.1940465,10.7337981
43.1933779,10.8460386
43.1901785,10.857287
43.1641506,10.8830789
43.1644271,10.8833139
43.1644391,10.8836408
43.1644428,10.8833769
43.1644653,10.8833112
43.1754303,10.8560872
43.1753829,10.8560168
43.3137473,10.5346411
43.3273111,10.7379328
43.3772912,10.5057996
43.3122816,10.5184653
43.3300274,10.6925444
43.3302749,10.6922757
43.0936904,10.5395945
43.3966615,10.8760401
43.3962596,10.8739642
43.3837637,10.4363059
43.1086452,10.539444
43.0912767,10.5462823
43.1080993,10.540071
43.2864798,10.7839762
43.2863943,10.7836044
43.2865652,10.7837243
43.2875775,10.7839321
43.285324,10.7839264
43.3637552,10.8126915
43.4003771,10.8580318
43.4004418,10.8582018
43.4004998,10.8579876
43.4005381,10.8580861
43.3944534,10.4297054
43.394716,10.4294949
43.3946057,10.4296731
43.3945048,10.4295788
43.4059162,10.4906481
43.1808246,10.5578313
43.0966003,10.5519124
43.3080656,10.5332731
43.3056115,10.5282202
43.3056523,10.5277245
43.3056862,10.5278554
43.3055383,10.527285
43.3064566,10.5278259
43.3069758,10.5272815
43.3069017,10.5267718
43.3400736,10.6437298
43.3399552,10.6440542
43.3485864,10.6668819
43.2625207,10.9285305
43.2622855,10.9280184
43.2097812,10.905774
43.327205,10.8870475
43.3947999,10.4294021
43.3946808,10.4297661
43.3946741,10.4296419
43.3945563,10.4296561
43.3946821,10.4294093
43.4115874,10.8808111
43.4136369,10.8821256
43.4056845,10.8485646
43.4052753,10.8472664
43.2622045,10.9264795
43.2620246,10.9271264
43.4078048,10.8813222
43.4055678,10.8868717
43.4043353,10.8923607
43.4139795,10.878648
43.4156609,10.8767384
43.4242437,10.8751137
43.4204322,10.8717549
43.4066998,10.8857005
43.4167773,10.8752901
43.2137025,10.904518
43.2203844,10.9012565
43.2159548,10.9015513
43.2090106,10.9058686
43.2095741,10.9047029
43.2095251,10.9045604
43.2127338,10.9065789
43.2097823,10.9015931
43.2119145,10.9046089
43.2295811,10.886636
43.2074362,10.9062344
43.2124677,10.9038304
43.2122463,10.9010732
43.2102554,10.9043657
43.2120429,10.9003959
43.4031353,10.8524085
43.1700525,10.5672947
43.2751025,10.8938225
43.2748906,10.8939481
43.2747617,10.8936605
43.2748502,10.8939247
43.2864395,10.8839822
43.2882927,10.8810605
43.2884362,10.8807937
43.2847582,10.88222
43.2884725,10.8810894
43.2885349,10.8814021
43.2883229,10.8811594
43.2881774,10.8811708
43.2874018,10.8821726
43.2867241,10.7840341
43.2867698,10.7841847
43.3037346,10.8541153
43.3035577,10.8541305
43.2897796,10.8450104
43.2816874,10.8077307
43.2813778,10.8079344
43.2817588,10.808262
43.3964377,10.8364128
43.3965791,10.8374497
43.3313845,10.5194043
43.3314918,10.5191792
43.3313792,10.5192344
43.3314322,10.5194486
43.3315489,10.5193921
43.3963511,10.4572718
43.3953028,10.4574582
43.329351,10.5202388
43.4350011,10.5588788
43.323428,10.5097406
43.3265032,10.5089288
43.3269251,10.5095286
43.3268546,10.508233
43.3502786,10.4547406
43.2731181,10.5480287
43.3201809,10.5020841
43.3210373,10.5012075
43.3937436,10.4278728
43.3991361,10.46638
43.3982954,10.4686225
43.3995166,10.4418569
43.3990387,10.4422992
43.3993769,10.441648
43.399557,10.4428267
43.3998968,10.4422933
43.3649336,10.5030421
43.3639436,10.5031661
43.3003858,10.5325551
43.2997048,10.5299251
43.389141,10.4561622
43.3888747,10.4557887
43.2864751,10.8839364
43.2960566,10.8741329
43.2961468,10.8737428
43.2983393,10.871947
43.2966636,10.872221
43.2978822,10.871314
43.1036539,10.541519
43.1040896,10.5414239
43.3922871,10.746054
43.1092656,10.5436473
43.1094623,10.5419491
43.0998166,10.5441053
43.0984223,10.5460093
43.0986924,10.5461277
43.0990426,10.5462811
43.3491497,10.4640598
43.3197237,10.4940838
43.3220712,10.4952063
43.3214341,10.4940556
43.3209092,10.4963851
43.3205921,10.4784022
43.0945078,10.5425537
43.0976508,10.5471272
43.0998931,10.5443139
43.408544,10.8527224
43.4086201,10.8527778
43.4086256,10.8528961
43.4085008,10.8529478
43.4084644,10.8528895
43.4084723,10.8527772
43.4086197,10.8526481
43.4085553,10.8529644
43.4037071,10.8613716
43.333103,10.7918802
43.2175529,10.8134813
43.2970325,10.6128587
43.4063614,10.7555517
43.4059775,10.7550973
43.4058048,10.7549856
43.409453,10.7533864
43.4149743,10.8381194
43.4152519,10.837462
43.4157517,10.8355203
43.3975241,10.846554
43.3966878,10.8486158
43.4084776,10.8474039
43.4068453,10.8495438
43.2722426,10.6025062
43.2691517,10.5953695
43.2690585,10.595152
43.2693576,10.5953161
43.2692222,10.5953511
43.2822818,10.5802525
43.2816524,10.5551313
43.2530956,10.5491485
43.2532832,10.5492749
43.2534669,10.5489748
43.253396,10.549217
43.2692867,10.5431621
43.2691319,10.5424827
43.2699597,10.542232
43.2700562,10.5429274
43.2642669,10.5313187
43.3817622,10.7471004
43.3815506,10.7484653
43.2482081,10.5447003
43.2424366,10.5303434
43.2219497,10.5811773
43.1716108,10.593611
43.1750787,10.6016052
43.326066,10.8760239
43.3028654,10.8656638
43.3008151,10.8372378
43.3008182,10.8362618
43.3020179,10.8803011
43.3040419,10.8698305
43.3064142,10.8680477
43.3059423,10.8691842
43.3018641,10.8428291
43.3026228,10.8457468
43.3050403,10.9199353
43.3058138,10.9205424
43.1683588,10.5805382
43.1678223,10.5816118
43.1712354,10.5760656
43.1706113,10.5748176
43.1671569,10.5821501
43.1632021,10.5672838
43.1620839,10.5671535
43.1619548,10.5663553
43.1732066,10.5692456
43.174927,10.5721653
43.1746145,10.5715289
43.1731452,10.5728763
43.1734592,10.5734918
43.168543,10.5646013
43.167549,10.5813541
43.160095,10.6053001
43.1633472,10.6021567
43.1599439,10.6057375
43.1599651,10.6057484
43.1607373,10.6100129
43.1605453,10.6100838
43.1605469,10.6100348
43.1616667,10.6106727
43.3851906,10.8917549
43.387167,10.9029373
43.3887437,10.9012997
43.3883771,10.9033101
43.1785845,10.5623606
43.1729974,10.5663511
43.1853124,10.5553784
43.1855559,10.5560434
43.1803677,10.5504927
43.1814527,10.5507217
43.1815634,10.5504857
43.1812739,10.5505551
43.1002049,10.5458022
43.0997055,10.54965
43.1546511,10.5599115
43.1613577,10.5479215
43.1549808,10.5458094
43.0762619,10.5401872
43.077337,10.5390214
43.0772415,10.5402013
43.0788699,10.5405347
43.0823144,10.5399843
43.078927,10.5391197
43.0801397,10.5405324
43.0828463,10.5394808
43.0829051,10.5392562
43.0829338,10.5394512
43.0836987,10.5371135
43.0918768,10.5428742
43.0956428,10.5442418
43.0906049,10.538742
43.0928477,10.5381098
43.0841927,10.5487638
43.0843677,10.5488279
43.0843411,10.5486618
43.0845295,10.548533
43.0844473,10.5487906
43.0844677,10.549019
43.3596491,10.813074
43.359168,10.8132705
43.3589172,10.8140732
43.3590817,10.8144671
43.4049765,10.424817
43.2958661,10.6152047
43.3308087,10.4996993
43.3308408,10.5000166
43.3309809,10.5001532
43.3133572,10.5222684
43.3133586,10.5256052
43.3659682,10.5074081
43.3660996,10.5072298
43.366234,10.5070394
43.3338743,10.5182489
43.331745,10.5178435
43.3722343,10.4997995
43.2944339,10.8730985
43.2425378,10.9096134
43.3048049,10.8677991
43.2956749,10.8736047
43.2970841,10.8641255
43.2970258,10.8645556
43.2966851,10.8644101
43.2962774,10.8644439
43.2963455,10.870038
43.2962718,10.8697413
43.3242916,10.8747681
43.3555292,10.814391
43.3554386,10.8152833
43.3554603,10.8141158
43.3013632,10.8687117
43.3554493,10.8145723
43.3555923,10.8146713
43.3339439,10.72389
43.3271319,10.5073613
43.3272028,10.5071767
43.3272563,10.5072624
43.3315676,10.5160323
43.3261333,10.5139651
43.3261543,10.5139073
43.3310997,10.5147482
43.3312803,10.5150538
43.3309673,10.5150216
43.3315384,10.519613
43.328683,10.5205733
43.328499,10.5214222
43.3284537,10.5210319
43.3285447,10.5207219
43.3284938,10.5208054
43.328381,10.5207782
43.3283538,10.5206759
43.3284273,10.5205551
43.3285054,10.520574
43.3294599,10.5248148
43.3297395,10.5249037
43.3305971,10.5243466
43.3310867,10.5240589
43.3312666,10.5241753
43.3312456,10.5239024
43.3316926,10.5241899
43.32849,10.5068923
43.3284823,10.5072013
43.3134779,10.5130361
43.3135162,10.513107
43.3135363,10.513118
43.3136046,10.5130972
43.3134144,10.5131545
43.3135454,10.5129045
43.3137467,10.5127412
43.3136276,10.512969
43.2126189,10.9063047
43.2130221,10.9063127
43.2112949,10.9156165
43.2109879,10.9149382
43.2101512,10.9045306
43.2100437,10.9044811
43.1778136,10.8763022
43.3565974,10.4539748
43.357191,10.4537792
43.3581752,10.4524781
43.3582568,10.4528834
43.3578819,10.4525949
43.3579598,10.4530016
43.3496031,10.462148
43.3517388,10.4667413
43.3513426,10.4658541
43.3512913,10.4656724
43.348945,10.4625764
43.3497341,10.4637493
43.348004,10.5794761
43.2973127,10.8638419
43.297254,10.8646739
43.2975252,10.8645429
43.2972687,10.8644913
43.2970873,10.8656147
43.296453,10.86542
43.2978277,10.8657207
43.2975292,10.8657819
43.3233869,10.5086222
43.3935422,10.4684468
43.3530715,10.4604014
43.3531451,10.4603551
43.3512253,10.453271
43.3515026,10.4539398
43.2954977,10.8738623
43.2983971,10.8680852
43.233944,10.6192394
43.3971646,10.4334482
43.3972533,10.4346661
43.3927013,10.4385029
43.3928108,10.4386857
43.3926854,10.4387064
43.3926615,10.4388375
43.392731,10.4389329
43.3928437,10.4388684
43.3928559,10.4388179
43.3970219,10.4354119
43.3925821,10.4389865
43.3883693,10.4651513
43.3884663,10.4650732
43.3884278,10.4649636
43.3495885,10.4638834
43.3485139,10.4634774
43.3477847,10.4653338
43.3477095,10.4651394
43.3476396,10.4652864
43.3486203,10.464272
43.4528263,10.56236
43.4525504,10.562754
43.2315612,10.717052
43.3323563,10.5621437
43.3317856,10.5609612
43.3079493,10.5181787
43.3079414,10.5160854
43.13066,10.6433136
43.1268911,10.6434935
43.2339524,10.6170204
43.4058282,10.8541117
43.3680604,10.9047246
43.1782141,10.7133022
43.1766917,10.7143928
43.1783561,10.7154146
43.1779409,10.7144119
43.0730233,10.6377758
43.0711449,10.6429218
43.4070912,10.4150118
43.4084337,10.4286532
43.3233886,10.5089227
43.2483773,10.5447792
43.2482937,10.5448362
43.2483558,10.5450227
43.2483096,10.5442849
43.2481631,10.5443399
43.248164,10.5439501
43.3038803,10.5242549
43.3033828,10.5244948
43.3041798,10.5253256
43.3048781,10.5278535
43.3043651,10.5281048
43.3058383,10.5251442
43.3062933,10.5248973
43.3058351,10.5256391
43.3121728,10.5179702
43.3117395,10.5182165
43.1030936,10.5380363
43.0987216,10.5381881
43.1122602,10.5393695
43.1108007,10.5392096
43.1102629,10.5392738
43.1097366,10.5394054
43.2173041,10.8134788
43.2171498,10.8134773
43.2175933,10.8132375
43.2215386,10.8155529
43.2179156,10.8150307
43.2181939,10.8115319
43.1752643,10.8524911
43.3295322,10.5063289
43.3295017,10.5064623
43.3292009,10.5067831
43.3299477,10.5066656
43.3295687,10.5064498
43.3259684,10.5106669
43.3260373,10.5081191
43.3150884,10.5227415
43.3147906,10.5217905
43.3137864,10.5244965
43.3138092,10.5254442
43.3116061,10.5319002
43.31263,10.5313727
43.3128616,10.5307318
43.3118627,10.5239668
43.3291493,10.5246918
43.3294163,10.5250177
43.329285,10.5249073
43.3293713,10.5247607
43.3301961,10.524704
43.3303053,10.5242613
43.3301847,10.5234673
43.386801,10.4692537
43.3719687,10.6044272
43.3706693,10.6033245
43.3509236,10.4646458
43.3541934,10.4639909
43.3539276,10.4639249
43.3200354,10.4717688
43.3540696,10.4641979
43.3539672,10.4642471
43.3539323,10.4641082
43.3540318,10.4640579
43.3540868,10.4644723
43.3551312,10.4632789
43.3554747,10.4636372
43.3554647,10.4624131
43.3553933,10.463286
43.3553693,10.4629204
43.3555024,10.4605596
43.3555471,10.4605081
43.3557577,10.4605671
43.3557435,10.4608619
43.3554897,10.460823
43.3552546,10.4607049
43.355543,10.4611855
43.3560209,10.4607842
43.3556329,10.4600778
43.3537007,10.4559285
43.3540799,10.4557987
43.3538521,10.4561885
43.3547838,10.4555343
43.3551542,10.4557978
43.3553855,10.45533
43.3550405,10.4549965
43.355181,10.4554942
43.355074,10.4555527
43.3549986,10.4553782
43.3550172,10.4553286
43.3551659,10.4553138
43.3908112,10.4488583
43.3906428,10.4490199
43.3909997,10.4486223
43.3903267,10.4490854
43.3905464,10.4487857
43.3905518,10.448766
43.3907207,10.4486637
43.3907384,10.4486735
43.3909284,10.4492481
43.403422,10.4733832
43.389137,10.4301738
43.3874887,10.4350367
43.2957082,10.8737603
43.2957631,10.8737507
43.2960243,10.8739238
43.2960174,10.873957
43.2958983,10.8740006
43.2957333,10.8738939
43.2956952,10.87378
43.2958709,10.873792
43.2955488,10.873853
43.352673,10.4542656
43.3523903,10.4531504
43.3707072,10.448904
43.3708851,10.4498722
43.3709816,10.4500006
43.3045753,10.4996513
43.3530828,10.4603315
43.353221,10.4608266
43.3527691,10.4523118
43.3529247,10.4536521
43.3529488,10.4541471
43.3503648,10.4586437
43.3499565,10.4525635
43.353387,10.458464
43.3531473,10.4576418
43.3531473,10.459242
43.3527725,10.4570608
43.3511265,10.455705
43.350656,10.4615012
43.3215896,10.4640032
43.3175342,10.4645409
43.3196972,10.4674504
43.3111955,10.4868405
43.31263,10.4734911
43.3283575,10.6065554
43.3576812,10.4776651
43.3383183,10.6498603
43.3319557,10.660592
43.3300048,10.6623415
43.3580226,10.5761513
43.3258391,10.5334505
43.3710101,10.5967799
43.3988818,10.8758725
43.3984441,10.8670265
43.3030548,10.531804
43.3041146,10.5306062
43.1777752,10.5430458
43.1850508,10.5546963
43.1691003,10.5711141
43.359962,10.8126472
43.3640926,10.8137494
43.2873043,10.5323537
43.2877464,10.5321244
43.2702508,10.5899406
43.2703593,10.5900438
43.2711773,10.5915022
43.2712079,10.5916779
43.2964803,10.618209
43.2964434,10.6183194
43.3929427,10.4533129
43.389041,10.4594555
43.3891217,10.4594896
43.3228254,10.6495029
43.3345467,10.6070446
43.2033905,10.9020627
43.41331,10.5708919
43.4141645,10.574881
43.3647595,10.600316
43.1544447,10.674655
43.1550239,10.6754699
43.1558501,10.6746761
43.1544962,10.6730177
43.155462,10.6737307
43.1515124,10.6743615
43.1526237,10.6747971
43.1538171,10.6750907
43.1532519,10.674981
43.155394,10.6759322
43.1525881,10.6711133
43.1525039,10.6706371
43.1509457,10.6718681
43.1502654,10.6720012
43.1553514,10.6765905
43.3929374,10.4386666
43.3927794,10.4386676
43.392784,10.4389327
43.2693098,10.5433439
43.2694346,10.5431175
43.3575189,10.4778782
43.3576932,10.4772742
43.358149,10.47755
43.3579353,10.4781461
43.3584899,10.8126605
43.3592805,10.8122957
43.3995715,10.4259842
43.3734456,10.4637341
43.3732179,10.4637021
43.4069638,10.4727141
43.405217,10.4659568
43.4055259,10.4673897
43.4011179,10.4770435
43.401248,10.4771952
43.4010507,10.4772365
43.2082717,10.9074756
43.208008,10.9082289
43.2843175,10.5329721
43.2883139,10.529488
43.2885059,10.5290611
43.2888987,10.5291863
43.2886397,10.5290631
43.2852024,10.5347484
43.1782514,10.5447098
43.1783521,10.5446615
43.1784954,10.5446944
43.1783024,10.5448582
43.398884,10.4261625
43.2699368,10.5974626
43.270207,10.5973569
43.2699584,10.5974542
43.270069,10.598682
43.3065841,10.5168452
43.2660442,10.9579614
43.4251044,10.8762817
43.3635681,10.5974863
43.3412533,10.5867167
43.3640544,10.5972584
43.3654144,10.6004994
43.3666841,10.5912764
43.373431,10.6761234
43.3600664,10.5788844
43.3495362,10.5728536
43.3511213,10.5713434
43.3633705,10.5980599
43.3538513,10.5579629
43.3311513,10.5360451
43.3310586,10.5360474
43.3336505,10.5358161
43.3342102,10.5362536
43.3340362,10.5353224
43.3635197,10.595069
43.3762555,10.6039131
43.3761287,10.604007
43.3647872,10.5998449
43.3911118,10.7387551
43.3105719,10.5272272
43.3101823,10.5274233
43.3103064,10.5272732
43.3104006,10.5273345
43.3103418,10.5273689
43.3103613,10.5272282
43.2960749,10.5236058
43.2964355,10.5252255
43.2957549,10.5237148
43.3097381,10.5232499
43.3109631,10.5347905
43.311184,10.5346838
43.3112739,10.5347722
43.3112677,10.5346976
43.3111962,10.5348128
43.3112323,10.5345805
43.3978387,10.4464523
43.3979261,10.445878
43.3981039,10.4467352
43.3982839,10.4462719
43.3979951,10.4461827
43.3980678,10.4459026
43.3978203,10.4466562
43.3929631,10.45243
43.393512,10.4525203
43.3931843,10.4494912
43.3931374,10.4497186
43.3933439,10.4493985
43.3932108,10.4489551
43.3931492,10.4486547
43.3930205,10.4482341
43.3930918,10.4484718
43.3928228,10.4486203
43.3939378,10.4485942
43.3950788,10.4477152
43.3945061,10.4481589
43.3914705,10.4460032
43.1786493,10.5624299
43.1782112,10.5658364
43.3138716,10.5208659
43.3138047,10.5211682
43.3258381,10.5136116
43.3259286,10.5138251
43.3260566,10.5140251
43.3261843,10.5141109
43.3262973,10.5137603
43.3261098,10.5137357
43.3260046,10.5137136
43.3318144,10.5065798
43.3317469,10.5064246
43.3313524,10.5237166
43.3311508,10.5230198
43.3317435,10.506913
43.3312712,10.5226931
43.3316459,10.523749
43.3316129,10.506448
43.331522,10.5236691
43.3319168,10.5237026
43.331583,10.5066473
43.3313375,10.5232728
43.3316493,10.506731
43.3112071,10.5346682
43.403036,10.4446621
43.2117537,10.8980695
43.2963102,10.5005379
43.2962346,10.500682
43.2953597,10.5027764
43.2988323,10.4985539
43.3091683,10.5113825
43.3579491,10.4777845
43.3577914,10.4779073
43.3579249,10.4778414
43.3577037,10.4776016
43.3578553,10.4775302
43.3578938,10.4775541
43.3577646,10.4778966
43.3204975,10.5020004
43.3203066,10.5023301
43.3246305,10.5035022
43.3300949,10.5025542
43.3300117,10.5016876
43.3352265,10.7423081
43.4088542,10.8541642
43.3282866,10.5019976
43.328132,10.5017038
43.2126239,10.899489
43.2119032,10.9029877
43.2102645,10.9042569
43.2102168,10.9043348
43.2102928,10.9047125
43.3338883,10.7283077
43.3283991,10.6636879
43.2738639,10.5645027
43.2738334,10.5641337
43.2738192,10.564011
43.2741748,10.5640606
43.2732209,10.5623118
43.2732425,10.5625375
43.2734178,10.5622709
43.2825199,10.5305747
43.4351608,10.7271054
43.3199141,10.5412603
43.3195246,10.5415179
43.3195342,10.5377293
43.3191847,10.5365509
43.3205766,10.5395431
43.1807942,10.5580405
43.2672249,10.6194596
43.2336521,10.6209863
43.233438,10.6217224
43.2337958,10.619941
43.233641,10.6209065
43.2337017,10.6205277
43.2334921,10.6205076
43.2338835,10.6191362
43.4011719,10.8595476
43.4010496,10.8592648
43.2694012,10.595251
43.2693893,10.5952453
43.2691819,10.5951441
43.0959224,10.5448668
43.0872307,10.5479325
43.0859456,10.5485822
43.1111748,10.5406978
43.0762027,10.6811886
43.0752591,10.6807346
43.3034669,10.5275005
43.3035427,10.5277159
43.3033896,10.5271718
43.3029106,10.525395
43.3028272,10.5251909
43.3027676,10.5248923
43.3060862,10.5304532
43.3058782,10.5296854
43.3962958,10.4312972
43.3958737,10.4304438
43.311271,10.4867551
43.3111663,10.4863138
43.4355283,10.7229555
43.1094071,10.5434508
43.1093729,10.5435784
43.10941,10.5436287
43.1094001,10.5438369
43.3867332,10.4690972
43.386615,10.4691903
43.1016546,10.5518492
43.0994558,10.5539232
43.0994524,10.55315
43.1006857,10.5514502
43.0993516,10.5502123
43.0991731,10.5499872
43.0998219,10.549896
43.099874,10.5494172
43.1002806,10.5494192
43.1001178,10.5492663
43.1007483,10.5491789
43.1005646,10.5489898
43.1012034,10.5488993
43.1083069,10.5421288
43.4067477,10.853954
43.40664,10.8545975
43.39893,10.8670157
43.398999,10.8669865
43.4096902,10.6701918
43.2969529,10.8708773
43.2969063,10.8708009
43.2967636,10.8711635
43.4066958,10.4108096
43.4067848,10.4114134
43.4067319,10.4108854
43.405408,10.4233622
43.4045471,10.4265137
43.4045498,10.4266614
43.4038144,10.4264759
43.4038225,10.4263269
43.1777696,10.7244916
43.1678673,10.8651163
43.1661261,10.8653403
43.3971812,10.4351239
43.4041241,10.8592659
43.4041929,10.8592469
43.4041073,10.8605839
43.3157146,10.5538223
43.3155985,10.5538711
43.3920616,10.4541884
43.3915786,10.4506416
43.3916014,10.4508868
43.4031507,10.4402657
43.4082979,10.4138832
43.053266,10.611976
43.0613771,10.5644176
43.0499651,10.5344555
43.0354758,10.5936077
43.0317225,10.598196
43.0275989,10.603242
42.9519894,10.6966996
43.045956,10.7103355
43.0043835,10.6318667
42.971467,10.672857
42.9716064,10.6728567
42.9717657,10.6726352
42.9717696,10.6724754
42.9714519,10.6722398
42.9713152,10.6724223
42.9713,10.6725903
43.0247655,10.6067815
42.9708651,10.671607
42.9703032,10.6700455
42.9674667,10.6616328
42.9671468,10.6605888
42.9706875,10.6709559
42.9705643,10.670447
42.9704832,10.6704035
42.9703398,10.6704845
42.9703967,10.6709453
42.9704284,10.6709882
42.9700474,10.670545
42.9709193,10.6703632
43.0321364,10.5982649
43.0340893,10.5999668
43.0344447,10.6041019
43.0571594,10.5675119
43.0557853,10.7220939
42.9518118,10.6831967
42.9671616,10.6616649
43.0190521,10.675005
42.9823593,10.6807825
42.9959125,10.6644111
43.0124234,10.653613
42.972001,10.6686626
42.9721263,10.6683119
42.9708275,10.6645234
42.9714595,10.6657713
42.9673008,10.6777614
43.0423972,10.6379963
43.0456345,10.6346321
43.0533429,10.6129897
43.0535631,10.6122388
43.0287023,10.6122137
43.0283116,10.6118267
42.9866335,10.623609
42.9865938,10.5988361
42.986586,10.5873635
42.9844227,10.58962
42.984491,10.5646826
42.9849086,10.5640736
42.984343,10.563074
42.9887023,10.5633501
42.9786533,10.5566967
42.9789124,10.5568707
42.978797,10.5574562
43.0147136,10.6002705
43.0157425,10.5997917
42.9277319,10.5310282
42.9291605,10.5266912
42.9304007,10.5258308
42.9599034,10.5372987
42.9666585,10.5439997
42.9672328,10.5482261
42.9675305,10.5554233
43.0016708,10.5272313
42.9831669,10.658112
43.0243226,10.6073577
43.0237505,10.6071434
42.9670616,10.6434011
42.967509,10.6842937
42.9473328,10.7048365
43.0103464,10.6009489
42.9725491,10.6634953
42.9372642,10.5296599
42.9372564,10.5293861
42.9372726,10.5284951
42.9371315,10.5280179
42.9377647,10.5224051
42.9372363,10.5099603
42.9385942,10.5084541
42.9375724,10.5066831
42.9379876,10.5054248
42.9300196,10.5435924
42.9315828,10.5413462
42.9311409,10.5391583
42.9265093,10.5416143
42.9265619,10.5417463
42.9256525,10.5452493
42.9261413,10.5453284
42.9260382,10.5456012
42.9264888,10.5419534
42.9282644,10.545284
42.9283288,10.5453445
42.9283158,10.5455451
42.928164,10.5453646
42.9463042,10.7046881
42.9461525,10.7069507
42.9468872,10.7026852
42.9462495,10.706458
42.9489273,10.6825682
42.9586612,10.6669469
42.9707672,10.667135
42.9729326,10.6621496
42.9517728,10.6964945
42.9517934,10.6969539
42.9522798,10.6963341
42.9679027,10.6676798
42.9357579,10.5006514
42.9359225,10.5015833
42.9357646,10.5014582
42.93567,10.5013671
42.9356252,10.5017074
42.9349144,10.5043184
42.9348266,10.5045897
42.9346999,10.5042311
42.9358394,10.5002848
43.0165236,10.5979752
43.0158677,10.5977413
43.0154097,10.5980627
43.0159353,10.5988585
43.0165163,10.5995656
43.0118936,10.597258
43.0144376,10.5970031
43.0199671,10.6019116
43.0144906,10.5968961
43.0169435,10.5981678
43.0173324,10.5988915
43.0169814,10.5996337
43.0179788,10.5956749
43.0176536,10.5958887
43.0169413,10.5975979
43.0176334,10.5954208
43.019989,10.5972331
43.0291066,10.6014725
43.0311083,10.6028537
43.0349399,10.6104434
43.0304533,10.6090309
43.0284634,10.6062369
43.0393459,10.5887991
43.0287027,10.527891
43.0608986,10.6196779
43.0609904,10.6197972
43.0613696,10.6152352
43.061188,10.6146965
42.9965409,10.5188277
42.9970779,10.5197263
42.9296524,10.5254745
42.9285859,10.5285151
42.9298305,10.5292292
42.9279948,10.5303265
42.9232308,10.5326346
42.9228555,10.5315745
42.9848466,10.6800524
42.9730489,10.6746328
42.9467043,10.694551
42.9776257,10.664966
42.9282321,10.5254658
42.9281004,10.5240116
42.9683075,10.6765722
43.0440599,10.5829702
43.0442702,10.5834458
43.044285,10.5834791
43.056947,10.6079704
43.0590743,10.6129525
43.0593641,10.6143205
43.0594418,10.6218467
42.9331555,10.5101681
42.9329675,10.5114744
42.9326704,10.5122762
42.9289511,10.5175537
42.9288223,10.5194014
42.9287368,10.520579
42.9286546,10.5231338
42.9289302,10.525329
42.9347531,10.5047948
42.939516,10.5235291
42.9418042,10.5163986
42.9403725,10.5236549
42.9398612,10.5049145
42.9417158,10.5056108
42.9461718,10.5040286
43.0502326,10.5753373
43.0620613,10.5767353
42.9306145,10.5258413
42.9247314,10.5270893
43.0299658,10.5892754
43.0347654,10.5944618
43.0364978,10.5922988
43.0449378,10.5818858
43.0322501,10.6039728
42.9838404,10.6847904
42.9527069,10.666551
42.9854394,10.6332984
42.9475076,10.7049584
42.9476099,10.7050988
42.9476991,10.7056915
42.947845,10.705343
42.9480722,10.7047723
42.9475976,10.7049863
42.9441349,10.5159019
42.943306,10.5164008
42.9412284,10.5166582
42.9374601,10.5178808
42.9437784,10.5054395
42.9647494,10.5386159
42.9262928,10.5347605
42.9258955,10.5383086
42.9226684,10.5322475
42.9233268,10.5302379
42.9226597,10.5297262
42.922104,10.5309621
42.9241554,10.5302492
42.9235238,10.5297241
42.9250264,10.5289671
42.9261719,10.5303276
42.9277243,10.5320347
42.9264478,10.5294287
42.9268681,10.5257158
42.9370524,10.5292368
42.964155,10.5363907
42.9596979,10.5373427
42.96619,10.535485
42.9529141,10.5388266
42.9525955,10.5389543
42.9526635,10.539188
42.9527335,10.5392344
42.9529368,10.5391119
42.9522356,10.5392373
42.9533526,10.5389951
42.9264526,10.5415726
42.9262928,10.5416384
42.9262568,10.5417868
42.9255967,10.5383185
42.9259935,10.5390881
42.9257584,10.5374522
42.9256925,10.5378538
42.9255539,10.5386261
42.9260663,10.5400183
42.9256364,10.5388833
42.9371488,10.5298048
42.9365083,10.529269
42.9364646,10.5295108
42.936928,10.5297244
42.952996,10.5396222
42.9356772,10.5080607
42.9376711,10.5228049
42.9294296,10.5260633
42.9377988,10.5228346
42.929506,10.5254182
42.9336214,10.5103354
42.929964,10.5211856
42.9376343,10.5228644
42.9377793,10.5228078
42.9378041,10.5229907
42.9297004,10.5252573
42.9293741,10.5258514
42.9703226,10.6705132
42.942155,10.5161867
42.9420728,10.5167668
42.9341711,10.5118855
42.9337257,10.5127406
42.9379269,10.5072182
42.9302929,10.5245684
42.9389006,10.5097749
42.9370618,10.51754
42.9372268,10.5177698
42.9372893,10.5179692
42.9371646,10.5180425
42.9372923,10.5182854
42.9371317,10.5180194
42.9372585,10.5177921
43.0295047,10.6031855
43.0301712,10.6040995
43.026115,10.6020206
43.0275634,10.605862
43.0297881,10.6019954
43.0278646,10.6054407
43.0301563,10.6022388
43.0271543,10.6064034
43.0279657,10.5998558
43.0268684,10.6059927
43.0279969,10.6028092
43.0288924,10.6040364
43.0302539,10.6029557
43.0306334,10.6035018
43.0285957,10.6036367
43.0304132,10.6023972
43.0292139,10.6027949
43.0297777,10.6035744
43.0281369,10.6066594
43.0263304,10.6067106
43.027712,10.6071964
43.0265951,10.6071361
43.0238133,10.607986
43.0247197,10.6009336
43.0142472,10.5930157
43.0215383,10.5984604
43.0208325,10.5979001
42.9386819,10.5365337
42.9368,10.5352727
42.9365942,10.5349723
42.9355224,10.5335946
42.9366075,10.5300175
42.9365156,10.5295966
42.9285983,10.5253939
42.9271766,10.5298619
42.9281407,10.5268528
42.928961,10.527326
42.9268425,10.5260541
42.9270762,10.5298038
42.9269171,10.5302869
42.9266335,10.5308787
42.9248736,10.5290748
42.9250024,10.5286023
42.9248371,10.5287277
42.9245753,10.5291724
42.9238432,10.5286908
42.9232741,10.5283032
42.9259754,10.5339239
42.926442,10.5345276
42.9253363,10.5331149
42.9265968,10.5308405
42.9253815,10.5328617
42.9222919,10.5242312
42.9235857,10.5225631
42.9230122,10.5224379
42.9228679,10.5232138
42.9235711,10.5232699
42.9246951,10.5227957
42.9245004,10.5244379
42.9244156,10.5252271
42.924359,10.5257815
42.9253662,10.5247074
42.9253124,10.5254119
42.9252708,10.5259556
42.9252598,10.5262439
42.9234712,10.5255888
42.9256147,10.5259453
42.9251699,10.5273567
42.9261131,10.5207882
42.926942,10.5200568
42.9275248,10.5195486
42.9279322,10.519179
42.9282875,10.5188597
42.92643,10.5214922
42.9278731,10.5202617
42.9285575,10.519641
42.9264666,10.5218845
42.9265743,10.5229288
42.92671,10.5242339
42.9258361,10.5241684
42.9254062,10.5241155
42.9258066,10.52591
42.9259421,10.5230431
42.9255612,10.5220659
42.9258593,10.522005
42.9272663,10.5207667
42.9273975,10.5217161
42.9274965,10.5227594
42.9276393,10.5240925
42.9281246,10.5226439
42.9285867,10.5225521
42.9280075,10.5215814
42.9279128,10.5206199
42.9273643,10.5207336
42.9287432,10.5238904
42.9277982,10.5255414
42.9282426,10.523987
42.927554,10.5264984
42.9279916,10.5179674
42.9296873,10.5184024
42.9438501,10.5002661
43.0140624,10.5655845
43.005777,10.585625
43.0078812,10.5906901
43.0083398,10.5908489
43.0079685,10.591471
43.0114626,10.5920146
43.0080535,10.5936959
43.0155036,10.5883684
43.007922,10.5811983
43.0116454,10.5853904
43.0097286,10.5881428
43.0082476,10.5903034
43.0151219,10.5784498
43.0174678,10.5871398
43.0308682,10.6026685
43.0304383,10.5987623
43.0324644,10.5987215
43.0084118,10.5900621
43.0143667,10.5654665
43.0315937,10.6033474
43.025379,10.5760173
43.0081852,10.5905338
43.0253545,10.5949053
43.0145093,10.5658923
43.0110745,10.5899084
43.0283796,10.59939
43.0194003,10.5716597
43.0252208,10.6032809
43.0247544,10.593428
43.028593,10.5991442
43.0269553,10.5974066
43.0320637,10.5979509
43.0298458,10.5983586
43.0322947,10.5955334
43.0302294,10.597423
43.0317029,10.597208
43.025181,10.5758416
43.0283332,10.6004116
43.0264888,10.5956512
43.0286771,10.6009303
43.026071,10.5962518
43.0234065,10.5759294
43.0239595,10.6073948
43.0292199,10.5959633
43.0299032,10.5982507
43.031349,10.5966809
43.0307128,10.5957422
43.0080972,10.5905345
43.026221,10.5960289
43.0253702,10.6076527
43.0304109,10.5952862
43.0257378,10.6025692
43.0193586,10.5718607
43.0289334,10.5996793
43.0320819,10.598097
43.0276099,10.6012933
43.0318061,10.6018305
43.0176119,10.587015
43.0245235,10.6070759
43.0300517,10.5982876
43.0313838,10.6011948
43.0280206,10.5969071
43.0240669,10.6076779
43.0238866,10.6074511
43.0192559,10.5716685
43.0294253,10.5939416
43.0312591,10.5950231
43.0269693,10.6026893
43.0313026,10.6030438
43.0241829,10.5926607
43.0297232,10.5982183
43.0318918,10.5980095
43.0142037,10.5654303
43.0307473,10.5940684
43.0319393,10.5950187
43.0264722,10.6035763
43.0287813,10.5974911
43.0240956,10.5958172
43.0256115,10.5945435
43.0320763,10.5977419
43.0300785,10.5984074
43.0339083,10.5944923
43.0297562,10.5969107
43.0259128,10.6042231
43.0081192,10.5907844
43.0302117,10.5985796
43.0250159,10.6064877
43.0301197,10.5948678
43.0298001,10.594397
43.0309961,10.5961727
43.0254006,10.5757134
43.0275861,10.6002785
43.0292668,10.6001993
43.0296403,10.6007789
43.014187,10.5656167
43.0300418,10.5985086
43.0298227,10.592879
43.0175793,10.5980163
43.025786,10.6017598
43.0177201,10.5963101
43.0250778,10.6012116
43.0267305,10.5991724
43.0199994,10.5998967
43.023561,10.6047986
43.0253633,10.6060575
43.0171691,10.5976935
43.0174429,10.5969954
43.0278482,10.6009986
43.0270792,10.5986737
43.023875,10.6052415
43.0207023,10.6004505
43.0249688,10.6001151
43.024113,10.6049295
43.024313,10.6058473
43.019716,10.5978903
43.0194291,10.5985707
43.0245671,10.6024058
43.0190317,10.5995298
43.0233811,10.6045449
43.0181507,10.5966525
43.0205865,10.5994753
43.0265927,10.6013795
43.0212715,10.599095
43.0178623,10.5973336
43.0249334,10.6015359
43.0261863,10.6010666
43.0261083,10.599452
43.0238054,10.6044961
43.0205666,10.5985372
43.0191498,10.5992308
43.0202804,10.5992233
43.0352355,10.5971408
43.0351118,10.5994685
43.00667,10.5878117
43.0339145,10.5972362
43.0365363,10.5962444
43.0380181,10.5951399
43.0333972,10.5977129
43.02692,10.6098715
43.0362253,10.5963617
43.0290635,10.6070775
43.0357187,10.5963455
43.0354123,10.5994932
43.0276117,10.6108366
43.0376098,10.5995173
43.0332283,10.5963577
43.0352604,10.595085
43.0079998,10.5858724
43.0352526,10.5955724
43.0377022,10.6003862
43.0208517,10.6116135
43.0378117,10.5996343
43.0331187,10.5991055
43.0365651,10.6048013
43.0358155,10.5984013
43.0297679,10.6080642
43.0352419,10.5963325
43.0383756,10.5948597
42.9904149,10.5013635
43.0247802,10.5966746
43.0240781,10.5976918
42.9904411,10.5018831
42.9905575,10.5020023
42.9311385,10.5220618
42.9242008,10.538266
42.9330353,10.5218535
42.9222363,10.5351747
42.9301987,10.5235984
42.9250045,10.5278961
42.9256594,10.535604
42.9398967,10.5168913
42.9325823,10.5199366
42.9356892,10.5227154
42.9309756,10.5203696
42.9402939,10.5193359
42.9424792,10.5177032
42.9224562,10.5346084
42.9401809,10.519342
42.9329057,10.5181032
42.9321732,10.5227408
42.9262401,10.5279525
42.9208399,10.5376203
42.9220717,10.5410813
42.9305155,10.5166077
42.9216248,10.5317506
42.9307664,10.5182021
42.9265152,10.5270753
42.9357336,10.5242352
42.9307458,10.5178396
42.9312686,10.5234081
42.9313236,10.5181506
42.9330515,10.5197225
42.9254553,10.5264542
42.9319431,10.5227874
42.9260663,10.5285159
42.9299749,10.5183417
42.9297932,10.5194133
42.9251495,10.5229236
42.9246175,10.523481
42.9258146,10.5299163
42.9315137,10.5233636
42.9427181,10.5176321
42.9319432,10.5180936
42.9307907,10.525433
42.93227,10.5218646
42.923501,10.5250157
42.9357435,10.518998
42.9248764,10.5245549
42.9369299,10.5180019
42.9421159,10.5177921
42.9218173,10.5416759
42.9324207,10.5180471
42.9292554,10.5223826
42.9352904,10.5241423
42.9270986,10.5186533
42.9425915,10.5174661
42.9320976,10.5200397
42.9212925,10.5373914
42.9308835,10.5194624
42.9354427,10.5225948
42.9314723,10.5201605
42.92971,10.518623
42.9355392,10.5229698
42.9304403,10.5257341
42.9299006,10.5205419
42.9301274,10.5228428
42.9235423,10.5241308
42.9350976,10.5225742
42.9265151,10.519157
42.9412437,10.5179928
42.9226818,10.5255872
42.9300694,10.5222712
42.9389398,10.5169779
42.9254514,10.5390153
42.9309495,10.5201897
42.9310304,10.5209433
42.930769,10.5259452
42.9323373,10.5225512
42.9275104,10.5182866
42.9241839,10.5233969
42.9676465,10.5464828
42.9697762,10.5484479
42.9240727,10.5243028
42.9698236,10.5548
42.9723224,10.5502829
42.9239794,10.5251191
42.9703109,10.552044
42.9239204,10.5256863
42.9236929,10.5329303
42.9713369,10.5479981
42.9673643,10.5443024
42.9694007,10.5459952
42.9268842,10.531102
42.9227248,10.5287155
42.9275375,10.5287201
42.945441,10.5331661
42.9230016,10.5289316
42.9274198,10.5299934
42.9235725,10.5294923
42.9432368,10.5371159
42.9226175,10.5283607
42.9247636,10.5220912
42.9426231,10.5358784
42.9444985,10.5347386
43.0579353,10.6108903
43.0603183,10.6144437
43.0596467,10.6105752
43.0616216,10.610959
43.0611908,10.6116735
43.0613753,10.6150416
43.0614558,10.615075
43.0601988,10.6112642
43.0603292,10.6131996
43.0617032,10.6122457
43.0610041,10.6117427
43.0593237,10.6108921
43.0592043,10.6118362
43.0603409,10.6139273
43.0598212,10.6118361
43.0592924,10.6113838
43.0586443,10.6103324
43.0476457,10.5733565
43.0168386,10.6165306
43.0092359,10.607191
42.9842079,10.5855297
42.9478979,10.5059172
42.9973308,10.5399582
42.9962109,10.5382296
42.9965109,10.5402487
42.9955708,10.5339154
43.0498785,10.6655438
43.0583827,10.6857387
43.0341749,10.7114044
43.0365121,10.7060388
43.0382778,10.6792506
43.0316335,10.6526013
43.0238839,10.675501
43.033543,10.6572043
43.0239397,10.6753559
43.0368459,10.6699378
43.0262894,10.5835207
43.0075523,10.6427124
43.0465265,10.5748641
43.0445839,10.5780646
43.0289403,10.5794437
43.0264528,10.6366215
43.0120593,10.622401
42.9776746,10.555978
42.9771458,10.5577411
42.9792007,10.560979
42.9782266,10.5582082
42.9638979,10.5342032
42.9632076,10.5365748
42.9631606,10.5319915
42.966081,10.5927195
42.9553977,10.620869
42.9669135,10.6267824
42.9272773,10.533571
42.926876,10.5328765
42.925411,10.5314286
42.9250216,10.5310783
42.9250786,10.5310733
42.9259248,10.5319796
42.9696087,10.5550254
43.0021118,10.5904904
42.980517,10.6062885
42.9976008,10.5969716
42.9763782,10.6175293
42.9669294,10.6281623
43.0320301,10.5981691
42.9280015,10.5329186
42.9280921,10.5330838
42.9281508,10.5328924
42.9264478,10.5280813
42.927322,10.5285983
42.9275639,10.5334686
42.9301146,10.5256883
43.0312855,10.5999787
43.0308859,10.5993691
43.0304879,10.6010605
43.0316093,10.6009902
43.0346244,10.6007162
43.0358994,10.6035583
43.0335447,10.6046801
43.0318919,10.6036602
43.0346916,10.5994586
43.0344654,10.5965777
43.0362824,10.5945558
43.0322268,10.5990188
43.0348254,10.6032546
43.0315122,10.5984699
43.0358682,10.6040852
43.0348494,10.6015893
43.033082,10.6023427
43.0345496,10.6031707
43.0363321,10.5952087
43.0337721,10.6007119
43.0346713,10.6024431
43.0331938,10.6031044
43.0367937,10.6046159
43.031225,10.6020293
43.0350955,10.6033341
43.0347878,10.5971109
43.0341468,10.5992349
43.0329565,10.6036838
43.0353091,10.6015283
43.0319605,10.5991025
43.0348716,10.601489
43.033479,10.6015246
43.0355927,10.6010625
43.0362228,10.6037939
43.0266575,10.6024511
43.026695,10.6084867
43.0300025,10.5992874
43.0265769,10.605584
43.0277304,10.6022268
43.0255784,10.6069296
43.0261619,10.6061121
43.0296587,10.5987709
43.026204,10.6050284
43.0303821,10.599863
43.0355026,10.5940357
43.0266985,10.598105
43.0331385,10.5954482
43.026008,10.5982482
43.0253033,10.5992635
43.0253085,10.5973485
43.033509,10.5960129
43.029557,10.5940497
43.0302472,10.5935779
43.0313701,10.6093459
43.0317729,10.612466
43.0309311,10.6004555
43.0348291,10.5961043
43.0352412,10.5966308
43.0169376,10.594866
43.0252497,10.6120325
43.0258043,10.6178459
43.0307799,10.5993807
43.0308974,10.599235
43.0307865,10.5991969
43.0586026,10.6258856
43.058804,10.6173015
43.058802,10.6162245
43.0592463,10.6168963
43.0594531,10.6235475
43.0595487,10.6211579
43.0601221,10.614552
43.0616197,10.6191763
43.0274645,10.6030628
42.9675568,10.5506885
42.9653224,10.5360547
42.9654283,10.5363708
42.9672772,10.5436884
42.9619499,10.5375348
42.9637587,10.5364594
42.9529363,10.5300633
42.9628374,10.5376987
42.9620232,10.5368113
42.9656665,10.5360966
43.0162395,10.5944453
43.0069379,10.6051324
42.9711876,10.551204
43.0177803,10.5957339
42.9646,10.5336355
42.9639209,10.5342019
43.0026817,10.5734931
42.9598142,10.5262087
42.9643095,10.5341719
43.008989,10.5782029
42.9646545,10.5356307
42.9678451,10.5480771
42.9646388,10.5351586
42.9646144,10.5341613
42.9643595,10.535127
42.9639405,10.5355881
42.9624224,10.5183167
43.024433,10.5962294
43.024918,10.5955199
43.0229569,10.5995576
43.0240532,10.5944337
42.9674649,10.5574158
42.9339905,10.5096556
42.9344304,10.5090637
42.9351963,10.5073181
42.9373721,10.5047721
42.937436,10.5044873
42.9374684,10.5041313
42.9376029,10.5043637
42.9379768,10.5057325
43.0345392,10.6045782
43.0409143,10.6367611
43.0345829,10.6047059
43.0535182,10.6126239
43.0409763,10.637069
43.053756,10.6130878
43.0416778,10.6362744
43.0536895,10.6552388
43.0404889,10.6378313
43.0432746,10.6399817
43.0410878,10.6348729
43.0428275,10.6400763
43.0440909,10.6319989
43.0537424,10.6125744
43.0535315,10.6128441
43.0340777,10.6046676
43.0577228,10.6150473
43.0546254,10.6132813
43.0445626,10.6314442
43.0344462,10.60488
43.034686,10.6104635
43.0345712,10.6047812
43.0386773,10.6282624
43.0359038,10.6211749
43.0343488,10.604621
43.0345727,10.6051159
43.0425011,10.6382042
43.0349908,10.6107451
43.0345067,10.6045503
43.0343479,10.604794
43.0403601,10.6374365
43.0348992,10.6101617
43.0506542,10.5489083
43.0223079,10.5589838
43.030455,10.564588
43.0392147,10.5889617
43.0633838,10.5630108
43.0126115,10.6540507
43.0127321,10.653495
43.0121428,10.6537139
43.0122674,10.6532861
42.9218929,10.5254478
42.9225785,10.5256068
42.9220107,10.5252556
42.9226015,10.5249311
42.9383256,10.5099387
42.9374045,10.5103632
42.9373084,10.5101779
42.9339968,10.5117711
42.9338779,10.5108654
42.9340339,10.5121211
42.9332848,10.5125444
42.9318621,10.5141519
42.9603397,10.605158
42.9350864,10.5183255
42.9301476,10.523046
42.9312169,10.5228838
42.9321587,10.5207272
42.9383327,10.5105549
42.9376218,10.5114023
42.9388399,10.5105708
42.9381911,10.5108956
42.9368275,10.5105648
42.9358629,10.5120443
42.9365544,10.5109875
42.9470393,10.6947001
42.9443869,10.7062376
42.9468987,10.6944214
42.9471111,10.6945437
42.9220441,10.5320766
42.9223717,10.5330349
42.9225792,10.5324266
42.9236443,10.5315815
42.9241306,10.5319173
42.9383329,10.5058719
42.9371103,10.50354
42.9388244,10.5034536
42.9382284,10.5008644
42.9378789,10.5032627
42.9391522,10.5011019
42.9385909,10.5055556
42.9346305,10.5003662
42.933888,10.5061479
42.9242496,10.5274586
42.9234477,10.5260827
42.9243045,10.526268
42.925316,10.5269053
42.9260409,10.5273255
42.9286099,10.521337
42.9286713,10.5210413
42.9370994,10.5178496
42.9668066,10.612924
42.9668061,10.6133176
42.9716694,10.6158008
42.9368597,10.5238787
42.9387038,10.5086691
42.938519,10.5085926
42.9384055,10.5086378
42.9384762,10.508232
42.9384346,10.5085757
42.9398555,10.5074481
42.9466066,10.5041768
42.9344634,10.5182799
42.9350076,10.5168842
42.9350972,10.5175574
42.935097,10.5176299
42.9356448,10.5213099
42.935814,10.5176685
42.9289639,10.519216
43.0213615,10.6009495
42.9375163,10.519387
42.9380687,10.5176887
42.938173,10.5195804
42.9415822,10.516119
42.9420394,10.5199695
42.9423451,10.5208695
42.9424832,10.5198685
42.9424919,10.5201706
42.9426061,10.519058
42.9429431,10.5196786
42.9381208,10.5307849
42.937076,10.5349892
42.937702,10.5359577
42.9379081,10.5352878
42.9380543,10.5348128
42.9382786,10.5363082
42.938491,10.5356155
42.9386804,10.5350081
42.9389004,10.5358589
42.9389725,10.5367076
42.9390516,10.5353678
42.9392201,10.5343819
42.9392386,10.536059
42.9392762,10.5359915
42.93951,10.5337244
42.9395714,10.5329876
42.939622,10.5352682
42.9396987,10.5371385
42.9397859,10.534912
42.9398271,10.5333149
42.9399338,10.5363955
42.9400285,10.5360835
42.9401928,10.5356008
42.9406024,10.5376719
42.9407368,10.5372142
42.9408292,10.5369029
42.940921,10.536595
42.9356173,10.5094947
42.9389425,10.5025644
42.940719,10.5030486
42.9411898,10.5013553
42.9273712,10.5292455
42.9279969,10.5325848
42.9281272,10.5296835
42.9283732,10.5291815
42.9424872,10.5168859
42.9430609,10.5156524
42.9430389,10.5177334
42.9436182,10.5173796
42.9437389,10.5178459
42.944417,10.5168972
42.9449976,10.5168389
42.9754288,10.5583702
42.9773681,10.5592446
42.9811929,10.5607483
42.9812024,10.5606455
43.0065627,10.5910919
43.006668,10.5910365
43.0092834,10.5930609
43.0096543,10.5934305
43.0116487,10.5993706
43.0198379,10.6018137
43.0198665,10.6017632
43.0248313,10.606984
43.0249411,10.6069444
42.9307304,10.5256631
43.0191956,10.5715257
43.0193573,10.5714265
43.0194426,10.5715707
43.0365588,10.5922239
43.039294,10.5888632
43.0400772,10.589804
43.0319172,10.5981394
43.0319677,10.597909
43.0344042,10.6045524
43.0348084,10.6009759
43.0350029,10.6008998
42.970486,10.6738322
42.9715764,10.6722233
42.9724373,10.6714121
42.9468601,10.6945443
42.9673084,10.6612433
42.9707097,10.6707873
42.9377551,10.5248126
42.9381428,10.5238669
42.9383208,10.5230406
42.9398401,10.5249995
42.9399343,10.5244714
42.9399505,10.5236658
42.9418635,10.5338223
42.9428517,10.535186
43.0354295,10.6028634
43.0355218,10.6023165
43.0361813,10.5948283
43.0366063,10.5959617
43.0373413,10.5956385
43.0377408,10.5977134
43.0379232,10.599194
42.9212535,10.5394954
42.9213762,10.5384398
42.9215538,10.5396376
42.9216987,10.5407984
42.9257281,10.5391848
42.925728,10.5357688
42.9261602,10.545682
42.9271394,10.5468822
42.9595706,10.5159398
43.0437562,10.5833572
43.0441451,10.5832887
43.0442498,10.5830867
43.0444061,10.5825399
43.0454259,10.5812803
43.0344483,10.6042436
43.0176923,10.5956752
43.0178091,10.5955487
43.0112803,10.5919397
43.0113515,10.5924914
43.0116445,10.5920821
43.0566916,10.6915174
43.0502601,10.5650213
42.954796,10.6354786
42.9573585,10.5257806
42.9593012,10.5259035
42.9597289,10.525045
42.9601435,10.5195741
43.0321189,10.6020858
43.0255366,10.6046707
42.9374897,10.518478
42.9263207,10.5242049
42.9263409,10.5258154
42.9234906,10.5267634
42.924219,10.5269365
42.9376679,10.5207619
42.9412301,10.5234848
42.9412221,10.5219469
42.9403397,10.522215
42.9395188,10.5223209
42.9409285,10.5235504
42.9409237,10.5247686
42.9399564,10.5174114
42.9405588,10.5176187
42.9400534,10.5182455
42.9400694,10.5183835
42.9422582,10.5177583
42.94123,10.5171404
42.9394708,10.5189464
42.9386471,10.518916
42.9393691,10.5180908
42.9385879,10.5184519
42.9408948,10.5012823
42.9419694,10.5000768
42.9380835,10.5018134
42.9371323,10.5015486
42.9377113,10.5003605
42.9371712,10.5012676
42.9370228,10.5015216
42.9374382,10.5040813
42.9363485,10.5023015
42.9223596,10.5283995
42.9214614,10.5285025
42.9224602,10.5288185
42.9219845,10.5285014
42.9226544,10.5242742
42.9227579,10.5281917
42.9242012,10.5289226
42.923825,10.5299906
42.9218387,10.5315478
42.9222943,10.5322473
42.9220137,10.5330545
42.9262965,10.5299254
42.9261235,10.5341206
42.9264289,10.5336768
42.9244659,10.5311048
42.9239665,10.5307361
42.9398387,10.5366961
42.9401046,10.5359084
42.9398008,10.5368157
42.9821482,10.6807087
42.9806165,10.6854647
42.9801474,10.6842605
42.978263,10.6816759
42.9806942,10.6858201
42.9797656,10.6837024
42.9806314,10.6865731
42.9810184,10.6876212
42.9810595,10.6872746
42.9807574,10.6892788
42.9800781,10.6885635
42.9808295,10.6886635
42.9800735,10.6871123
42.979859,10.6838333
42.9783869,10.6863862
42.9787534,10.6848927
42.9785703,10.6857464
42.9799978,10.6858014
42.9800625,10.6850974
42.9799346,10.6865246
42.9796392,10.6865483
42.9794164,10.6880033
42.9795764,10.6869138
42.9783971,10.6866045
42.9781573,10.6864732
42.9787796,10.6823673
42.9808694,10.6824867
42.9817601,10.6814723
42.9812822,10.6852913
42.9824147,10.685073
42.980566,10.6828303
42.9794482,10.6813991
42.9809773,10.6810133
42.9811335,10.6821966
42.9720222,10.6732201
43.0364815,10.5966051
43.0275549,10.6020663
43.0541315,10.6105775
43.0600164,10.6144314
43.0588355,10.6165543
43.0593442,10.6168743
43.0609095,10.6173278
43.0610377,10.6166126
43.0608091,10.6145377
43.0599873,10.6166555
43.0614961,10.6114199
43.0620291,10.6120743
43.0623623,10.6114896
43.0618939,10.6110121
43.0625663,10.60708
43.0608498,10.6111171
43.0597208,10.609714
42.995283,10.5385424
42.9958401,10.5390389
42.9944842,10.5393793
42.9963099,10.5389015
42.995389,10.539158
42.9966583,10.5388471
42.9971395,10.5387105
42.996375,10.5393286
42.995956,10.5398998
42.9335614,10.5170492
42.9316363,10.5219824
42.9317122,10.5227993
43.0398209,10.6103522
43.0509851,10.6135937
43.0332567,10.5666643
43.0109648,10.5726457
43.0159498,10.5765371
42.980075,10.6879787
42.9711586,10.6720118
43.0315829,10.5996165
43.0320835,10.597818
43.0321805,10.5976607
43.0659842,10.5612174
42.9278533,10.5302381
42.9844975,10.5856211
42.9845029,10.585392
42.9847374,10.5856816
42.9790254,10.6814979
42.9797367,10.6813251
42.9800355,10.6829628
42.9799989,10.6835013
42.9804426,10.682228
42.9825803,10.680608
43.0125529,10.65392
43.0347717,10.6045419
43.0609775,10.6128864
43.0600378,10.6130735
43.0603299,10.6141005
43.0610844,10.6141155
43.0610085,10.6095099
43.0611186,10.6096938
43.0620726,10.6107546
43.0590342,10.6128659
43.0593318,10.6126858
43.0573472,10.6112333
43.0615227,10.6177645
43.0579119,10.6107825
43.0585649,10.6081922
43.0588732,10.6108449
43.0626376,10.6514144
42.9791956,10.5570786
42.9787953,10.557135
42.9788783,10.5572601
42.9263264,10.5419496
42.9216709,10.5318627
42.9217192,10.5317375
42.9242746,10.5315652
42.9244083,10.5333192
42.9244511,10.533407
42.9244671,10.5332099
42.9244689,10.5315931
42.9244717,10.5360043
42.9245282,10.5334002
42.9245412,10.5332396
42.9245363,10.5311595
42.9245333,10.5305328
42.9245548,10.5360003
42.9245497,10.5316013
42.9245415,10.5306315
42.9246114,10.5306589
42.9246214,10.5304943
42.9253322,10.5383101
42.9254487,10.5228641
42.9254517,10.5230183
42.9261337,10.5302925
42.9267266,10.5342736
42.926772,10.5344258
42.9269605,10.5341873
42.9275839,10.531429
42.927669,10.5316464
42.9276916,10.531467
42.9280162,10.5328868
42.9281624,10.5330113
42.9281941,10.5297469
42.928493,10.5287999
42.9285916,10.5213997
42.9286341,10.521487
42.9286634,10.5282695
42.9286933,10.5209059
42.9287066,10.5213326
42.9287253,10.5213739
42.9287388,10.5286569
42.9287704,10.5285693
42.9288112,10.5286475
42.9289778,10.5203096
42.9289761,10.5172181
42.9294367,10.5212911
42.9298669,10.5201879
42.9299094,10.5171454
42.937538,10.5033546
42.9375636,10.5031828
42.937654,10.523009
42.9377595,10.5230398
42.9380266,10.5229165
42.9381319,10.5035104
42.9381577,10.5033417
42.9383483,10.500002
42.9529067,10.539167
42.9574292,10.5378695
43.0372035,10.5952166
43.0373915,10.594713
42.9667392,10.6056852
42.9667282,10.6044837
42.9661055,10.6050619
42.9665144,10.6048818
42.9667334,10.6050577
42.9665458,10.6052412
43.0475182,10.6738835
42.9671555,10.661285
42.9671784,10.6615917
42.999849,10.5291726
43.0000076,10.5293862
42.9996694,10.5293352
42.9997749,10.5296328
42.9672014,10.5479633
42.989331,10.4911871
43.0520149,10.6191904
42.9953063,10.5340279
42.9955913,10.5341082
42.9956265,10.5341888
42.9956372,10.5340701
42.9958369,10.5337577
43.0608183,10.615911
43.0613167,10.6174808
43.0437954,10.7108779
43.0440473,10.7092779
42.931304,10.5396309
42.9822679,10.680888
43.0191987,10.6136276
43.0116004,10.6396072
43.0545934,10.6220081
42.9217235,10.5289555
42.9214585,10.5297925
42.9212456,10.5255226
42.9229798,10.528984
42.9228328,10.5254295
42.9225751,10.5258663
42.9227186,10.5258619
42.9285416,10.5452614
42.9516894,10.6831687
42.9517382,10.683355
42.979,10.6863824
43.0239821,10.5935449
43.0243448,10.5940098
43.0237047,10.594363
43.0241364,10.5937427
42.9462513,10.6943651
43.0553954,10.7219672
42.962802,10.5434202
42.928024,10.5458589
42.9282297,10.5456241
42.9282588,10.5459618
43.067804,10.691893
42.9355931,10.5193042
42.9556069,10.6164357
43.0427779,10.6389378
43.0425639,10.6393511
43.0418711,10.6392988
43.0593065,10.6111432
43.0600007,10.6114272
43.0590281,10.6115453
43.0583625,10.6096246
43.0580759,10.6103232
43.0176076,10.5871568
43.0188023,10.587534
43.0163701,10.5889384
43.0163927,10.5890694
43.0143232,10.565086
43.0504949,10.6134926
43.0233775,10.5944614
43.0237258,10.5949095
43.0161515,10.5886998
43.0160534,10.5885888
43.0334365,10.5945554
43.0346672,10.5945816
43.0385118,10.5948047
43.0262656,10.6086073
43.0264236,10.6087965
43.0263647,10.6086177
43.0266312,10.608568
43.0263827,10.6088875
43.0262073,10.6088518
43.0263433,10.6090513
43.0258082,10.6082537
43.0262444,10.6089006
43.0298811,10.5985091
43.0347461,10.610508
43.0347783,10.6104161
43.0269029,10.6041662
43.0300602,10.6039467
43.0305246,10.6033664
43.0324828,10.6034084
43.0342907,10.5977674
43.0345785,10.5992418
43.0361252,10.5949786
43.0329017,10.5967551
43.0325319,10.5961881
43.0275982,10.5985545
42.9452147,10.5150583
42.9447861,10.5160587
42.9454031,10.5157448
42.9455711,10.516345
42.9451461,10.5158773
42.9452725,10.5163225
42.9445675,10.5152528
42.9446241,10.5154614
42.9450962,10.5167838
42.9366143,10.5322999
42.9361149,10.5338413
42.9360106,10.533886
42.9370131,10.5351203
42.9348272,10.52484
43.0378668,10.5992643
43.037861,10.5994134
43.0376791,10.5995093
42.9333237,10.5051269
42.9315245,10.5417653
42.9315483,10.5417224
42.9317299,10.5416906
42.9315827,10.5420438
43.0441971,10.6036551
43.0358186,10.5947627
43.0362195,10.5955275
43.0439871,10.6876163
43.0286681,10.5280282
43.0285962,10.5277668
43.0287478,10.5278234
43.0286417,10.5278904
42.9699529,10.555212
42.9698416,10.55494
42.9697608,10.5549079
42.9697701,10.5551067
43.0114746,10.5921926
43.0113715,10.5921783
42.9963966,10.5381763
43.0598164,10.616833
43.0014781,10.5274509
43.001913,10.5269513
43.0017338,10.5274107
43.0018816,10.5275635
43.0018105,10.527369
42.9822937,10.6806647
42.9823935,10.6807485
43.0384397,10.5945631
43.0389515,10.5934207
43.0082959,10.5908361
43.0080576,10.591065
43.0385354,10.5930432
43.0316922,10.6017356
43.0321508,10.6004761
43.0281946,10.6122147
43.0358097,10.5957003
43.0346348,10.5983799
43.0350107,10.6011163
43.0349497,10.6012484
43.0349116,10.6010489
43.0349952,10.6012141
43.0349008,10.6012361
43.0283116,10.6032454
43.0275856,10.6026095
43.0348667,10.6011112
43.0349504,10.6010437
43.0295145,10.5981117
43.0348298,10.6045189
42.9236573,10.526128
42.9238735,10.5268474
42.9219245,10.5299551
42.9396066,10.5102129
42.9396772,10.5137985
42.9463375,10.5441413
42.9442624,10.5526824
42.9383342,10.5056458
42.938087,10.5056381
42.9383644,10.5058097
42.9372365,10.5069184
42.93751,10.5065911
42.9375553,10.5066896
42.9386267,10.505525
42.9395075,10.5071903
42.9260177,10.5455093
42.9632123,10.5364698
42.9611207,10.5369109
42.9653206,10.5366487
42.9674209,10.54813
42.9672717,10.5485276
42.9674258,10.5482178
42.9675078,10.5481578
43.063814,10.688578
43.0347185,10.6126679
43.034837,10.6126512
43.0349136,10.6127702
43.0349094,10.6128762
43.0347553,10.6129835
43.0346719,10.612885
43.0344795,10.6126556
43.0349987,10.6125243
43.0348649,10.6132456
43.0354772,10.6009309
43.0003745,10.5993901
42.9407833,10.5344144
42.940154,10.5339616
42.9370321,10.5355532
42.9369509,10.5350804
42.9390119,10.536731
42.9397501,10.5349897
42.9372017,10.5347756
42.9290912,10.5253756
42.9281578,10.5246452
42.9288336,10.5192387
42.9376648,10.5067453
42.9376188,10.5065967
42.925355,10.5229874
42.9277386,10.5280923
42.9285696,10.528565
42.9365715,10.5026564
42.9367511,10.5029262
42.936779,10.5027936
42.9368015,10.5027843
42.9370705,10.5032629
42.9369586,10.5032746
42.9358246,10.5013677
42.9377074,10.504536
42.9331265,10.5082081
42.9357381,10.5014601
42.9356803,10.5013003
42.9358097,10.5012908
42.9370386,10.5031296
42.9369366,10.5030199
42.9401339,10.4997186
42.9399294,10.501027
42.9393735,10.4997008
42.9392294,10.5009302
42.9393088,10.508301
42.9380918,10.5061086
42.9349034,10.5119357
42.9344403,10.5131919
42.9341095,10.5129163
42.9358486,10.518819
42.9356106,10.5187769
42.9349473,10.5091261
42.9354835,10.5081797
42.9356621,10.5083021
42.935711,10.5084431
42.9344805,10.5178134
42.9351963,10.516413
42.931483,10.5173877
42.9313661,10.5181467
42.9301193,10.5174986
42.9303859,10.517698
42.9307089,10.5174045
42.9416662,10.5162248
42.9415969,10.5164651
42.9415529,10.516272
42.9381398,10.5183459
42.9381067,10.5179073
42.9390727,10.5204542
42.9386327,10.5205563
42.9385064,10.5218678
42.9383628,10.5206087
42.9417471,10.5163288
42.934989,10.5225472
42.9386948,10.5198187
42.9324458,10.5230705
42.9957952,10.6131457
42.9262574,10.5456
42.9260032,10.5456914
42.9260086,10.5455621
42.9312939,10.5420735
42.9275582,10.5316331
42.9372727,10.5180024
42.9370928,10.5178788
42.9464829,10.5441016
42.9692979,10.5452697
42.9704805,10.54498
42.9326009,10.5229536
42.9324902,10.5229336
42.9324878,10.5228984
42.9325381,10.5228257
42.9348524,10.5198487
42.9338078,10.5228769
42.9344274,10.5197083
42.9347256,10.5197257
42.9346913,10.519843
42.9345746,10.5197989
42.933791,10.5227345
42.9339086,10.5227193
42.9339195,10.5228489
42.9325836,10.522839
42.9325456,10.5229925
42.934578,10.5196944
42.921696,10.5257355
42.922083,10.5253277
42.9230617,10.5221045
42.9227833,10.5243807
42.9293363,10.5250113
42.9302488,10.5241143
42.9246822,10.5292889
42.924913,10.5288133
42.9249345,10.529383
42.9247371,10.5292451
42.9237285,10.5274052
42.9300905,10.5211568
42.9302088,10.5222439
42.9324116,10.5206788
42.9687862,10.6662552
43.0091357,10.6231853
43.0100274,10.6248923
42.9908322,10.5742597
42.9669777,10.6129837
42.9666175,10.5924939
43.0191674,10.6041928
43.0150399,10.592579
43.0296801,10.6017789
43.037299,10.6092353
43.0282031,10.6015364
43.0461175,10.6657395
42.990388,10.5023013
43.0376612,10.5948967
43.0353242,10.5937937
43.0351765,10.5939871
43.0353693,10.593733
43.0354572,10.5937972
43.0354598,10.5938311
43.0353944,10.593919
43.0479123,10.5739224
43.0289249,10.5782752
43.0281737,10.5990721
43.0276108,10.5982852
43.0178505,10.6092095
43.0156217,10.5939357
42.9424806,10.5365486
42.9424882,10.5360675
42.9426645,10.5362812
42.9424561,10.5360718
42.9423173,10.5363598
43.0349069,10.6013552
43.0350915,10.6012268
43.0349916,10.6010725
42.9673277,10.6807736
42.926802,10.5314992
42.926973,10.5311845
42.9668425,10.6172354
42.9968266,10.5392461
42.9935226,10.5397626
42.9905828,10.5019573
42.9924621,10.5000993
42.9256258,10.5382891
42.9426443,10.5361933
42.9681639,10.5507241
43.0599372,10.6164728
42.9455427,10.5407424
42.9448056,10.5398983
42.9446444,10.5400784
42.9463005,10.5409182
42.9458916,10.540783
42.9458159,10.5409862
42.9460028,10.5413624
42.946164,10.5413444
42.9461278,10.5415578
42.9464247,10.5442391
42.9461559,10.5449463
42.9461295,10.5447628
42.9462088,10.5447887
42.9455505,10.5496595
42.9458075,10.5492946
42.9458529,10.5491177
42.9457534,10.5491991
42.9455943,10.5494848
42.9456649,10.5495292
42.9443898,10.5524762
42.9443673,10.5527564
42.9996608,10.5294171
42.9995516,10.529695
42.9996734,10.52896
42.999839,10.5291718
43.000111,10.5290537
42.9677968,10.5528562
42.967974,10.5531443
42.9678825,10.5543266
42.9678985,10.5541866
42.9682982,10.5541952
42.968083,10.554577
42.9680348,10.5545659
42.9681674,10.5540099
42.9577324,10.5378004
42.9578872,10.5377112
42.9332163,10.5149068
42.9335248,10.5151512
42.9328297,10.5152692
42.9345865,10.5120063
43.060061,10.6129806
42.9582203,10.5377521
42.9580554,10.537955
42.9579967,10.5377758
42.9576999,10.5380273
